event_id,event_type,event_tags,event_timestamp_local,event_title,event_status
AwAAAZTz1JWYjPdJ9QAAABhBWlR6MUpjckFBQjB5VGcwUk5FZWZPZGYAAAAkMDE5NGYzZDQtYWQwOC00M2FmLWI0NDItYjgyZTljNTA0YzhhAAAAGQ,event,"check_status:live, check_type:api-dns, ci_execution_rule:blocking, criticality:prod, env:prod, monitor, probe_dc:pl:hq-prod-1-3513f5b522a833600df2309408c22ed3, service:dns, source:alert, team:network",2025-02-11 15:06:23,[Triggered] Test on trms-ui-dev.adb.org via WPAD1 - Network,error
AwAAAZTzuRpwfoCg8AAAABhBWlR6dVI1VEFBQl9BdzZDZWFsR1BVMVIAAAAkMDE5NGYzYmEtM2I4MC00OGMyLWE5M2UtZGQwNjA2Y2Y2MTU4AAAGQQ,event,"check_status:live, check_type:api-dns, ci_execution_rule:blocking, criticality:prod, env:prod, monitor, probe_dc:pl:hq-prod-1-3513f5b522a833600df2309408c22ed3, service:dns, source:alert, team:network",2025-02-11 14:36:22,[Recovered] Test on trms-ui-dev.adb.org via WPAD1 - Network,success
AwAAAZTzuP8YptUTQgAAABhBWlR6dVFIb0FBQkItREF3MlFwektvV2IAAAAkMDE5NGYzYmEtM2I4MC00OGMyLWE5M2UtZGQwNjA2Y2Y2MTU4AAAGQA,event,"check_status:live, check_type:api-dns, ci_execution_rule:blocking, criticality:prod, env:prod, monitor, probe_dc:pl:hq-prod-1-3513f5b522a833600df2309408c22ed3, service:dns, source:alert, team:network",2025-02-11 14:36:15,[Recovered] trms-ui-dev.adb.org DNS resolution via DNS1 - Network,success
AwAAAZTztVGwYCwt1wAAABhBWlR6dFZXZUFBRF81d0ZNcFAyYmZMcTkAAAAkMDE5NGYzYmEtM2I4MC00OGMyLWE5M2UtZGQwNjA2Y2Y2MTU4AAAF7w,event,"availability-zone:hq, criticality:non-prod, criticality:prod, db:oracle, dd_agent_key:adb, dd_agent_pythonv:3.12.6, dd_agent_version:7.60.1, domain_name:adb.org, env:dev, env:prod, host:lvddb02.adb.org, ip_subnet2:172.22, ip_subnet3:172.22.130, ip_subnet:172, mac_address:00_21_f6, mac_vendor:oracle, machine:x86_64, monitor, os_cpu_cores:8, os_cpu_vcores:8, os_disk_rootc:12gb, os_memory:188gb, os_version:redhat_8.10, os_version_release:redhat_8, os_version_windows:none, platform:linux, risk:financial, role:database, service:alms, service:asiadatamobile, service:cognos, service:cpd, service:eserve, service:glbpymnt, service:ids, service:ifirst, service:jboss, service:jbrms, service:jira, service:myadb, service:non_erp, service:nso, service:odg, service:ods, service:sdbs, service:ssc, service:tacp, service:taportal, service:tms, service:trms, source:alert, system:cognos, team:dba, team:risk, usage:dev_db",2025-02-11 14:32:14,[Recovered on {host:lvddb02.adb.org}] TRMS Hosts Data Dog Agent Check - FIN,success
AwAAAZTztTZY6420GgAAABhBWlR6dFRuMEFBQ1RWWGtTM28wWVhtMlMAAAAkMDE5NGYzYmEtM2I4MC00OGMyLWE5M2UtZGQwNjA2Y2Y2MTU4AAAF0A,event,"availability-zone:hq, criticality:non-prod, criticality:prod, dashboard:non-prod, db:oracle, dd_agent_key:adb, dd_agent_pythonv:3.12.6, dd_agent_version:7.60.1, domain_name:adb.org, env:dev, env:prod, host:lvddbfix.adb.org, ip_subnet2:172.22, ip_subnet3:172.22.130, ip_subnet:172, mac_address:00_21_f6, mac_vendor:oracle, machine:x86_64, monitor, os_cpu_cores:4, os_cpu_vcores:4, os_disk_rootc:12gb, os_memory:47gb, os_version:redhat_8.10, os_version_release:redhat_8, os_version_windows:none, platform:linux, risk:financial, role:database, service:alms, service:asiadatamobile, service:cpd, service:eserve, service:glbpymnt, service:ids, service:ifirst, service:jboss, service:jbrms, service:jira, service:myadb, service:non_erp, service:nso, service:odg, service:ods, service:sdbs, service:ssc, service:tacp, service:taportal, service:tms, service:trms, source:alert, system:alms, system:asiadatamobile, system:cpd, system:eserve, system:glbpymnt, system:ids, system:ifirst, system:jboss, system:jbrms, system:jira, system:myadb, system:non_erp, system:nso, system:odg, system:ods, system:sdbs, system:ssc, system:tacp, system:taportal, system:tms, system:trms, team:dba, team:risk",2025-02-11 14:32:07,[Recovered on {host:lvddbfix.adb.org}] TRMS Hosts Data Dog Agent Check - FIN,success
AwAAAZTztSa4Kn2g8AAAABhBWlR6dFN0WUFBQjZyQ0VyUmtJNW5qUVAAAAAkMDE5NGYzYmEtM2I4MC00OGMyLWE5M2UtZGQwNjA2Y2Y2MTU4AAAFyg,event,"availability-zone:hq, criticality:prod, dashboard:prod, dd_agent_key:adb, dd_agent_pythonv:3.12.6, dd_agent_version:7.60.1, domain_name:asiandevbank.org, env:prod, host:lpdb02.asiandevbank.org, ip_subnet2:172.23, ip_subnet3:172.23.15, ip_subnet:172, mac_address:00_21_f6, mac_vendor:oracle, machine:x86_64, monitor, os_cpu_cores:24, os_cpu_vcores:24, os_disk_rootc:12gb, os_memory:61gb, os_version:redhat_7.9, os_version_release:redhat_7, os_version_windows:none, platform:linux, risk:financial, role:attestation, role:database, service:cognos, service:non_erp, service:tacp, service:trms, source:alert, system:cognos, system:non_erp, system:tacp, system:trms, team:dba, team:risk, team:storage, usage:prod_db",2025-02-11 14:32:03,[Recovered on {host:lpdb02.asiandevbank.org}] TRMS Hosts Data Dog Agent Check - FIN,success
AwAAAZTztNyA5M3CvQAAABhBWlR6dE9FTUFBQTJmcnU1V0EwTVV3S20AAAAkMDE5NGYzYmEtM2I4MC00OGMyLWE5M2UtZGQwNjA2Y2Y2MTU4AAAGMg,event,"check_status:live, check_type:api-dns, ci_execution_rule:blocking, criticality:prod, env:prod, monitor, probe_dc:pl:hq-prod-1-3513f5b522a833600df2309408c22ed3, service:dns, source:alert, team:network",2025-02-11 14:31:44,[Triggered] trms-ui-dev.adb.org DNS resolution via DNS1 - Network,error
AwAAAZTztIaQ6pJ2ZQAAABhBWlR6dElyVEFBQ0ZDbG05YS0zMVpJOHgAAAAkMDE5NGYzYmEtM2I4MC00OGMyLWE5M2UtZGQwNjA2Y2Y2MTU4AAAGIw,event,"check_status:live, check_type:api-dns, ci_execution_rule:blocking, criticality:prod, env:prod, monitor, probe_dc:pl:hq-prod-1-3513f5b522a833600df2309408c22ed3, service:dns, source:alert, team:network",2025-02-11 14:31:22,[Triggered] Test on trms-ui-dev.adb.org via WPAD1 - Network,error
AwAAAZTztDSIg-5nSAAAABhBWlR6dERhWUFBQ3VkT3BFbWU3WE1VemcAAAAkMDE5NGYzYjQtNDgxMC00N2UzLTg3Y2QtOWI3ZWQzYjhhNGUwAAAD5Q,event,"availability-zone:hq, criticality:non-prod, criticality:prod, db:oracle, dd_agent_key:adb, dd_agent_pythonv:3.12.6, dd_agent_version:7.60.1, domain_name:adb.org, env:prod, env:test, host:lvtdb01.adb.org, ip_subnet2:172.22, ip_subnet3:172.22.130, ip_subnet:172, mac_address:00_21_f6, mac_vendor:oracle, machine:x86_64, monitor, os_cpu_cores:8, os_cpu_vcores:8, os_disk_rootc:12gb, os_memory:123gb, os_version:redhat_8.10, os_version_release:redhat_8, os_version_windows:none, platform:linux, risk:financial, role:database, service:alms, service:asiadatamobile, service:cognos, service:eserve, service:filenet, service:gfis-app, service:glbpymnt, service:ids, service:jboss, service:jbrms, service:jira, service:non_erp, service:nso, service:odg, service:ods, service:sdbs, service:ssc, service:tacp, service:taportal, service:tms, service:trms, source:alert, system:cognos, team:dba, team:risk, usage:test_db",2025-02-11 14:31:01,[Recovered on {host:lvtdb01.adb.org}] TRMS Hosts Data Dog Agent Check - FIN,success
AwAAAZTzqTQgcTjJLwAAABhBWlR6cVRiakFBQTNSbjdkZDNGSWM4Ni0AAAAkMDE5NGYzYWUtMzU2MC00Mjc0LWIyZmMtYTRlODhlNjNlM2Y1AAADWg,event,"availability-zone:hq, criticality:prod, dashboard:prod, dd_agent_key:adb, dd_agent_pythonv:3.12.6, dd_agent_version:7.60.1, domain_name:asiandevbank.org, env:prod, host:lpdb02.asiandevbank.org, ip_subnet2:172.23, ip_subnet3:172.23.15, ip_subnet:172, mac_address:00_21_f6, mac_vendor:oracle, machine:x86_64, monitor, os_cpu_cores:24, os_cpu_vcores:24, os_disk_rootc:12gb, os_memory:61gb, os_version:redhat_7.9, os_version_release:redhat_7, os_version_windows:none, platform:linux, risk:financial, role:attestation, role:database, service:cognos, service:non_erp, service:tacp, service:trms, source:alert, system:cognos, system:non_erp, system:tacp, system:trms, team:dba, team:risk, team:storage, usage:prod_db",2025-02-11 14:19:00,[Triggered on {host:lpdb02.asiandevbank.org}] TRMS Hosts Data Dog Agent Check - FIN,error
AwAAAZTzqTQgMrKvNAAAABhBWlR6cVRZX0FBQndScndheFo0M1F5X2YAAAAkMDE5NGYzYWUtMzU2MC00Mjc0LWIyZmMtYTRlODhlNjNlM2Y1AAADVw,event,"availability-zone:hq, criticality:non-prod, criticality:prod, db:oracle, dd_agent_key:adb, dd_agent_pythonv:3.12.6, dd_agent_version:7.60.1, domain_name:adb.org, env:prod, env:test, host:lvtdb01.adb.org, ip_subnet2:172.22, ip_subnet3:172.22.130, ip_subnet:172, mac_address:00_21_f6, mac_vendor:oracle, machine:x86_64, monitor, os_cpu_cores:8, os_cpu_vcores:8, os_disk_rootc:12gb, os_memory:123gb, os_version:redhat_8.10, os_version_release:redhat_8, os_version_windows:none, platform:linux, risk:financial, role:database, service:alms, service:asiadatamobile, service:cognos, service:eserve, service:filenet, service:gfis-app, service:glbpymnt, service:ids, service:jboss, service:jbrms, service:jira, service:non_erp, service:nso, service:odg, service:ods, service:sdbs, service:ssc, service:tacp, service:taportal, service:tms, service:trms, source:alert, system:cognos, team:dba, team:risk, usage:test_db",2025-02-11 14:19:00,[Triggered on {host:lvtdb01.adb.org}] TRMS Hosts Data Dog Agent Check - FIN,error
AwAAAZTzqTQgDVIMWAAAABhBWlR6cVRiT0FBQzhnQzVpNlZibVhQengAAAAkMDE5NGYzYWUtMzU2MC00Mjc0LWIyZmMtYTRlODhlNjNlM2Y1AAADWA,event,"availability-zone:hq, criticality:non-prod, criticality:prod, db:oracle, dd_agent_key:adb, dd_agent_pythonv:3.12.6, dd_agent_version:7.60.1, domain_name:adb.org, env:dev, env:prod, host:lvddb02.adb.org, ip_subnet2:172.22, ip_subnet3:172.22.130, ip_subnet:172, mac_address:00_21_f6, mac_vendor:oracle, machine:x86_64, monitor, os_cpu_cores:8, os_cpu_vcores:8, os_disk_rootc:12gb, os_memory:188gb, os_version:redhat_8.10, os_version_release:redhat_8, os_version_windows:none, platform:linux, risk:financial, role:database, service:alms, service:asiadatamobile, service:cognos, service:cpd, service:eserve, service:glbpymnt, service:ids, service:ifirst, service:jboss, service:jbrms, service:jira, service:myadb, service:non_erp, service:nso, service:odg, service:ods, service:sdbs, service:ssc, service:tacp, service:taportal, service:tms, service:trms, source:alert, system:cognos, team:dba, team:risk, usage:dev_db",2025-02-11 14:19:00,[Triggered on {host:lvddb02.adb.org}] TRMS Hosts Data Dog Agent Check - FIN,error
AwAAAZTzqTQgDKLTGwAAABhBWlR6cVRhQkFBQjhNT0ZHdDh4V2NOUXMAAAAkMDE5NGYzYWUtMzU2MC00Mjc0LWIyZmMtYTRlODhlNjNlM2Y1AAADWQ,event,"availability-zone:hq, criticality:non-prod, criticality:prod, dashboard:non-prod, db:oracle, dd_agent_key:adb, dd_agent_pythonv:3.12.6, dd_agent_version:7.60.1, domain_name:adb.org, env:dev, env:prod, host:lvddbfix.adb.org, ip_subnet2:172.22, ip_subnet3:172.22.130, ip_subnet:172, mac_address:00_21_f6, mac_vendor:oracle, machine:x86_64, monitor, os_cpu_cores:4, os_cpu_vcores:4, os_disk_rootc:12gb, os_memory:47gb, os_version:redhat_8.10, os_version_release:redhat_8, os_version_windows:none, platform:linux, risk:financial, role:database, service:alms, service:asiadatamobile, service:cpd, service:eserve, service:glbpymnt, service:ids, service:ifirst, service:jboss, service:jbrms, service:jira, service:myadb, service:non_erp, service:nso, service:odg, service:ods, service:sdbs, service:ssc, service:tacp, service:taportal, service:tms, service:trms, source:alert, system:alms, system:asiadatamobile, system:cpd, system:eserve, system:glbpymnt, system:ids, system:ifirst, system:jboss, system:jbrms, system:jira, system:myadb, system:non_erp, system:nso, system:odg, system:ods, system:sdbs, system:ssc, system:tacp, system:taportal, system:tms, system:trms, team:dba, team:risk",2025-02-11 14:19:00,[Triggered on {host:lvddbfix.adb.org}] TRMS Hosts Data Dog Agent Check - FIN,error
AwAAAZTyrjY4hMQyywAAABhBWlR5cmpuZkFBQmw5bTliZ0lXa3c0VkMAAAAkMDE5NGYzMjktZTY0OC00MzNhLWIwNjEtYTBjNjE0MzBiMzM5AAA8Ig,event,"env:dev, location:azure, monitor, priority:2, service:_trms, source:alert, team:fin",2025-02-11 09:44:51,[P2] [Recovered] [TRMS Azure AppService API] Log Error Monitor - FIN,success
AwAAAZTyqaJYu1FuhAAAABhBWlR5cWFYNkFBQktxeUU0WnJZT3pZekoAAAAkMDE5NGYzMjktZTY0OC00MzNhLWIwNjEtYTBjNjE0MzBiMzM5AAA8Hw,event,"env:dev, location:azure, monitor, priority:2, service:_trms, source:alert, team:fin",2025-02-11 09:39:51,[P2] [Triggered] [TRMS Azure AppService API] Log Error Monitor - FIN,error
AwAAAZTybpz4yCGTgQAAABhBWlR5YnA3TUFBQkZDeURNY3FOSzEtWm8AAAAkMDE5NGYzMjktZTY0OC00MzNhLWIwNjEtYTBjNjE0MzBiMzM5AABAdw,event,"check_status:live, check_type:api-dns, ci_execution_rule:blocking, criticality:prod, env:prod, monitor, probe_dc:pl:hq-prod-1-3513f5b522a833600df2309408c22ed3, service:dns, source:alert, team:network",2025-02-11 08:35:23,[Recovered] Test on trms-ui-dev.adb.org via WPAD1 - Network,success
AwAAAZTyagkY3OM4qAAAABhBWlR5YWdxQ0FBQ1lJSkF5OHRKR2U3Y0QAAAAkMDE5NGYzMjktZTY0OC00MzNhLWIwNjEtYTBjNjE0MzBiMzM5AABAbg,event,"check_status:live, check_type:api-dns, ci_execution_rule:blocking, criticality:prod, env:prod, monitor, probe_dc:pl:hq-prod-1-3513f5b522a833600df2309408c22ed3, service:dns, source:alert, team:network",2025-02-11 08:30:23,[Triggered] Test on trms-ui-dev.adb.org via WPAD1 - Network,error
AwAAAZTw98_AGC47ywAAABhBWlR3OTlKVkFBQUdyUFBQRElzV050N00AAAAkMDE5NGYxNzItNTMwOC00YzYyLTkxNTAtMjZjOTQwMzgxNmQ4AAA0gw,event,"criticality:prod, dd_agent_key:adb, dd_agent_pythonv:3.12.6, dd_agent_version:7.59.0, domain_name:adb.local, env:prod, host:wpwvd-trms-0.adb.local, ip_subnet2:10.112, ip_subnet3:10.112.126, ip_subnet:10, monitor, os_version:windows_server_2019_datacenter, os_version_release:windows_server_2019_datacenter, os_version_windows:10.0_build_17763, platform:windows, region:azure, risk:financial, role:avd, service:trms, source:alert, system:trms, team:risk, team:windows, winserv:mam",2025-02-11 01:46:00,[Recovered on {host:wpwvd-trms-0.adb.local}] TRMS Hosts Data Dog Agent Check - FIN,success
AwAAAZTw9ulILL2DsgAAABhBWlR3OXdTZ0FBQjl0ZlVudjBaRnYwdGsAAAAkMDE5NGYxNzItNTMwOC00YzYyLTkxNTAtMjZjOTQwMzgxNmQ4AAAAnA,event,"criticality:prod, dd_agent_key:adb, dd_agent_pythonv:3.12.6, dd_agent_version:7.59.0, domain_name:adb.local, env:prod, ip_subnet2:10.112, ip_subnet3:10.112.126, ip_subnet:10, os_version:windows_server_2019_datacenter, os_version_release:windows_server_2019_datacenter, os_version_windows:10.0_build_17763, platform:windows, region:azure, risk:financial, role:avd, service:trms, source:datadog, system:trms, team:windows, winserv:mam",2025-02-11 01:45:01,Datadog agent (v. 7.59.0) started on wpwvd-trms-0.adb.local,info
AwAAAZTw9uVgqZYfFwAAABhBWlR3OXVqaUFBRGhIbWZNYWxreHEzMWcAAAAkMDE5NGYxNzItNTMwOC00YzYyLTkxNTAtMjZjOTQwMzgxNmQ4AAA0gg,event,"criticality:prod, dd_agent_key:adb, dd_agent_pythonv:3.12.6, dd_agent_version:7.59.0, domain_name:adb.local, env:prod, host:wpwvd-trms-0.adb.local, ip_subnet2:10.112, ip_subnet3:10.112.126, ip_subnet:10, monitor, os_version:windows_server_2019_datacenter, os_version_release:windows_server_2019_datacenter, os_version_windows:10.0_build_17763, platform:windows, region:azure, risk:financial, role:avd, service:trms, source:alert, system:trms, team:risk, team:windows, winserv:mam",2025-02-11 01:45:00,[Triggered on {host:wpwvd-trms-0.adb.local}] TRMS Hosts Data Dog Agent Check - FIN,error
AwAAAZTuywyA9qJ2vQAAABhBWlR1eXc1QUFBRHFWa0Vmd2hqQXV2V0UAAAAkMDE5NGVlZGYtMzBjMC00M2IxLWE0OGEtY2ZkMmFmMTRlNDY5AAA5AQ,event,"env:dev, location:azure, monitor, priority:2, service:_trms, source:alert, team:fin",2025-02-10 15:37:52,[P2] [Recovered] [TRMS Azure AppService API] Log Error Monitor - FIN,success
AwAAAZTuxnigGOJFNwAAABhBWlR1eG54QUFBRHhEMVkxb3ZPaFNwVFgAAAAkMDE5NGVlZGYtMzBjMC00M2IxLWE0OGEtY2ZkMmFmMTRlNDY5AAA4_Q,event,"env:dev, location:azure, monitor, priority:2, service:_trms, source:alert, team:fin",2025-02-10 15:32:52,[P2] [Warn] [TRMS Azure AppService API] Log Error Monitor - FIN,warning
AwAAAZTuxC6w5EqWzgAAABhBWlR1eERLRkFBQVE0TzdjRTFGTmNoWHUAAAAkMDE5NGVlZGYtMzBjMC00M2IxLWE0OGEtY2ZkMmFmMTRlNDY5AAA_HA,event,"check_status:live, check_type:api-dns, ci_execution_rule:blocking, criticality:prod, env:prod, monitor, probe_dc:pl:hq-prod-1-3513f5b522a833600df2309408c22ed3, service:dns, source:alert, team:network",2025-02-10 15:30:22,[Recovered] Test on trms-ui-dev.adb.org via WPAD1 - Network,success
AwAAAZTuwBAAJicUeAAAABhBWlR1d0JLUkFBQ01UM1QySVkwWFIxdXMAAAAkMDE5NGVlZGYtMzBjMC00M2IxLWE0OGEtY2ZkMmFmMTRlNDY5AAA_GQ,event,"check_status:live, check_type:api-dns, ci_execution_rule:blocking, criticality:prod, env:prod, monitor, probe_dc:pl:hq-prod-1-3513f5b522a833600df2309408c22ed3, service:dns, source:alert, team:network",2025-02-10 15:25:52,[Triggered] Test on trms-ui-dev.adb.org via WPAD1 - Network,error
AwAAAZTtbVUo-lBKHAAAABhBWlR0YlZlRUFBQktUS3M5Y2Z6eXI5N0UAAAAkMDE5NGVlMDMtOTIxOC00OWNlLTlhZmQtYjhmNzE0NzgzMTY4AAA6Mw,event,"check_status:live, check_type:api-dns, ci_execution_rule:blocking, criticality:prod, env:prod, monitor, probe_dc:pl:hq-prod-1-3513f5b522a833600df2309408c22ed3, service:dns, source:alert, team:network",2025-02-10 09:15:53,[Recovered] Test on trms-ui-dev.adb.org via WPAD1 - Network,success
AwAAAZTtaMFIAoUUeAAAABhBWlR0YU1LcEFBREdEdkZ0MnJhdV9rUHUAAAAkMDE5NGVlMDMtOTIxOC00OWNlLTlhZmQtYjhmNzE0NzgzMTY4AAA6Kw,event,"check_status:live, check_type:api-dns, ci_execution_rule:blocking, criticality:prod, env:prod, monitor, probe_dc:pl:hq-prod-1-3513f5b522a833600df2309408c22ed3, service:dns, source:alert, team:network",2025-02-10 09:10:53,[Triggered] Test on trms-ui-dev.adb.org via WPAD1 - Network,error
AwAAAZTs9TsQLGNeOAAAABhBWlRzOVQwaUFBRGw0NF9TWWtGZGFLSUgAAAAkMDE5NGVkMjctZDgxOC00ODQ1LWI4NzMtNGQ4OTk3NzY5OTY1AAAsbg,event,"criticality:prod, dd_agent_key:adb, dd_agent_pythonv:3.12.6, dd_agent_version:7.59.0, domain_name:adb.local, env:prod, host:wpwvd-trms-1.adb.local, ip_subnet2:10.112, ip_subnet3:10.112.126, ip_subnet:10, monitor, os_version:windows_server_2019_datacenter, os_version_release:windows_server_2019_datacenter, os_version_windows:10.0_build_17763, platform:windows, region:azure, risk:financial, role:avd, service:trms, source:alert, system:trms, team:cyber_agents, team:windows",2025-02-10 07:04:42,[Recovered on {host:wpwvd-trms-1.adb.local}] Nessus Agent in Windows Server wpwvd-trms-1.adb.local Stopped Running - Cyber,success
AwAAAZTs9StweJ5_pQAAABhBWlRzOVM5bUFBRE5jQVVOTHJEUXg3em8AAAAkMDE5NGVkMjctZDgxOC00ODQ1LWI4NzMtNGQ4OTk3NzY5OTY1AAAxKw,event,"criticality:prod, dd_agent_key:adb, dd_agent_pythonv:3.12.6, dd_agent_version:7.59.0, domain_name:adb.local, env:prod, host:wpwvd-trms-1.adb.local, ip_subnet2:10.112, ip_subnet3:10.112.126, ip_subnet:10, monitor, os_version:windows_server_2019_datacenter, os_version_release:windows_server_2019_datacenter, os_version_windows:10.0_build_17763, platform:windows, priority:1, region:azure, risk:financial, role:avd, service:trms, source:alert, system:trms, team:risk, team:windows",2025-02-10 07:04:38,[P1] [Recovered] Host Uptime Monitor:TRMS - FIN,success
AwAAAZTs9JcAfg850QAAABhBWlRzOUpudEFBQ0hZZU81aUE0N2kxY1gAAAAkMDE5NGVkMjctZDgxOC00ODQ1LWI4NzMtNGQ4OTk3NzY5OTY1AAAxKg,event,"criticality:prod, dd_agent_key:adb, dd_agent_pythonv:3.12.6, dd_agent_version:7.59.0, domain_name:adb.local, env:prod, host:wpwvd-trms-1.adb.local, ip_subnet2:10.112, ip_subnet3:10.112.126, ip_subnet:10, monitor, os_version:windows_server_2019_datacenter, os_version_release:windows_server_2019_datacenter, os_version_windows:10.0_build_17763, platform:windows, region:azure, risk:financial, role:avd, service:trms, source:alert, system:trms, team:risk, team:windows",2025-02-10 07:04:00,[Recovered on {host:wpwvd-trms-1.adb.local}] TRMS Hosts Data Dog Agent Check - FIN,success
AwAAAZTs9DlAyVIKCQAAABhBWlRzOUZTWUFBQkdhcXZMQUJrRjdYUWsAAAAkMDE5NGVkMjctZDgxOC00ODQ1LWI4NzMtNGQ4OTk3NzY5OTY1AAAAJA,event,"criticality:prod, dd_agent_key:adb, dd_agent_pythonv:3.12.6, dd_agent_version:7.59.0, domain_name:adb.local, env:prod, ip_subnet2:10.112, ip_subnet3:10.112.126, ip_subnet:10, os_version:windows_server_2019_datacenter, os_version_release:windows_server_2019_datacenter, os_version_windows:10.0_build_17763, platform:windows, region:azure, risk:financial, role:avd, service:trms, source:datadog, system:trms, team:windows",2025-02-10 07:03:36,Datadog agent (v. 7.59.0) started on wpwvd-trms-1.adb.local,info
AwAAAZTswB1oKc7gCgAAABhBWlRzd0NHR0FBQWJLUjhfa1c2YVMteFUAAAAkMDE5NGVkMjctZDgxOC00ODQ1LWI4NzMtNGQ4OTk3NzY5OTY1AAAsRA,event,"criticality:prod, dd_agent_key:adb, dd_agent_pythonv:3.12.6, dd_agent_version:7.59.0, domain_name:adb.local, env:prod, host:wpwvd-trms-1.adb.local, ip_subnet2:10.112, ip_subnet3:10.112.126, ip_subnet:10, monitor, os_version:windows_server_2019_datacenter, os_version_release:windows_server_2019_datacenter, os_version_windows:10.0_build_17763, platform:windows, region:azure, risk:financial, role:avd, service:trms, source:alert, system:trms, team:cyber_agents, team:windows",2025-02-10 06:06:41,[Re-Triggered on {host:wpwvd-trms-1.adb.local}] Nessus Agent in Windows Server wpwvd-trms-1.adb.local Stopped Running - Cyber,error
AwAAAZTsiTLQ5L2VvQAAABhBWlRzaVRVeEFBRDdmQ1pJeTdXTTlGZHYAAAAkMDE5NGVkMjctZDgxOC00ODQ1LWI4NzMtNGQ4OTk3NzY5OTY1AAAsKQ,event,"criticality:prod, dd_agent_key:adb, dd_agent_pythonv:3.12.6, dd_agent_version:7.59.0, domain_name:adb.local, env:prod, host:wpwvd-trms-1.adb.local, ip_subnet2:10.112, ip_subnet3:10.112.126, ip_subnet:10, monitor, os_version:windows_server_2019_datacenter, os_version_release:windows_server_2019_datacenter, os_version_windows:10.0_build_17763, platform:windows, region:azure, risk:financial, role:avd, service:trms, source:alert, system:trms, team:cyber_agents, team:windows",2025-02-10 05:06:42,[Re-Triggered on {host:wpwvd-trms-1.adb.local}] Nessus Agent in Windows Server wpwvd-trms-1.adb.local Stopped Running - Cyber,error
AwAAAZTsUkRQPNouMgAAABhBWlRzVWtWNUFBQ1RpZ1FaQ0ZFRGZrYVEAAAAkMDE5NGVkMjctZDgxOC00ODQ1LWI4NzMtNGQ4OTk3NzY5OTY1AAAsDQ,event,"criticality:prod, dd_agent_key:adb, dd_agent_pythonv:3.12.6, dd_agent_version:7.59.0, domain_name:adb.local, env:prod, host:wpwvd-trms-1.adb.local, ip_subnet2:10.112, ip_subnet3:10.112.126, ip_subnet:10, monitor, os_version:windows_server_2019_datacenter, os_version_release:windows_server_2019_datacenter, os_version_windows:10.0_build_17763, platform:windows, region:azure, risk:financial, role:avd, service:trms, source:alert, system:trms, team:cyber_agents, team:windows",2025-02-10 04:06:42,[Re-Triggered on {host:wpwvd-trms-1.adb.local}] Nessus Agent in Windows Server wpwvd-trms-1.adb.local Stopped Running - Cyber,error
AwAAAZTsG1HoAOki7QAAABhBWlRzRzFVUUFBQmdQMVoyWkk4U2Q5M2MAAAAkMDE5NGVjNGItZjMyMC00MmE5LTljZTUtMDc4YjM4ODU3YWQ5AAAuIQ,event,"criticality:prod, dd_agent_key:adb, dd_agent_pythonv:3.12.6, dd_agent_version:7.59.0, domain_name:adb.local, env:prod, host:wpwvd-trms-1.adb.local, ip_subnet2:10.112, ip_subnet3:10.112.126, ip_subnet:10, monitor, os_version:windows_server_2019_datacenter, os_version_release:windows_server_2019_datacenter, os_version_windows:10.0_build_17763, platform:windows, region:azure, risk:financial, role:avd, service:trms, source:alert, system:trms, team:cyber_agents, team:windows",2025-02-10 03:06:41,[Re-Triggered on {host:wpwvd-trms-1.adb.local}] Nessus Agent in Windows Server wpwvd-trms-1.adb.local Stopped Running - Cyber,error
AwAAAZTr5GdQGewhdwAAABhBWlRyNUdqaUFBQkhObExLbFl6bWZlZlUAAAAkMDE5NGVjNGItZjMyMC00MmE5LTljZTUtMDc4YjM4ODU3YWQ5AAAuBg,event,"criticality:prod, dd_agent_key:adb, dd_agent_pythonv:3.12.6, dd_agent_version:7.59.0, domain_name:adb.local, env:prod, host:wpwvd-trms-1.adb.local, ip_subnet2:10.112, ip_subnet3:10.112.126, ip_subnet:10, monitor, os_version:windows_server_2019_datacenter, os_version_release:windows_server_2019_datacenter, os_version_windows:10.0_build_17763, platform:windows, region:azure, risk:financial, role:avd, service:trms, source:alert, system:trms, team:cyber_agents, team:windows",2025-02-10 02:06:42,[Re-Triggered on {host:wpwvd-trms-1.adb.local}] Nessus Agent in Windows Server wpwvd-trms-1.adb.local Stopped Running - Cyber,error
AwAAAZTrrXTo78d49AAAABhBWlRyclhqeUFBQTExNFNqNk9nend6akwAAAAkMDE5NGVjNGItZjMyMC00MmE5LTljZTUtMDc4YjM4ODU3YWQ5AAAt6w,event,"criticality:prod, dd_agent_key:adb, dd_agent_pythonv:3.12.6, dd_agent_version:7.59.0, domain_name:adb.local, env:prod, host:wpwvd-trms-1.adb.local, ip_subnet2:10.112, ip_subnet3:10.112.126, ip_subnet:10, monitor, os_version:windows_server_2019_datacenter, os_version_release:windows_server_2019_datacenter, os_version_windows:10.0_build_17763, platform:windows, region:azure, risk:financial, role:avd, service:trms, source:alert, system:trms, team:cyber_agents, team:windows",2025-02-10 01:06:41,[Triggered on {host:wpwvd-trms-1.adb.local}] Nessus Agent in Windows Server wpwvd-trms-1.adb.local Stopped Running - Cyber,error
AwAAAZTreY_AGU-WzgAAABhBWlRyZVpKWkFBRDNvcHZhMzc1U1ZwQjMAAAAkMDE5NGVjNGItZjMyMC00MmE5LTljZTUtMDc4YjM4ODU3YWQ5AAAynQ,event,"criticality:prod, dd_agent_key:adb, dd_agent_pythonv:3.12.6, dd_agent_version:7.59.0, domain_name:adb.local, env:prod, host:wpwvd-trms-0.adb.local, ip_subnet2:10.112, ip_subnet3:10.112.126, ip_subnet:10, monitor, os_version:windows_server_2019_datacenter, os_version_release:windows_server_2019_datacenter, os_version_windows:10.0_build_17763, platform:windows, region:azure, risk:financial, role:avd, service:trms, source:alert, system:trms, team:risk, team:windows, winserv:mam",2025-02-10 00:10:00,[Recovered on {host:wpwvd-trms-0.adb.local}] TRMS Hosts Data Dog Agent Check - FIN,success
AwAAAZTreRLAuGZD5gAAABhBWlRyZVM0WUFBQTNEUUwyY0plVEN5cU4AAAAkMDE5NGVjNGItZjMyMC00MmE5LTljZTUtMDc4YjM4ODU3YWQ5AAAABQ,event,"criticality:prod, dd_agent_key:adb, dd_agent_pythonv:3.12.6, dd_agent_version:7.59.0, domain_name:adb.local, env:prod, ip_subnet2:10.112, ip_subnet3:10.112.126, ip_subnet:10, os_version:windows_server_2019_datacenter, os_version_release:windows_server_2019_datacenter, os_version_windows:10.0_build_17763, platform:windows, region:azure, risk:financial, role:avd, service:trms, source:datadog, system:trms, team:windows, winserv:mam",2025-02-10 00:09:28,Datadog agent (v. 7.59.0) started on wpwvd-trms-0.adb.local,info
AwAAAZTreKVgqeJCIgAAABhBWlRyZUtlX0FBQWJKWEpheEZqeWpDRVYAAAAkMDE5NGVjNGItZjMyMC00MmE5LTljZTUtMDc4YjM4ODU3YWQ5AAAynA,event,"criticality:prod, dd_agent_key:adb, dd_agent_pythonv:3.12.6, dd_agent_version:7.59.0, domain_name:adb.local, env:prod, host:wpwvd-trms-0.adb.local, ip_subnet2:10.112, ip_subnet3:10.112.126, ip_subnet:10, monitor, os_version:windows_server_2019_datacenter, os_version_release:windows_server_2019_datacenter, os_version_windows:10.0_build_17763, platform:windows, region:azure, risk:financial, role:avd, service:trms, source:alert, system:trms, team:risk, team:windows, winserv:mam",2025-02-10 00:09:00,[Triggered on {host:wpwvd-trms-0.adb.local}] TRMS Hosts Data Dog Agent Check - FIN,error
AwAAAZTrd2UQjNpmMQAAABhBWlRyZDJtX0FBQ2t0Y1R6UUR1X1d3XzcAAAAkMDE5NGVjNGItZjMyMC00MmE5LTljZTUtMDc4YjM4ODU3YWQ5AAAymw,event,"criticality:prod, dd_agent_key:adb, dd_agent_pythonv:3.12.6, dd_agent_version:7.59.0, domain_name:adb.local, env:prod, host:wpwvd-trms-1.adb.local, ip_subnet2:10.112, ip_subnet3:10.112.126, ip_subnet:10, monitor, os_version:windows_server_2019_datacenter, os_version_release:windows_server_2019_datacenter, os_version_windows:10.0_build_17763, platform:windows, priority:1, region:azure, risk:financial, role:avd, service:trms, source:alert, system:trms, team:risk, team:windows",2025-02-10 00:07:38,[P1] [Triggered] Host Uptime Monitor:TRMS - FIN,error
AwAAAZTrdtCgKOJtIwAAABhBWlRyZHRNeUFBQjhZcmZ2Wi12bDZObnMAAAAkMDE5NGVjNGItZjMyMC00MmE5LTljZTUtMDc4YjM4ODU3YWQ5AAAylw,event,"criticality:prod, dd_agent_key:adb, dd_agent_pythonv:3.12.6, dd_agent_version:7.59.0, domain_name:adb.local, env:prod, host:wpwvd-trms-1.adb.local, ip_subnet2:10.112, ip_subnet3:10.112.126, ip_subnet:10, monitor, os_version:windows_server_2019_datacenter, os_version_release:windows_server_2019_datacenter, os_version_windows:10.0_build_17763, platform:windows, region:azure, risk:financial, role:avd, service:trms, source:alert, system:trms, team:risk, team:windows",2025-02-10 00:07:00,[Triggered on {host:wpwvd-trms-1.adb.local}] TRMS Hosts Data Dog Agent Check - FIN,error
AwAAAZTrabUoMGIUeAAAABhBWlRyYWJvUkFBQjgtSnllTHlKdmhzUkwAAAAkMDE5NGViNzAtNGNhOC00ZTZlLWFhZTEtNmFkYWU4MmNmYmM0AAAxrg,event,"availability-zone:hq, criticality:non-prod, db:oracle, dd_agent_key:adb, dd_agent_pythonv:3.12.6, dd_agent_version:7.60.1, device:/mnt/trms, domain_name:adb.org, env:dev, env:prod, env:test, host:ltazdb1.adb.org, ip_subnet2:10.114, ip_subnet3:10.114.12, ip_subnet:10, monitor, os_version:redhat_8.10, os_version_release:redhat_8, os_version_windows:none, platform:linux, role:database, service:gfis-app, service:non_erp, service:tacp, service:unix, source:alert, system:tacp, team:dba, team:unix",2025-02-09 23:52:41,[Recovered on {host:ltazdb1.adb.org}] NFS Mount Check for /mnt/trms - Unix,success
AwAAAZTraVOASeGx5wAAABhBWlRyYVZiSEFBRDdRVWY4NHlrUlAxRHIAAAAkMDE5NGViNzAtNGNhOC00ZTZlLWFhZTEtNmFkYWU4MmNmYmM0AAAxqg,event,"availability-zone:hq, criticality:non-prod, criticality:prod, db:oracle, dd_agent_key:adb, dd_agent_pythonv:3.12.6, dd_agent_version:7.60.1, device:/mnt/trms, domain_name:adb.org, env:dev, env:prod, env:test, host:ltazdb1.adb.org, ip_subnet2:10.114, ip_subnet3:10.114.12, ip_subnet:10, monitor, os_version:redhat_8.10, os_version_release:redhat_8, os_version_windows:none, platform:linux, role:database, service:_trms, service:gfis-app, service:non_erp, service:tacp, source:alert, system:tacp, team:, team:dba",2025-02-09 23:52:16,[Recovered on {host:ltazdb1.adb.org}] TRMS Disk Usage of /mnt/trms - RISK - FIN,success
AwAAAZTraVOAqg4XWgAAABhBWlRyYVZTd0FBQjNzeDBmMGQzWFNwalYAAAAkMDE5NGViNzAtNGNhOC00ZTZlLWFhZTEtNmFkYWU4MmNmYmM0AAAxqQ,event,"availability-zone:azure, criticality:non-prod, criticality:prod, db:oracle, dd_agent_key:adb, dd_agent_pythonv:3.12.6, dd_agent_version:7.60.1, device:/mnt/trms, domain_name:adb.org, env:dev, env:prod, env:test, host:ldazdb1.adb.org, ip_subnet2:10.114, ip_subnet3:10.114.128, ip_subnet:10, monitor, os_version:redhat_8.10, os_version_release:redhat_8, os_version_windows:none, platform:linux, role:database, service:_trms, service:non_erp, service:tacp, source:alert, system:tacp, team:, team:dba",2025-02-09 23:52:16,[Recovered on {host:ldazdb1.adb.org}] TRMS Disk Usage of /mnt/trms - RISK - FIN,success
AwAAAZTraIxI0kQJWgAAABhBWlRyYUk4aEFBQVlObi1GdUtVcHNKd0sAAAAkMDE5NGViNzAtNGNhOC00ZTZlLWFhZTEtNmFkYWU4MmNmYmM0AAAyGQ,event,"availability-zone:azure, criticality:non-prod, db:oracle, dd_agent_key:adb, dd_agent_pythonv:3.12.6, dd_agent_version:7.60.1, domain_name:adb.org, env:dev, host:ldazdb1.adb.org, ip_subnet2:10.114, ip_subnet3:10.114.128, ip_subnet:10, monitor, os_version:redhat_8.10, os_version_release:redhat_8, os_version_windows:none, platform:linux, role:database, service:_trms, service:non_erp, service:tacp, source:alert, system:tacp, team:dba, team:fin",2025-02-09 23:51:25,[Recovered] [TRMS Oracle] Service Check - FIN,success
AwAAAZTraGkgb1c4nwAAABhBWlRyYUd1dEFBRDF6Zkl5X1pkejNrQlIAAAAkMDE5NGViNzAtNGNhOC00ZTZlLWFhZTEtNmFkYWU4MmNmYmM0AAAxoQ,event,"availability-zone:azure, criticality:non-prod, criticality:prod, db:oracle, dd_agent_key:adb, dd_agent_pythonv:3.12.6, dd_agent_version:7.60.1, device:/mnt/trms, domain_name:adb.org, env:dev, env:prod, env:test, host:ldazdb1.adb.org, ip_subnet2:10.114, ip_subnet3:10.114.128, ip_subnet:10, monitor, os_version:redhat_8.10, os_version_release:redhat_8, os_version_windows:none, platform:linux, role:database, service:_trms, service:non_erp, service:tacp, source:alert, system:tacp, team:, team:dba",2025-02-09 23:51:16,[No data on {host:ldazdb1.adb.org}] TRMS Disk Usage of /mnt/trms - RISK - FIN,error
AwAAAZTrZ-RQaSS8-QAAABhBWlRyWi1ZRUFBQ01sQUgzalM4Vi1xVWwAAAAkMDE5NGViNzAtNGNhOC00ZTZlLWFhZTEtNmFkYWU4MmNmYmM0AAAxng,event,"availability-zone:hq, criticality:non-prod, db:oracle, dd_agent_key:adb, dd_agent_pythonv:3.12.6, dd_agent_version:7.60.1, device:/mnt/trms, domain_name:adb.org, env:dev, env:prod, env:test, host:ltazdb1.adb.org, ip_subnet2:10.114, ip_subnet3:10.114.12, ip_subnet:10, monitor, os_version:redhat_8.10, os_version_release:redhat_8, os_version_windows:none, platform:linux, role:database, service:gfis-app, service:non_erp, service:tacp, service:unix, source:alert, system:tacp, team:dba, team:unix",2025-02-09 23:50:42,[No data on {host:ltazdb1.adb.org}] NFS Mount Check for /mnt/trms - Unix,error
AwAAAZTrZ3rYe9zWOgAAABhBWlRyWjM3TUFBRG9XU3otc3lOTldpOEwAAAAkMDE5NGViNzAtNGNhOC00ZTZlLWFhZTEtNmFkYWU4MmNmYmM0AAAxnA,event,"availability-zone:hq, criticality:non-prod, criticality:prod, db:oracle, dd_agent_key:adb, dd_agent_pythonv:3.12.6, dd_agent_version:7.60.1, device:/mnt/trms, domain_name:adb.org, env:dev, env:prod, env:test, host:ltazdb1.adb.org, ip_subnet2:10.114, ip_subnet3:10.114.12, ip_subnet:10, monitor, os_version:redhat_8.10, os_version_release:redhat_8, os_version_windows:none, platform:linux, role:database, service:_trms, service:gfis-app, service:non_erp, service:tacp, source:alert, system:tacp, team:, team:dba",2025-02-09 23:50:15,[No data on {host:ltazdb1.adb.org}] TRMS Disk Usage of /mnt/trms - RISK - FIN,error
AwAAAZTrYE7o72HOaQAAABhBWlRyWUZJaEFBRFlOQ254Yjk0VnhOaTYAAAAkMDE5NGViNzAtNGNhOC00ZTZlLWFhZTEtNmFkYWU4MmNmYmM0AAAyDw,event,"availability-zone:azure, criticality:non-prod, db:oracle, dd_agent_key:adb, dd_agent_pythonv:3.12.6, dd_agent_version:7.60.1, domain_name:adb.org, env:dev, host:ldazdb1.adb.org, ip_subnet2:10.114, ip_subnet3:10.114.128, ip_subnet:10, monitor, os_version:redhat_8.10, os_version_release:redhat_8, os_version_windows:none, platform:linux, role:database, service:_trms, service:non_erp, service:tacp, source:alert, system:tacp, team:dba, team:fin",2025-02-09 23:42:25,[Triggered] [TRMS Oracle] Service Check - FIN,error
AwAAAZTqWYGQwk1xAAAAABhBWlRxV1lVTkFBQWRMQVE5dzJrejZudzAAAAAkMDE5NGVhOTQtOWE3OC00MTIyLWEzODMtNmI1YjYwOGVmOTVhAAA0iw,event,"check_status:live, check_type:api-dns, ci_execution_rule:blocking, criticality:prod, env:prod, monitor, probe_dc:pl:hq-prod-1-3513f5b522a833600df2309408c22ed3, service:dns, source:alert, team:network",2025-02-09 18:55:22,[Recovered] Test on trms-ui-dev.adb.org via WPAD1 - Network,success
AwAAAZTqVWbITAIJtQAAABhBWlRxVldpZUFBRDF4Z3BFUmFEWTVMVk0AAAAkMDE5NGVhOTQtOWE3OC00MTIyLWEzODMtNmI1YjYwOGVmOTVhAAA0ig,event,"check_status:live, check_type:api-dns, ci_execution_rule:blocking, criticality:prod, env:prod, monitor, probe_dc:pl:hq-prod-1-3513f5b522a833600df2309408c22ed3, service:dns, source:alert, team:network",2025-02-09 18:50:53,[Triggered] Test on trms-ui-dev.adb.org via WPAD1 - Network,error
AwAAAZToJ_PA2RTZQgAAABhBWlRvSl9hbEFBQ2hfN0kzb2pCWUd2WkEAAAAkMDE5NGU4ZGQtMzIzMC00ZDI1LTk2ZjktNDVhNWZhN2NkMmExAAAyFA,event,"availability-zone:hq, criticality:non-prod, criticality:prod, db:oracle, dd_agent_key:adb, dd_agent_pythonv:3.12.6, dd_agent_version:7.60.1, domain_name:adb.org, env:dev, env:prod, host:lvddb02.adb.org, ip_subnet2:172.22, ip_subnet3:172.22.130, ip_subnet:172, mac_address:00_21_f6, mac_vendor:oracle, machine:x86_64, monitor, os_cpu_cores:8, os_cpu_vcores:8, os_disk_rootc:12gb, os_memory:188gb, os_version:redhat_8.10, os_version_release:redhat_8, os_version_windows:none, platform:linux, risk:financial, role:database, service:alms, service:asiadatamobile, service:cognos, service:cpd, service:eserve, service:glbpymnt, service:ids, service:ifirst, service:jboss, service:jbrms, service:jira, service:myadb, service:non_erp, service:nso, service:odg, service:ods, service:sdbs, service:ssc, service:tacp, service:taportal, service:tms, service:trms, source:alert, system:cognos, team:dba, team:risk, usage:dev_db",2025-02-09 08:42:00,[Recovered on {host:lvddb02.adb.org}] TRMS Hosts Data Dog Agent Check - FIN,success
AwAAAZToGjggXNEKCQAAABhBWlRvR2pxVUFBQXFwZlRLVk9odkpuNXQAAAAkMDE5NGU4ZGQtMzIzMC00ZDI1LTk2ZjktNDVhNWZhN2NkMmExAAAyEA,event,"availability-zone:hq, criticality:non-prod, criticality:prod, db:oracle, dd_agent_key:adb, dd_agent_pythonv:3.12.6, dd_agent_version:7.60.1, domain_name:adb.org, env:dev, env:prod, host:lvddb02.adb.org, ip_subnet2:172.22, ip_subnet3:172.22.130, ip_subnet:172, mac_address:00_21_f6, mac_vendor:oracle, machine:x86_64, monitor, os_cpu_cores:8, os_cpu_vcores:8, os_disk_rootc:12gb, os_memory:188gb, os_version:redhat_8.10, os_version_release:redhat_8, os_version_windows:none, platform:linux, risk:financial, role:database, service:alms, service:asiadatamobile, service:cognos, service:cpd, service:eserve, service:glbpymnt, service:ids, service:ifirst, service:jboss, service:jbrms, service:jira, service:myadb, service:non_erp, service:nso, service:odg, service:ods, service:sdbs, service:ssc, service:tacp, service:taportal, service:tms, service:trms, source:alert, system:cognos, team:dba, team:risk, usage:dev_db",2025-02-09 08:27:00,[Triggered on {host:lvddb02.adb.org}] TRMS Hosts Data Dog Agent Check - FIN,error
AwAAAZToGGNg2GAhdwAAABhBWlRvR0dZREFBQmdWV0ZIaDBaamh0Q1kAAAAkMDE5NGU4ZGQtMzIzMC00ZDI1LTk2ZjktNDVhNWZhN2NkMmExAAAyDg,event,"availability-zone:hq, criticality:non-prod, criticality:prod, db:oracle, dd_agent_key:adb, dd_agent_pythonv:3.12.6, dd_agent_version:7.60.1, domain_name:adb.org, env:dev, env:prod, host:lvddb02.adb.org, ip_subnet2:172.22, ip_subnet3:172.22.130, ip_subnet:172, mac_address:00_21_f6, mac_vendor:oracle, machine:x86_64, monitor, os_cpu_cores:8, os_cpu_vcores:8, os_disk_rootc:12gb, os_memory:188gb, os_version:redhat_8.10, os_version_release:redhat_8, os_version_windows:none, platform:linux, risk:financial, role:database, service:alms, service:asiadatamobile, service:cognos, service:cpd, service:eserve, service:glbpymnt, service:ids, service:ifirst, service:jboss, service:jbrms, service:jira, service:myadb, service:non_erp, service:nso, service:odg, service:ods, service:sdbs, service:ssc, service:tacp, service:taportal, service:tms, service:trms, source:alert, system:cognos, team:dba, team:risk, usage:dev_db",2025-02-09 08:25:00,[Recovered on {host:lvddb02.adb.org}] TRMS Hosts Data Dog Agent Check - FIN,success
AwAAAZTnzt8QP7c4nwAAABhBWlRuenVPeEFBQ2xNT3NqTktCYVk0UEwAAAAkMDE5NGU4MDEtNzgzMC00ZmNmLWJkNmYtMTNhMGVjNWI0YmJmAAAs_Q,event,"criticality:prod, dd_agent_key:adb, dd_agent_pythonv:3.12.6, dd_agent_version:7.59.0, domain_name:adb.local, env:prod, host:wpwvd-trms-1.adb.local, ip_subnet2:10.112, ip_subnet3:10.112.126, ip_subnet:10, monitor, os_version:windows_server_2019_datacenter, os_version_release:windows_server_2019_datacenter, os_version_windows:10.0_build_17763, platform:windows, region:azure, risk:financial, role:avd, service:trms, source:alert, system:trms, team:cyber_agents, team:windows",2025-02-09 07:04:42,[Recovered on {host:wpwvd-trms-1.adb.local}] Nessus Agent in Windows Server wpwvd-trms-1.adb.local Stopped Running - Cyber,success
AwAAAZTnzs9wEfjYhQAAABhBWlRuenRPeUFBQ1kyR3VmOTlyZ1ZWeGMAAAAkMDE5NGU4MDEtNzgzMC00ZmNmLWJkNmYtMTNhMGVjNWI0YmJmAAAxdQ,event,"criticality:prod, dd_agent_key:adb, dd_agent_pythonv:3.12.6, dd_agent_version:7.59.0, domain_name:adb.local, env:prod, host:wpwvd-trms-1.adb.local, ip_subnet2:10.112, ip_subnet3:10.112.126, ip_subnet:10, monitor, os_version:windows_server_2019_datacenter, os_version_release:windows_server_2019_datacenter, os_version_windows:10.0_build_17763, platform:windows, priority:1, region:azure, risk:financial, role:avd, service:trms, source:alert, system:trms, team:risk, team:windows",2025-02-09 07:04:38,[P1] [Recovered] Host Uptime Monitor:TRMS - FIN,success
AwAAAZTnzjsA_CsAZQAAABhBWlRuemozNkFBRGM3RmwyN2o4Yk5BNFMAAAAkMDE5NGU4MDEtNzgzMC00ZmNmLWJkNmYtMTNhMGVjNWI0YmJmAAAxdA,event,"criticality:prod, dd_agent_key:adb, dd_agent_pythonv:3.12.6, dd_agent_version:7.59.0, domain_name:adb.local, env:prod, host:wpwvd-trms-1.adb.local, ip_subnet2:10.112, ip_subnet3:10.112.126, ip_subnet:10, monitor, os_version:windows_server_2019_datacenter, os_version_release:windows_server_2019_datacenter, os_version_windows:10.0_build_17763, platform:windows, region:azure, risk:financial, role:avd, service:trms, source:alert, system:trms, team:risk, team:windows",2025-02-09 07:04:00,[Recovered on {host:wpwvd-trms-1.adb.local}] TRMS Hosts Data Dog Agent Check - FIN,success
AwAAAZTnzd1AuXYWwwAAABhBWlRuemdCb0FBRExnd0hDZjVSYnJIYlgAAAAkMDE5NGU4MDEtNzgzMC00ZmNmLWJkNmYtMTNhMGVjNWI0YmJmAAAAJA,event,"criticality:prod, dd_agent_key:adb, dd_agent_pythonv:3.12.6, dd_agent_version:7.59.0, domain_name:adb.local, env:prod, ip_subnet2:10.112, ip_subnet3:10.112.126, ip_subnet:10, os_version:windows_server_2019_datacenter, os_version_release:windows_server_2019_datacenter, os_version_windows:10.0_build_17763, platform:windows, region:azure, risk:financial, role:avd, service:trms, source:datadog, system:trms, team:windows",2025-02-09 07:03:36,Datadog agent (v. 7.59.0) started on wpwvd-trms-1.adb.local,info
AwAAAZTnyWDQ4Akb7gAAABhBWlRueVdPaEFBRF90TGQwX0k5WDN2VTIAAAAkMDE5NGU4MDEtNzgzMC00ZmNmLWJkNmYtMTNhMGVjNWI0YmJmAAAs0w,event,"criticality:prod, dd_agent_key:adb, dd_agent_pythonv:3.12.6, dd_agent_version:7.59.0, domain_name:adb.local, env:prod, host:wpwvd-trms-1.adb.local, ip_subnet2:10.112, ip_subnet3:10.112.126, ip_subnet:10, monitor, os_version:windows_server_2019_datacenter, os_version_release:windows_server_2019_datacenter, os_version_windows:10.0_build_17763, platform:windows, region:azure, risk:financial, role:avd, service:trms, source:alert, system:trms, team:cyber_agents, team:windows",2025-02-09 06:58:42,[Re-Triggered on {host:wpwvd-trms-1.adb.local}] Nessus Agent in Windows Server wpwvd-trms-1.adb.local Stopped Running - Cyber,error
AwAAAZTnknJQ-k2x5wAAABhBWlRua25SSUFBRE9NWUxyVW91aUlSaS0AAAAkMDE5NGU4MDEtNzgzMC00ZmNmLWJkNmYtMTNhMGVjNWI0YmJmAAAstw,event,"criticality:prod, dd_agent_key:adb, dd_agent_pythonv:3.12.6, dd_agent_version:7.59.0, domain_name:adb.local, env:prod, host:wpwvd-trms-1.adb.local, ip_subnet2:10.112, ip_subnet3:10.112.126, ip_subnet:10, monitor, os_version:windows_server_2019_datacenter, os_version_release:windows_server_2019_datacenter, os_version_windows:10.0_build_17763, platform:windows, region:azure, risk:financial, role:avd, service:trms, source:alert, system:trms, team:cyber_agents, team:windows",2025-02-09 05:58:42,[Re-Triggered on {host:wpwvd-trms-1.adb.local}] Nessus Agent in Windows Server wpwvd-trms-1.adb.local Stopped Running - Cyber,error
AwAAAZTnW3_oyfpFNwAAABhBWlRuVzRRWkFBQ0hpUk0zVnhnWEJCaWQAAAAkMDE5NGU4MDEtNzgzMC00ZmNmLWJkNmYtMTNhMGVjNWI0YmJmAAAsmg,event,"criticality:prod, dd_agent_key:adb, dd_agent_pythonv:3.12.6, dd_agent_version:7.59.0, domain_name:adb.local, env:prod, host:wpwvd-trms-1.adb.local, ip_subnet2:10.112, ip_subnet3:10.112.126, ip_subnet:10, monitor, os_version:windows_server_2019_datacenter, os_version_release:windows_server_2019_datacenter, os_version_windows:10.0_build_17763, platform:windows, region:azure, risk:financial, role:avd, service:trms, source:alert, system:trms, team:cyber_agents, team:windows",2025-02-09 04:58:41,[Re-Triggered on {host:wpwvd-trms-1.adb.local}] Nessus Agent in Windows Server wpwvd-trms-1.adb.local Stopped Running - Cyber,error
AwAAAZTnJJVQ8pYJWgAAABhBWlRuSkphVkFBQlduSU5TbWVUcmJQam0AAAAkMDE5NGU3MjUtYWU5MC00ODNlLTg2ZjQtZDcxY2JjY2NlMzllAABEOw,event,"criticality:prod, dd_agent_key:adb, dd_agent_pythonv:3.12.6, dd_agent_version:7.59.0, domain_name:adb.local, env:prod, host:wpwvd-trms-1.adb.local, ip_subnet2:10.112, ip_subnet3:10.112.126, ip_subnet:10, monitor, os_version:windows_server_2019_datacenter, os_version_release:windows_server_2019_datacenter, os_version_windows:10.0_build_17763, platform:windows, region:azure, risk:financial, role:avd, service:trms, source:alert, system:trms, team:cyber_agents, team:windows",2025-02-09 03:58:42,[Triggered on {host:wpwvd-trms-1.adb.local}] Nessus Agent in Windows Server wpwvd-trms-1.adb.local Stopped Running - Cyber,error
AwAAAZTm8ZagJMY50QAAABhBWlRtOFpsTkFBRGhuck16WUhpWVpDTkYAAAAkMDE5NGU3MjUtYWU5MC00ODNlLTg2ZjQtZDcxY2JjY2NlMzllAABJIg,event,"availability-zone:hq, criticality:non-prod, criticality:prod, db:oracle, dd_agent_key:adb, dd_agent_pythonv:3.12.6, dd_agent_version:7.60.1, domain_name:adb.org, env:dev, env:prod, host:lvddb02.adb.org, ip_subnet2:172.22, ip_subnet3:172.22.130, ip_subnet:172, mac_address:00_21_f6, mac_vendor:oracle, machine:x86_64, monitor, os_cpu_cores:8, os_cpu_vcores:8, os_disk_rootc:12gb, os_memory:188gb, os_version:redhat_8.10, os_version_release:redhat_8, os_version_windows:none, platform:linux, risk:financial, role:database, service:alms, service:asiadatamobile, service:cognos, service:cpd, service:eserve, service:glbpymnt, service:ids, service:ifirst, service:jboss, service:jbrms, service:jira, service:myadb, service:non_erp, service:nso, service:odg, service:ods, service:sdbs, service:ssc, service:tacp, service:taportal, service:tms, service:trms, source:alert, system:cognos, team:dba, team:risk, usage:dev_db",2025-02-09 03:03:00,[Triggered on {host:lvddb02.adb.org}] TRMS Hosts Data Dog Agent Check - FIN,error
AwAAAZTm7teAFnyDsgAAABhBWlRtN3RxZ0FBRHZ2YzM2TUwxQUxwU2sAAAAkMDE5NGU3MjUtYWU5MC00ODNlLTg2ZjQtZDcxY2JjY2NlMzllAABJIQ,event,"criticality:prod, dd_agent_key:adb, dd_agent_pythonv:3.12.6, dd_agent_version:7.59.0, domain_name:adb.local, env:prod, host:wpwvd-trms-1.adb.local, ip_subnet2:10.112, ip_subnet3:10.112.126, ip_subnet:10, monitor, os_version:windows_server_2019_datacenter, os_version_release:windows_server_2019_datacenter, os_version_windows:10.0_build_17763, platform:windows, region:azure, risk:financial, role:avd, service:trms, source:alert, system:trms, team:risk, team:windows",2025-02-09 03:00:00,[Triggered on {host:wpwvd-trms-1.adb.local}] TRMS Hosts Data Dog Agent Check - FIN,error
AwAAAZTm7oGQi5asJwAAABhBWlRtN29WaEFBQVczdHlVR2NPaXMxTXUAAAAkMDE5NGU3MjUtYWU5MC00ODNlLTg2ZjQtZDcxY2JjY2NlMzllAABJIA,event,"criticality:prod, dd_agent_key:adb, dd_agent_pythonv:3.12.6, dd_agent_version:7.59.0, domain_name:adb.local, env:prod, host:wpwvd-trms-1.adb.local, ip_subnet2:10.112, ip_subnet3:10.112.126, ip_subnet:10, monitor, os_version:windows_server_2019_datacenter, os_version_release:windows_server_2019_datacenter, os_version_windows:10.0_build_17763, platform:windows, priority:1, region:azure, risk:financial, role:avd, service:trms, source:alert, system:trms, team:risk, team:windows",2025-02-09 02:59:38,[P1] [Triggered] Host Uptime Monitor:TRMS - FIN,error
AwAAAZTmHHvwrfSWzgAAABhBWlRtSEg4cEFBQlhUbWNVRGdMTzlpNlEAAAAkMDE5NGU2NDktZjg3OC00NjIyLWE1OTYtYmNkNTgxZjc5ZmMwAAA3ww,event,"check_status:live, check_type:api-dns, ci_execution_rule:blocking, criticality:prod, env:prod, monitor, probe_dc:pl:hq-prod-1-3513f5b522a833600df2309408c22ed3, service:dns, source:alert, team:network",2025-02-08 23:10:14,[Recovered] trms-ui-dev.adb.org DNS resolution via DNS1 - Network,success
AwAAAZTmGJvAu1xCIgAAABhBWlRtR0o1SEFBQjlTT3p3dlU5aXFYYkUAAAAkMDE5NGU2NDktZjg3OC00NjIyLWE1OTYtYmNkNTgxZjc5ZmMwAAA3WA,event,"criticality:prod, dd_agent_key:adb, dd_agent_pythonv:3.12.6, dd_agent_version:7.59.0, domain_name:adb.local, env:prod, host:wpwvd-trms-0.adb.local, ip_subnet2:10.112, ip_subnet3:10.112.126, ip_subnet:10, monitor, os_version:windows_server_2019_datacenter, os_version_release:windows_server_2019_datacenter, os_version_windows:10.0_build_17763, platform:windows, region:azure, risk:financial, role:avd, service:trms, source:alert, system:trms, team:risk, team:windows, winserv:mam",2025-02-08 23:06:00,[Recovered on {host:wpwvd-trms-0.adb.local}] TRMS Hosts Data Dog Agent Check - FIN,success
AwAAAZTmF-_gozR-3AAAABhBWlRtRl8tQUFBQzVVVGl3Z1FsdElKZGcAAAAkMDE5NGU2NDktZjg3OC00NjIyLWE1OTYtYmNkNTgxZjc5ZmMwAAAAEg,event,"criticality:prod, dd_agent_key:adb, dd_agent_pythonv:3.12.6, dd_agent_version:7.59.0, domain_name:adb.local, env:prod, ip_subnet2:10.112, ip_subnet3:10.112.126, ip_subnet:10, os_version:windows_server_2019_datacenter, os_version_release:windows_server_2019_datacenter, os_version_windows:10.0_build_17763, platform:windows, region:azure, risk:financial, role:avd, service:trms, source:datadog, system:trms, team:windows, winserv:mam",2025-02-08 23:05:16,Datadog agent (v. 7.59.0) started on wpwvd-trms-0.adb.local,info
AwAAAZTmF-gQ4B0b7gAAABhBWlRtRi10R0FBQTNpVUlMekQzV2w0S3MAAAAkMDE5NGU2NDktZjg3OC00NjIyLWE1OTYtYmNkNTgxZjc5ZmMwAAA3wg,event,"check_status:live, check_type:api-dns, ci_execution_rule:blocking, criticality:prod, env:prod, monitor, probe_dc:pl:hq-prod-1-3513f5b522a833600df2309408c22ed3, service:dns, source:alert, team:network",2025-02-08 23:05:14,[Triggered] trms-ui-dev.adb.org DNS resolution via DNS1 - Network,error
AwAAAZTmF7FgQ-AXWgAAABhBWlRtRjdPc0FBQms1Tl80bWNxdHZQN1YAAAAkMDE5NGU2NDktZjg3OC00NjIyLWE1OTYtYmNkNTgxZjc5ZmMwAAA3Vw,event,"criticality:prod, dd_agent_key:adb, dd_agent_pythonv:3.12.6, dd_agent_version:7.59.0, domain_name:adb.local, env:prod, host:wpwvd-trms-0.adb.local, ip_subnet2:10.112, ip_subnet3:10.112.126, ip_subnet:10, monitor, os_version:windows_server_2019_datacenter, os_version_release:windows_server_2019_datacenter, os_version_windows:10.0_build_17763, platform:windows, region:azure, risk:financial, role:avd, service:trms, source:alert, system:trms, team:risk, team:windows, winserv:mam",2025-02-08 23:05:00,[Triggered on {host:wpwvd-trms-0.adb.local}] TRMS Hosts Data Dog Agent Check - FIN,error
AwAAAZTlG6XwM-G8-QAAABhBWlRsRzZjdkFBQ2YwQ3RxMEtzUHhGQmEAAAAkMDE5NGU1NmUtMjMyMC00NDMwLWFhOWYtNzYyODY3YjhjZTM3AAA3ZQ,event,"availability-zone:azure, criticality:prod, db:oracle, dd_agent_key:adb, dd_agent_pythonv:3.12.6, dd_agent_version:7.60.1, device:/mnt/trms, domain_name:adb.org, env:dev, env:prod, env:test, host:lpazdb1.adb.org, ip_subnet2:10.113, ip_subnet3:10.113.12, ip_subnet:10, monitor, os_version:redhat_8.10, os_version_release:redhat_8, os_version_windows:none, platform:linux, risk:financial, role:attestation, role:database, service:alms, service:non_erp, service:nsodm, service:tacp, service:trms, service:unix, source:alert, system:alms, system:non_erp, system:tacp, team:dba, team:unix",2025-02-08 18:29:42,[Recovered on {host:lpazdb1.adb.org}] NFS Mount Check for /mnt/trms - Unix,success
AwAAAZTlG0BgE3QjrQAAABhBWlRsRzBIQ0FBQVlLRDZlcmc4Q2h1N0sAAAAkMDE5NGU1NmUtMjMyMC00NDMwLWFhOWYtNzYyODY3YjhjZTM3AAA3YA,event,"availability-zone:azure, criticality:prod, db:oracle, dd_agent_key:adb, dd_agent_pythonv:3.12.6, dd_agent_version:7.60.1, device:/mnt/trms, domain_name:adb.org, env:dev, env:prod, env:test, host:lpazdb1.adb.org, ip_subnet2:10.113, ip_subnet3:10.113.12, ip_subnet:10, monitor, os_version:redhat_8.10, os_version_release:redhat_8, os_version_windows:none, platform:linux, risk:financial, role:attestation, role:database, service:_trms, service:alms, service:non_erp, service:nsodm, service:tacp, service:trms, source:alert, system:alms, system:non_erp, system:tacp, team:, team:dba",2025-02-08 18:29:16,[Recovered on {host:lpazdb1.adb.org}] TRMS Disk Usage of /mnt/trms - RISK - FIN,success
AwAAAZTlEKlwgI8i7QAAABhBWlRsRUt2OEFBQ2wxZHh1OVF0VXJlMWcAAAAkMDE5NGU1NmUtMjMyMC00NDMwLWFhOWYtNzYyODY3YjhjZTM3AAA3LA,event,"availability-zone:azure, criticality:prod, db:oracle, dd_agent_key:adb, dd_agent_pythonv:3.12.6, dd_agent_version:7.60.1, device:/mnt/trms, domain_name:adb.org, env:dev, env:prod, env:test, host:lpazdb1.adb.org, ip_subnet2:10.113, ip_subnet3:10.113.12, ip_subnet:10, monitor, os_version:redhat_8.10, os_version_release:redhat_8, os_version_windows:none, platform:linux, risk:financial, role:attestation, role:database, service:alms, service:non_erp, service:nsodm, service:tacp, service:trms, service:unix, source:alert, system:alms, system:non_erp, system:tacp, team:dba, team:unix",2025-02-08 18:17:42,[No data on {host:lpazdb1.adb.org}] NFS Mount Check for /mnt/trms - Unix,error
AwAAAZTlED_4iPpEVgAAABhBWlRsRUVLeEFBQmZFTVNKWExPT2JfRGMAAAAkMDE5NGU1NmUtMjMyMC00NDMwLWFhOWYtNzYyODY3YjhjZTM3AAA3JA,event,"availability-zone:azure, criticality:prod, db:oracle, dd_agent_key:adb, dd_agent_pythonv:3.12.6, dd_agent_version:7.60.1, device:/mnt/trms, domain_name:adb.org, env:dev, env:prod, env:test, host:lpazdb1.adb.org, ip_subnet2:10.113, ip_subnet3:10.113.12, ip_subnet:10, monitor, os_version:redhat_8.10, os_version_release:redhat_8, os_version_windows:none, platform:linux, risk:financial, role:attestation, role:database, service:_trms, service:alms, service:non_erp, service:nsodm, service:tacp, service:trms, source:alert, system:alms, system:non_erp, system:tacp, team:, team:dba",2025-02-08 18:17:15,[No data on {host:lpazdb1.adb.org}] TRMS Disk Usage of /mnt/trms - RISK - FIN,error
AwAAAZTk5tZocCBYrAAAABhBWlRrNXRwbUFBQ2lOOWZvMzFtOVJGRTUAAAAkMDE5NGU1NmUtMjMyMC00NDMwLWFhOWYtNzYyODY3YjhjZTM3AAA5JA,event,"availability-zone:azure, criticality:prod, db:oracle, dd_agent_key:adb, dd_agent_pythonv:3.12.6, dd_agent_version:7.59.1, domain_name:adb.org, env:dev, env:prod, host:lpazdb1.adb.org, ip_subnet2:10.113, ip_subnet3:10.113.12, ip_subnet:10, monitor, os_version:redhat_7.9, os_version_release:redhat_7, os_version_windows:none, platform:linux, risk:financial, role:attestation, role:database, service:_trms, service:alms, service:non_erp, service:nsodm, service:tacp, service:trms, source:alert, system:alms, system:non_erp, system:tacp, team:dba, team:fin",2025-02-08 17:32:01,[Recovered] [TRMS Oracle PROD] Service Check - FIN,success
AwAAAZTk5tKANJzhNwAAABhBWlRrNXRYRUFBRG16dlRCTG94R1F0Yk8AAAAkMDE5NGU1NmUtMjMyMC00NDMwLWFhOWYtNzYyODY3YjhjZTM3AAA5Iw,event,"availability-zone:azure, criticality:prod, db:oracle, dd_agent_key:adb, dd_agent_pythonv:3.12.6, dd_agent_version:7.59.1, domain_name:adb.org, env:prod, host:lpazdb1.adb.org, ip_subnet2:10.113, ip_subnet3:10.113.12, ip_subnet:10, monitor, os_version:redhat_7.9, os_version_release:redhat_7, os_version_windows:none, platform:linux, risk:financial, role:attestation, role:database, service:alms, service:non_erp, service:nsodm, service:tacp, service:trms, source:alert, system:alms, system:non_erp, system:tacp, team:dba, team:risk",2025-02-08 17:32:00,[Recovered on {host:lpazdb1.adb.org}] TRMS Hosts Data Dog Agent Check - FIN,success
AwAAAZTkwjdoafjOaQAAABhBWlRrd2p1cEFBQWNfX2k5a2dReTc2cmoAAAAkMDE5NGU1NmUtMjMyMC00NDMwLWFhOWYtNzYyODY3YjhjZTM3AAA5EQ,event,"availability-zone:azure, criticality:prod, db:oracle, dd_agent_key:adb, dd_agent_pythonv:3.12.6, dd_agent_version:7.59.1, domain_name:adb.org, env:dev, env:prod, host:lpazdb1.adb.org, ip_subnet2:10.113, ip_subnet3:10.113.12, ip_subnet:10, monitor, os_version:redhat_7.9, os_version_release:redhat_7, os_version_windows:none, platform:linux, risk:financial, role:attestation, role:database, service:_trms, service:alms, service:non_erp, service:nsodm, service:tacp, service:trms, source:alert, system:alms, system:non_erp, system:tacp, team:dba, team:fin",2025-02-08 16:52:01,[Triggered] [TRMS Oracle PROD] Service Check - FIN,error
AwAAAZTkwjOAegODsgAAABhBWlRrd2pZbkFBQzdlLWxYN25MYlJTSjIAAAAkMDE5NGU1NmUtMjMyMC00NDMwLWFhOWYtNzYyODY3YjhjZTM3AAA5EA,event,"availability-zone:azure, criticality:prod, db:oracle, dd_agent_key:adb, dd_agent_pythonv:3.12.6, dd_agent_version:7.59.1, domain_name:adb.org, env:prod, host:lpazdb1.adb.org, ip_subnet2:10.113, ip_subnet3:10.113.12, ip_subnet:10, monitor, os_version:redhat_7.9, os_version_release:redhat_7, os_version_windows:none, platform:linux, risk:financial, role:attestation, role:database, service:alms, service:non_erp, service:nsodm, service:tacp, service:trms, source:alert, system:alms, system:non_erp, system:tacp, team:dba, team:risk",2025-02-08 16:52:00,[Triggered on {host:lpazdb1.adb.org}] TRMS Hosts Data Dog Agent Check - FIN,error
AwAAAZTkczDwTc04nwAAABhBWlRrY3pXWkFBRFJobHhVUWZHbnA1OFMAAAAkMDE5NGU0OTItOTQxOC00NmNkLThmYTQtNTA1NDY3OWNmYjhhAABBVg,event,"availability-zone:azure, criticality:prod, db:oracle, dd_agent_key:adb, dd_agent_pythonv:3.12.6, dd_agent_version:7.59.1, device:/mnt/trms, domain_name:adb.org, env:dev, env:prod, env:test, host:lpazdb1.adb.org, ip_subnet2:10.113, ip_subnet3:10.113.12, ip_subnet:10, monitor, os_version:redhat_7.9, os_version_release:redhat_7, os_version_windows:none, platform:linux, risk:financial, role:attestation, role:database, service:alms, service:non_erp, service:nsodm, service:tacp, service:trms, service:unix, source:alert, system:alms, system:non_erp, system:tacp, team:dba, team:unix",2025-02-08 15:25:42,[No data on {host:lpazdb1.adb.org}] NFS Mount Check for /mnt/trms - Unix,error
AwAAAZTkcstgljLb1QAAABhBWlRrY3M0U0FBQ2dxVTZfckdnTjU5U0EAAAAkMDE5NGU0OTItOTQxOC00NmNkLThmYTQtNTA1NDY3OWNmYjhhAABBUw,event,"availability-zone:azure, criticality:prod, db:oracle, dd_agent_key:adb, dd_agent_pythonv:3.12.6, dd_agent_version:7.59.1, device:/mnt/trms, domain_name:adb.org, env:dev, env:prod, env:test, host:lpazdb1.adb.org, ip_subnet2:10.113, ip_subnet3:10.113.12, ip_subnet:10, monitor, os_version:redhat_7.9, os_version_release:redhat_7, os_version_windows:none, platform:linux, risk:financial, role:attestation, role:database, service:_trms, service:alms, service:non_erp, service:nsodm, service:tacp, service:trms, source:alert, system:alms, system:non_erp, system:tacp, team:, team:dba",2025-02-08 15:25:16,[No data on {host:lpazdb1.adb.org}] TRMS Disk Usage of /mnt/trms - RISK - FIN,error
AwAAAZTiqIMQHXEC0AAAABhBWlRpcUliU0FBQXdpeXRfVThqalpMSl8AAAAkMDE5NGUyZGItMTQ2MC00YTYyLTgxZDQtMjg5YmZjMTdlNmY0AAA0eA,event,"criticality:prod, dd_agent_key:adb, dd_agent_pythonv:3.12.6, dd_agent_version:7.59.0, domain_name:adb.local, env:prod, host:wpwvd-trms-1.adb.local, ip_subnet2:10.112, ip_subnet3:10.112.126, ip_subnet:10, monitor, os_version:windows_server_2019_datacenter, os_version_release:windows_server_2019_datacenter, os_version_windows:10.0_build_17763, platform:windows, region:azure, risk:financial, role:avd, service:trms, source:alert, system:trms, team:cyber_agents, team:windows",2025-02-08 07:04:42,[Recovered on {host:wpwvd-trms-1.adb.local}] Nessus Agent in Windows Server wpwvd-trms-1.adb.local Stopped Running - Cyber,success
AwAAAZTiqHNwM57gCgAAABhBWlRpcUhla0FBRG1NQkc0Wl82bnBtaGIAAAAkMDE5NGUyZGItMTQ2MC00YTYyLTgxZDQtMjg5YmZjMTdlNmY0AAA5hw,event,"criticality:prod, dd_agent_key:adb, dd_agent_pythonv:3.12.6, dd_agent_version:7.59.0, domain_name:adb.local, env:prod, host:wpwvd-trms-1.adb.local, ip_subnet2:10.112, ip_subnet3:10.112.126, ip_subnet:10, monitor, os_version:windows_server_2019_datacenter, os_version_release:windows_server_2019_datacenter, os_version_windows:10.0_build_17763, platform:windows, priority:1, region:azure, risk:financial, role:avd, service:trms, source:alert, system:trms, team:risk, team:windows",2025-02-08 07:04:38,[P1] [Recovered] Host Uptime Monitor:TRMS - FIN,success
AwAAAZTip98ASifB2wAAABhBWlRpcC1FY0FBRDUzZTAzZVR2Q2IzSkQAAAAkMDE5NGUyZGItMTQ2MC00YTYyLTgxZDQtMjg5YmZjMTdlNmY0AAA5hg,event,"criticality:prod, dd_agent_key:adb, dd_agent_pythonv:3.12.6, dd_agent_version:7.59.0, domain_name:adb.local, env:prod, host:wpwvd-trms-1.adb.local, ip_subnet2:10.112, ip_subnet3:10.112.126, ip_subnet:10, monitor, os_version:windows_server_2019_datacenter, os_version_release:windows_server_2019_datacenter, os_version_windows:10.0_build_17763, platform:windows, region:azure, risk:financial, role:avd, service:trms, source:alert, system:trms, team:risk, team:windows",2025-02-08 07:04:00,[Recovered on {host:wpwvd-trms-1.adb.local}] TRMS Hosts Data Dog Agent Check - FIN,success
AwAAAZTip4UoOxEXWgAAABhBWlRpcDZSb0FBRFZndTRmWFRRTmZNR0gAAAAkMDE5NGUyZGItMTQ2MC00YTYyLTgxZDQtMjg5YmZjMTdlNmY0AAAAIQ,event,"criticality:prod, dd_agent_key:adb, dd_agent_pythonv:3.12.6, dd_agent_version:7.59.0, domain_name:adb.local, env:prod, ip_subnet2:10.112, ip_subnet3:10.112.126, ip_subnet:10, os_version:windows_server_2019_datacenter, os_version_release:windows_server_2019_datacenter, os_version_windows:10.0_build_17763, platform:windows, region:azure, risk:financial, role:avd, service:trms, source:datadog, system:trms, team:windows",2025-02-08 07:03:37,Datadog agent (v. 7.59.0) started on wpwvd-trms-1.adb.local,info
AwAAAZTic2lQZAGsJwAAABhBWlRpYzJ1QkFBQXV4WlZGYVN4eU1JWFkAAAAkMDE5NGUyZGItMTQ2MC00YTYyLTgxZDQtMjg5YmZjMTdlNmY0AAA0Rg,event,"criticality:prod, dd_agent_key:adb, dd_agent_pythonv:3.12.6, dd_agent_version:7.59.0, domain_name:adb.local, env:prod, host:wpwvd-trms-1.adb.local, ip_subnet2:10.112, ip_subnet3:10.112.126, ip_subnet:10, monitor, os_version:windows_server_2019_datacenter, os_version_release:windows_server_2019_datacenter, os_version_windows:10.0_build_17763, platform:windows, region:azure, risk:financial, role:avd, service:trms, source:alert, system:trms, team:cyber_agents, team:windows",2025-02-08 06:06:42,[Re-Triggered on {host:wpwvd-trms-1.adb.local}] Nessus Agent in Windows Server wpwvd-trms-1.adb.local Stopped Running - Cyber,error
AwAAAZTiPHrQHCCdIgAAABhBWlRpUEh3WUFBQXBSX2EyOVVOVk85dm8AAAAkMDE5NGUyZGItMTQ2MC00YTYyLTgxZDQtMjg5YmZjMTdlNmY0AAA0Hw,event,"criticality:prod, dd_agent_key:adb, dd_agent_pythonv:3.12.6, dd_agent_version:7.59.0, domain_name:adb.local, env:prod, host:wpwvd-trms-1.adb.local, ip_subnet2:10.112, ip_subnet3:10.112.126, ip_subnet:10, monitor, os_version:windows_server_2019_datacenter, os_version_release:windows_server_2019_datacenter, os_version_windows:10.0_build_17763, platform:windows, region:azure, risk:financial, role:avd, service:trms, source:alert, system:trms, team:cyber_agents, team:windows",2025-02-08 05:06:42,[Re-Triggered on {host:wpwvd-trms-1.adb.local}] Nessus Agent in Windows Server wpwvd-trms-1.adb.local Stopped Running - Cyber,error
AwAAAZTiBYxQI5qkJwAAABhBWlRpQlkxTEFBQ044WHVxWFZsZTJyNFUAAAAkMDE5NGUyZGItMTQ2MC00YTYyLTgxZDQtMjg5YmZjMTdlNmY0AAAz8w,event,"criticality:prod, dd_agent_key:adb, dd_agent_pythonv:3.12.6, dd_agent_version:7.59.0, domain_name:adb.local, env:prod, host:wpwvd-trms-1.adb.local, ip_subnet2:10.112, ip_subnet3:10.112.126, ip_subnet:10, monitor, os_version:windows_server_2019_datacenter, os_version_release:windows_server_2019_datacenter, os_version_windows:10.0_build_17763, platform:windows, region:azure, risk:financial, role:avd, service:trms, source:alert, system:trms, team:cyber_agents, team:windows",2025-02-08 04:06:42,[Re-Triggered on {host:wpwvd-trms-1.adb.local}] Nessus Agent in Windows Server wpwvd-trms-1.adb.local Stopped Running - Cyber,error
AwAAAZThzp3QMg6O-wAAABhBWlRoenA4aEFBQmNLNDhFdFBSTDVfV3MAAAAkMDE5NGUxZmYtNjIzMC00MWMyLTg3NjctYmUyNWU1ZTM0OGEwAAA1Kw,event,"criticality:prod, dd_agent_key:adb, dd_agent_pythonv:3.12.6, dd_agent_version:7.59.0, domain_name:adb.local, env:prod, host:wpwvd-trms-1.adb.local, ip_subnet2:10.112, ip_subnet3:10.112.126, ip_subnet:10, monitor, os_version:windows_server_2019_datacenter, os_version_release:windows_server_2019_datacenter, os_version_windows:10.0_build_17763, platform:windows, region:azure, risk:financial, role:avd, service:trms, source:alert, system:trms, team:cyber_agents, team:windows",2025-02-08 03:06:42,[Re-Triggered on {host:wpwvd-trms-1.adb.local}] Nessus Agent in Windows Server wpwvd-trms-1.adb.local Stopped Running - Cyber,error
AwAAAZThl69QLMEfFwAAABhBWlRobDdCb0FBQ2toR2xCSUJKWWxxbTEAAAAkMDE5NGUxZmYtNjIzMC00MWMyLTg3NjctYmUyNWU1ZTM0OGEwAAA0_w,event,"criticality:prod, dd_agent_key:adb, dd_agent_pythonv:3.12.6, dd_agent_version:7.59.0, domain_name:adb.local, env:prod, host:wpwvd-trms-1.adb.local, ip_subnet2:10.112, ip_subnet3:10.112.126, ip_subnet:10, monitor, os_version:windows_server_2019_datacenter, os_version_release:windows_server_2019_datacenter, os_version_windows:10.0_build_17763, platform:windows, region:azure, risk:financial, role:avd, service:trms, source:alert, system:trms, team:cyber_agents, team:windows",2025-02-08 02:06:42,[Re-Triggered on {host:wpwvd-trms-1.adb.local}] Nessus Agent in Windows Server wpwvd-trms-1.adb.local Stopped Running - Cyber,error
AwAAAZThYMDQauZVdwAAABhBWlRoWU1Mb0FBQVR4QlhFcW1WVENTOXoAAAAkMDE5NGUxZmYtNjIzMC00MWMyLTg3NjctYmUyNWU1ZTM0OGEwAAA01g,event,"criticality:prod, dd_agent_key:adb, dd_agent_pythonv:3.12.6, dd_agent_version:7.59.0, domain_name:adb.local, env:prod, host:wpwvd-trms-1.adb.local, ip_subnet2:10.112, ip_subnet3:10.112.126, ip_subnet:10, monitor, os_version:windows_server_2019_datacenter, os_version_release:windows_server_2019_datacenter, os_version_windows:10.0_build_17763, platform:windows, region:azure, risk:financial, role:avd, service:trms, source:alert, system:trms, team:cyber_agents, team:windows",2025-02-08 01:06:42,[Triggered on {host:wpwvd-trms-1.adb.local}] Nessus Agent in Windows Server wpwvd-trms-1.adb.local Stopped Running - Cyber,error
AwAAAZThKwMAjbk_iQAAABhBWlRoS3dWU0FBQTBVUFRFVkE1U1dFVWkAAAAkMDE5NGUxZmYtNjIzMC00MWMyLTg3NjctYmUyNWU1ZTM0OGEwAAA5zA,event,"criticality:prod, dd_agent_key:adb, dd_agent_pythonv:3.12.6, dd_agent_version:7.59.0, domain_name:adb.local, env:prod, host:wpwvd-trms-1.adb.local, ip_subnet2:10.112, ip_subnet3:10.112.126, ip_subnet:10, monitor, os_version:windows_server_2019_datacenter, os_version_release:windows_server_2019_datacenter, os_version_windows:10.0_build_17763, platform:windows, region:azure, risk:financial, role:avd, service:trms, source:alert, system:trms, team:risk, team:windows",2025-02-08 00:08:00,[Triggered on {host:wpwvd-trms-1.adb.local}] TRMS Hosts Data Dog Agent Check - FIN,error
AwAAAZThKrD40mI1TQAAABhBWlRoS3JIZUFBQ0F1SDhsLXZJUmRfa0cAAAAkMDE5NGUxZmYtNjIzMC00MWMyLTg3NjctYmUyNWU1ZTM0OGEwAAA5yw,event,"criticality:prod, dd_agent_key:adb, dd_agent_pythonv:3.12.6, dd_agent_version:7.59.0, domain_name:adb.local, env:prod, host:wpwvd-trms-1.adb.local, ip_subnet2:10.112, ip_subnet3:10.112.126, ip_subnet:10, monitor, os_version:windows_server_2019_datacenter, os_version_release:windows_server_2019_datacenter, os_version_windows:10.0_build_17763, platform:windows, priority:1, region:azure, risk:financial, role:avd, service:trms, source:alert, system:trms, team:risk, team:windows",2025-02-08 00:07:39,[P1] [Triggered] Host Uptime Monitor:TRMS - FIN,error
AwAAAZTg8j_AoA9AfAAAABhBWlRnOGtKMkFBQVhsVy1IcGctM2FHQ3QAAAAkMDE5NGUxMjMtOTBjMC00YTFmLTgwNmYtZTk2YTk4ZDRiMzYwAAA-zQ,event,"criticality:prod, dd_agent_key:adb, dd_agent_pythonv:3.12.6, dd_agent_version:7.59.0, domain_name:adb.local, env:prod, host:wpwvd-trms-0.adb.local, ip_subnet2:10.112, ip_subnet3:10.112.126, ip_subnet:10, monitor, os_version:windows_server_2019_datacenter, os_version_release:windows_server_2019_datacenter, os_version_windows:10.0_build_17763, platform:windows, region:azure, risk:financial, role:avd, service:trms, source:alert, system:trms, team:risk, team:windows, winserv:mam",2025-02-07 23:06:00,[Recovered on {host:wpwvd-trms-0.adb.local}] TRMS Hosts Data Dog Agent Check - FIN,success
AwAAAZTg8XSgZ2iVbgAAABhBWlRnOFpQZ0FBRE10dnBVd0VnMGlQOVAAAAAkMDE5NGUxMjMtOTBjMC00YTFmLTgwNmYtZTk2YTk4ZDRiMzYwAAAAFQ,event,"criticality:prod, dd_agent_key:adb, dd_agent_pythonv:3.12.6, dd_agent_version:7.59.0, domain_name:adb.local, env:prod, ip_subnet2:10.112, ip_subnet3:10.112.126, ip_subnet:10, os_version:windows_server_2019_datacenter, os_version_release:windows_server_2019_datacenter, os_version_windows:10.0_build_17763, platform:windows, region:azure, risk:financial, role:avd, service:trms, source:datadog, system:trms, team:windows, winserv:mam",2025-02-07 23:05:08,Datadog agent (v. 7.59.0) started on wpwvd-trms-0.adb.local,info
AwAAAZTg8VVgNmN-sAAAABhBWlRnOFZnQUFBQ25hNGZuRndPOFI5aGkAAAAkMDE5NGUxMjMtOTBjMC00YTFmLTgwNmYtZTk2YTk4ZDRiMzYwAAA-zA,event,"criticality:prod, dd_agent_key:adb, dd_agent_pythonv:3.12.6, dd_agent_version:7.59.0, domain_name:adb.local, env:prod, host:wpwvd-trms-0.adb.local, ip_subnet2:10.112, ip_subnet3:10.112.126, ip_subnet:10, monitor, os_version:windows_server_2019_datacenter, os_version_release:windows_server_2019_datacenter, os_version_windows:10.0_build_17763, platform:windows, region:azure, risk:financial, role:avd, service:trms, source:alert, system:trms, team:risk, team:windows, winserv:mam",2025-02-07 23:05:00,[Triggered on {host:wpwvd-trms-0.adb.local}] TRMS Hosts Data Dog Agent Check - FIN,error
AwAAAZTeGHOgTHBAfAAAABhBWlRlR0hYaUFBQk9NaFNWVG9hTG95bUoAAAAkMDE5NGRlOTAtN2EzMC00YjBhLWFhNmItYzczZTNjYTJlZmE1AAA8Eg,event,"env:dev, location:azure, monitor, priority:2, service:_trms, source:alert, team:fin",2025-02-07 09:48:52,[P2] [Recovered] [TRMS Azure AppService API] Log Error Monitor - FIN,success
AwAAAZTeF4VY0ry03QAAABhBWlRlRjRsMUFBRE51eVFDYmI2OGtMLUoAAAAkMDE5NGRlOTAtN2EzMC00YjBhLWFhNmItYzczZTNjYTJlZmE1AAA8EQ,event,"env:dev, location:azure, monitor, priority:2, service:_trms, source:alert, team:fin",2025-02-07 09:47:51,[P2] [Warn] [TRMS Azure AppService API] Log Error Monitor - FIN,warning
AwAAAZTeD0f4i8nIMQAAABhBWlRlRDB0QkFBQl93eWs0aXlrRVVNUmcAAAAkMDE5NGRlOTAtN2EzMC00YjBhLWFhNmItYzczZTNjYTJlZmE1AAA8CA,event,"env:dev, location:azure, monitor, priority:2, service:_trms, source:alert, team:fin",2025-02-07 09:38:51,[P2] [Triggered] [TRMS Azure AppService API] Log Error Monitor - FIN,error
AwAAAZTeDmGAYyax0QAAABhBWlRlRG1KdUFBQ1RNX2hNLVlnUElUMHEAAAAkMDE5NGRlOTAtN2EzMC00YjBhLWFhNmItYzczZTNjYTJlZmE1AAA8Bg,event,"env:dev, location:azure, monitor, priority:2, service:_trms, source:alert, team:fin",2025-02-07 09:37:52,[P2] [Warn] [TRMS Azure AppService API] Log Error Monitor - FIN,warning
AwAAAZTdgw2Iw1p7_gAAABhBWlRkZ3hGZUFBRGtRV1dTa0pGaURPZGUAAAAkMDE5NGRkYjQtYTRkOC00OWYxLWJhYjQtZTJhOTA3MzJlODE3AAA0HQ,event,"criticality:prod, dd_agent_key:adb, dd_agent_pythonv:3.12.6, dd_agent_version:7.59.0, domain_name:adb.local, env:prod, host:wpwvd-trms-1.adb.local, ip_subnet2:10.112, ip_subnet3:10.112.126, ip_subnet:10, monitor, os_version:windows_server_2019_datacenter, os_version_release:windows_server_2019_datacenter, os_version_windows:10.0_build_17763, platform:windows, region:azure, risk:financial, role:avd, service:trms, source:alert, system:trms, team:cyber_agents, team:windows",2025-02-07 07:05:41,[Recovered on {host:wpwvd-trms-1.adb.local}] Nessus Agent in Windows Server wpwvd-trms-1.adb.local Stopped Running - Cyber,success
AwAAAZTdgm1gZF5rsgAAABhBWlRkZ25BTkFBQVpZR1huWFhfd0FHZkgAAAAkMDE5NGRkYjQtYTRkOC00OWYxLWJhYjQtZTJhOTA3MzJlODE3AAA38g,event,"criticality:prod, dd_agent_key:adb, dd_agent_pythonv:3.12.6, dd_agent_version:7.59.0, domain_name:adb.local, env:prod, host:wpwvd-trms-1.adb.local, ip_subnet2:10.112, ip_subnet3:10.112.126, ip_subnet:10, monitor, os_version:windows_server_2019_datacenter, os_version_release:windows_server_2019_datacenter, os_version_windows:10.0_build_17763, platform:windows, region:azure, risk:financial, role:avd, service:trms, source:alert, system:trms, team:risk, team:windows",2025-02-07 07:05:00,[Recovered on {host:wpwvd-trms-1.adb.local}] TRMS Hosts Data Dog Agent Check - FIN,success
AwAAAZTdghdw7lndWgAAABhBWlRkZ2h0d0FBQTVkSjNsNDV6UURIZ3QAAAAkMDE5NGRkYjQtYTRkOC00OWYxLWJhYjQtZTJhOTA3MzJlODE3AAA38Q,event,"criticality:prod, dd_agent_key:adb, dd_agent_pythonv:3.12.6, dd_agent_version:7.59.0, domain_name:adb.local, env:prod, host:wpwvd-trms-1.adb.local, ip_subnet2:10.112, ip_subnet3:10.112.126, ip_subnet:10, monitor, os_version:windows_server_2019_datacenter, os_version_release:windows_server_2019_datacenter, os_version_windows:10.0_build_17763, platform:windows, priority:1, region:azure, risk:financial, role:avd, service:trms, source:alert, system:trms, team:risk, team:windows",2025-02-07 07:04:38,[P1] [Recovered] Host Uptime Monitor:TRMS - FIN,success
AwAAAZTdgWeoutdAfAAAABhBWlRkZ1lNQUFBQ19FbE56MmNCZkdpQlIAAAAkMDE5NGRkYjQtYTRkOC00OWYxLWJhYjQtZTJhOTA3MzJlODE3AAAAMg,event,"criticality:prod, dd_agent_key:adb, dd_agent_pythonv:3.12.6, dd_agent_version:7.59.0, domain_name:adb.local, env:prod, ip_subnet2:10.112, ip_subnet3:10.112.126, ip_subnet:10, os_version:windows_server_2019_datacenter, os_version_release:windows_server_2019_datacenter, os_version_windows:10.0_build_17763, platform:windows, region:azure, risk:financial, role:avd, service:trms, source:datadog, system:trms, team:windows",2025-02-07 07:03:53,Datadog agent (v. 7.59.0) started on wpwvd-trms-1.adb.local,info
AwAAAZTdTQ1QxP9OSwAAABhBWlRkVFJFRUFBQVpQNHpPcUtEQjJUd0oAAAAkMDE5NGRkYjQtYTRkOC00OWYxLWJhYjQtZTJhOTA3MzJlODE3AAAz4Q,event,"criticality:prod, dd_agent_key:adb, dd_agent_pythonv:3.12.6, dd_agent_version:7.59.0, domain_name:adb.local, env:prod, host:wpwvd-trms-1.adb.local, ip_subnet2:10.112, ip_subnet3:10.112.126, ip_subnet:10, monitor, os_version:windows_server_2019_datacenter, os_version_release:windows_server_2019_datacenter, os_version_windows:10.0_build_17763, platform:windows, region:azure, risk:financial, role:avd, service:trms, source:alert, system:trms, team:cyber_agents, team:windows",2025-02-07 06:06:42,[Re-Triggered on {host:wpwvd-trms-1.adb.local}] Nessus Agent in Windows Server wpwvd-trms-1.adb.local Stopped Running - Cyber,error
AwAAAZTdFh7QoytimAAAABhBWlRkRmlJV0FBQmFDOG4wbm9HR1FPOGsAAAAkMDE5NGRkYjQtYTRkOC00OWYxLWJhYjQtZTJhOTA3MzJlODE3AAAzuw,event,"criticality:prod, dd_agent_key:adb, dd_agent_pythonv:3.12.6, dd_agent_version:7.59.0, domain_name:adb.local, env:prod, host:wpwvd-trms-1.adb.local, ip_subnet2:10.112, ip_subnet3:10.112.126, ip_subnet:10, monitor, os_version:windows_server_2019_datacenter, os_version_release:windows_server_2019_datacenter, os_version_windows:10.0_build_17763, platform:windows, region:azure, risk:financial, role:avd, service:trms, source:alert, system:trms, team:cyber_agents, team:windows",2025-02-07 05:06:42,[Re-Triggered on {host:wpwvd-trms-1.adb.local}] Nessus Agent in Windows Server wpwvd-trms-1.adb.local Stopped Running - Cyber,error
AwAAAZTc3zBQFr4-_gAAABhBWlRjM3pLZUFBQWI1dkNDSHlDMkRiYUUAAAAkMDE5NGRkYjQtYTRkOC00OWYxLWJhYjQtZTJhOTA3MzJlODE3AAAzlw,event,"criticality:prod, dd_agent_key:adb, dd_agent_pythonv:3.12.6, dd_agent_version:7.59.0, domain_name:adb.local, env:prod, host:wpwvd-trms-1.adb.local, ip_subnet2:10.112, ip_subnet3:10.112.126, ip_subnet:10, monitor, os_version:windows_server_2019_datacenter, os_version_release:windows_server_2019_datacenter, os_version_windows:10.0_build_17763, platform:windows, region:azure, risk:financial, role:avd, service:trms, source:alert, system:trms, team:cyber_agents, team:windows",2025-02-07 04:06:42,[Re-Triggered on {host:wpwvd-trms-1.adb.local}] Nessus Agent in Windows Server wpwvd-trms-1.adb.local Stopped Running - Cyber,error
AwAAAZTcqD3oH8l_swAAABhBWlRjcUVKMUFBQVFMYXJzRS1iUTZMWHIAAAAkMDE5NGRjZDgtZjJhOC00MTJmLWFlMmUtM2Y2ZGFhOGZhY2I0AAA1OA,event,"criticality:prod, dd_agent_key:adb, dd_agent_pythonv:3.12.6, dd_agent_version:7.59.0, domain_name:adb.local, env:prod, host:wpwvd-trms-1.adb.local, ip_subnet2:10.112, ip_subnet3:10.112.126, ip_subnet:10, monitor, os_version:windows_server_2019_datacenter, os_version_release:windows_server_2019_datacenter, os_version_windows:10.0_build_17763, platform:windows, region:azure, risk:financial, role:avd, service:trms, source:alert, system:trms, team:cyber_agents, team:windows",2025-02-07 03:06:41,[Re-Triggered on {host:wpwvd-trms-1.adb.local}] Nessus Agent in Windows Server wpwvd-trms-1.adb.local Stopped Running - Cyber,error
AwAAAZTciH0A46IZzQAAABhBWlRjaUlBQkFBQ01oRUJnMGdTRzRuRlIAAAAkMDE5NGRjZDgtZjJhOC00MTJmLWFlMmUtM2Y2ZGFhOGZhY2I0AAA46A,event,"criticality:prod, dd_agent_key:adb, dd_agent_pythonv:3.12.6, dd_agent_version:7.59.0, domain_name:adb.local, env:prod, host:wpwvd-trms-0.adb.local, ip_subnet2:10.112, ip_subnet3:10.112.126, ip_subnet:10, monitor, os_version:windows_server_2019_datacenter, os_version_release:windows_server_2019_datacenter, os_version_windows:10.0_build_17763, platform:windows, region:azure, risk:financial, role:avd, service:trms, source:alert, system:trms, team:risk, team:windows, winserv:mam",2025-02-07 02:32:00,[Recovered on {host:wpwvd-trms-0.adb.local}] TRMS Hosts Data Dog Agent Check - FIN,success
AwAAAZTch5KgaoF1awAAABhBWlRjaDVaeEFBRE5MWDR6S1FiREg3MEoAAAAkMDE5NGRjZDgtZjJhOC00MTJmLWFlMmUtM2Y2ZGFhOGZhY2I0AAA45w,event,"criticality:prod, dd_agent_key:adb, dd_agent_pythonv:3.12.6, dd_agent_version:7.59.0, domain_name:adb.local, env:prod, host:wpwvd-trms-0.adb.local, ip_subnet2:10.112, ip_subnet3:10.112.126, ip_subnet:10, monitor, os_version:windows_server_2019_datacenter, os_version_release:windows_server_2019_datacenter, os_version_windows:10.0_build_17763, platform:windows, region:azure, risk:financial, role:avd, service:trms, source:alert, system:trms, team:risk, team:windows, winserv:mam",2025-02-07 02:31:00,[Triggered on {host:wpwvd-trms-0.adb.local}] TRMS Hosts Data Dog Agent Check - FIN,error
AwAAAZTch3dInwHbwwAAABhBWlRjaDVLZ0FBQ2taUk5tNng3Vy1LS1UAAAAkMDE5NGRjZDgtZjJhOC00MTJmLWFlMmUtM2Y2ZGFhOGZhY2I0AAAAEw,event,"criticality:prod, dd_agent_key:adb, dd_agent_pythonv:3.12.6, dd_agent_version:7.59.0, domain_name:adb.local, env:prod, ip_subnet2:10.112, ip_subnet3:10.112.126, ip_subnet:10, os_version:windows_server_2019_datacenter, os_version_release:windows_server_2019_datacenter, os_version_windows:10.0_build_17763, platform:windows, region:azure, risk:financial, role:avd, service:trms, source:datadog, system:trms, team:windows, winserv:mam",2025-02-07 02:30:53,Datadog agent (v. 7.59.0) started on wpwvd-trms-0.adb.local,info
AwAAAZTccVNQ0PuOewAAABhBWlRjY1ZTOUFBRHhGYjZFVFV5Q3ozbFIAAAAkMDE5NGRjZDgtZjJhOC00MTJmLWFlMmUtM2Y2ZGFhOGZhY2I0AAA1IA,event,"criticality:prod, dd_agent_key:adb, dd_agent_pythonv:3.12.6, dd_agent_version:7.59.0, domain_name:adb.local, env:prod, host:wpwvd-trms-1.adb.local, ip_subnet2:10.112, ip_subnet3:10.112.126, ip_subnet:10, monitor, os_version:windows_server_2019_datacenter, os_version_release:windows_server_2019_datacenter, os_version_windows:10.0_build_17763, platform:windows, region:azure, risk:financial, role:avd, service:trms, source:alert, system:trms, team:cyber_agents, team:windows",2025-02-07 02:06:42,[Re-Triggered on {host:wpwvd-trms-1.adb.local}] Nessus Agent in Windows Server wpwvd-trms-1.adb.local Stopped Running - Cyber,error
AwAAAZTcOmDosSgR9QAAABhBWlRjT21WV0FBQ0F2dmowQjhHLWQxakIAAAAkMDE5NGRjZDgtZjJhOC00MTJmLWFlMmUtM2Y2ZGFhOGZhY2I0AAA1Cg,event,"criticality:prod, dd_agent_key:adb, dd_agent_pythonv:3.12.6, dd_agent_version:7.59.0, domain_name:adb.local, env:prod, host:wpwvd-trms-1.adb.local, ip_subnet2:10.112, ip_subnet3:10.112.126, ip_subnet:10, monitor, os_version:windows_server_2019_datacenter, os_version_release:windows_server_2019_datacenter, os_version_windows:10.0_build_17763, platform:windows, region:azure, risk:financial, role:avd, service:trms, source:alert, system:trms, team:cyber_agents, team:windows",2025-02-07 01:06:41,[Triggered on {host:wpwvd-trms-1.adb.local}] Nessus Agent in Windows Server wpwvd-trms-1.adb.local Stopped Running - Cyber,error
AwAAAZTcBFT4aLIJ7gAAABhBWlRjQkZhTEFBQzE0VEJ0RDlINDBqS2UAAAAkMDE5NGRjZDgtZjJhOC00MTJmLWFlMmUtM2Y2ZGFhOGZhY2I0AAA43A,event,"criticality:prod, dd_agent_key:adb, dd_agent_pythonv:3.12.6, dd_agent_version:7.59.0, domain_name:adb.local, env:prod, host:wpwvd-trms-1.adb.local, ip_subnet2:10.112, ip_subnet3:10.112.126, ip_subnet:10, monitor, os_version:windows_server_2019_datacenter, os_version_release:windows_server_2019_datacenter, os_version_windows:10.0_build_17763, platform:windows, priority:1, region:azure, risk:financial, role:avd, service:trms, source:alert, system:trms, team:risk, team:windows",2025-02-07 00:07:39,[P1] [Triggered] Host Uptime Monitor:TRMS - FIN,error
AwAAAZTcA7ygLigojgAAABhBWlRjQTc3c0FBQm5LOU41ZlJnSnBZUTgAAAAkMDE5NGRjZDgtZjJhOC00MTJmLWFlMmUtM2Y2ZGFhOGZhY2I0AAA42w,event,"criticality:prod, dd_agent_key:adb, dd_agent_pythonv:3.12.6, dd_agent_version:7.59.0, domain_name:adb.local, env:prod, host:wpwvd-trms-1.adb.local, ip_subnet2:10.112, ip_subnet3:10.112.126, ip_subnet:10, monitor, os_version:windows_server_2019_datacenter, os_version_release:windows_server_2019_datacenter, os_version_windows:10.0_build_17763, platform:windows, region:azure, risk:financial, role:avd, service:trms, source:alert, system:trms, team:risk, team:windows",2025-02-07 00:07:00,[Triggered on {host:wpwvd-trms-1.adb.local}] TRMS Hosts Data Dog Agent Check - FIN,error
AwAAAZTb9juYopPJLwAAABhBWlRiOWo1UUFBQ3JfRXpiNjFCVUFqRXYAAAAkMDE5NGRiZmQtNGMzMC00ODRmLWIzMjQtNzc1NGZiYjMzOGU4AAA6Ow,event,"availability-zone:hq, criticality:non-prod, criticality:prod, db:oracle, dd_agent_key:adb, dd_agent_pythonv:3.12.6, dd_agent_version:7.60.1, device:/mnt/trms, domain_name:adb.org, env:dev, env:prod, env:test, host:ltazdb1.adb.org, ip_subnet2:10.114, ip_subnet3:10.114.12, ip_subnet:10, monitor, os_version:redhat_8.10, os_version_release:redhat_8, os_version_windows:none, platform:linux, role:database, service:_trms, service:gfis-app, service:non_erp, service:tacp, source:alert, system:tacp, team:, team:dba",2025-02-06 23:52:15,[Recovered on {host:ltazdb1.adb.org}] TRMS Disk Usage of /mnt/trms - RISK - FIN,success
AwAAAZTb9VE4ZXh8PAAAABhBWlRiOVZiZEFBQVJHM25xTnRfZ0hJY2cAAAAkMDE5NGRiZmQtNGMzMC00ODRmLWIzMjQtNzc1NGZiYjMzOGU4AAA6OA,event,"availability-zone:hq, criticality:non-prod, criticality:prod, db:oracle, dd_agent_key:adb, dd_agent_pythonv:3.12.6, dd_agent_version:7.60.1, device:/mnt/trms, domain_name:adb.org, env:dev, env:prod, env:test, host:ltazdb1.adb.org, ip_subnet2:10.114, ip_subnet3:10.114.12, ip_subnet:10, monitor, os_version:redhat_8.10, os_version_release:redhat_8, os_version_windows:none, platform:linux, role:database, service:_trms, service:gfis-app, service:non_erp, service:tacp, source:alert, system:tacp, team:, team:dba",2025-02-06 23:51:15,[No data on {host:ltazdb1.adb.org}] TRMS Disk Usage of /mnt/trms - RISK - FIN,error
AwAAAZTbcDro7kK24wAAABhBWlRiY0R2MEFBRFhWcDVmNlowazlHR2IAAAAkMDE5NGRiZmQtNGMzMC00ODRmLWIzMjQtNzc1NGZiYjMzOGU4AAA6kw,event,"check_status:live, check_type:api-dns, ci_execution_rule:blocking, criticality:prod, env:prod, monitor, probe_dc:pl:hq-prod-1-3513f5b522a833600df2309408c22ed3, service:dns, source:alert, team:network",2025-02-06 21:25:53,[Recovered] Test on trms-ui-dev.adb.org via WPAD1 - Network,success
AwAAAZTba6MgiLu6OAAAABhBWlRiYS12aUFBQ2xVQW8yZ2tWSnpha0UAAAAkMDE5NGRiZmQtNGMzMC00ODRmLWIzMjQtNzc1NGZiYjMzOGU4AAA6kQ,event,"check_status:live, check_type:api-dns, ci_execution_rule:blocking, criticality:prod, env:prod, monitor, probe_dc:pl:hq-prod-1-3513f5b522a833600df2309408c22ed3, service:dns, source:alert, team:network",2025-02-06 21:20:52,[Triggered] Test on trms-ui-dev.adb.org via WPAD1 - Network,error
AwAAAZTa9agAEXTJLwAAABhBWlRhOWFxSkFBQ200TlpjcFB0bl9pdHUAAAAkMDE5NGRiMjEtNzJmMC00YzdlLWExMWEtYmVjY2IxMjAwNGVkAAA_2Q,event,"availability-zone:hq, criticality:non-prod, criticality:prod, dashboard:non-prod, db:oracle, dd_agent_key:adb, dd_agent_pythonv:3.12.6, dd_agent_version:7.60.1, domain_name:adb.org, env:dev, env:prod, host:lvddbfix.adb.org, ip_subnet2:172.22, ip_subnet3:172.22.130, ip_subnet:172, mac_address:00_21_f6, mac_vendor:oracle, machine:x86_64, monitor, os_cpu_cores:4, os_cpu_vcores:4, os_disk_rootc:12gb, os_memory:47gb, os_version:redhat_8.10, os_version_release:redhat_8, os_version_windows:none, platform:linux, risk:financial, role:database, service:alms, service:asiadatamobile, service:cpd, service:eserve, service:glbpymnt, service:ids, service:ifirst, service:jboss, service:jbrms, service:jira, service:myadb, service:non_erp, service:nso, service:odg, service:ods, service:sdbs, service:ssc, service:tacp, service:taportal, service:tms, service:trms, source:alert, system:alms, system:asiadatamobile, system:cpd, system:eserve, system:glbpymnt, system:ids, system:ifirst, system:jboss, system:jbrms, system:jira, system:myadb, system:non_erp, system:nso, system:odg, system:ods, system:sdbs, system:ssc, system:tacp, system:taportal, system:tms, system:trms, team:dba, team:risk",2025-02-06 19:12:00,[Recovered on {host:lvddbfix.adb.org}] TRMS Hosts Data Dog Agent Check - FIN,success
AwAAAZTa89NA8ql2WwAAABhBWlRhODlWbUFBQlJNMVZTWXhwQnAtMjMAAAAkMDE5NGRiMjEtNzJmMC00YzdlLWExMWEtYmVjY2IxMjAwNGVkAAA_zw,event,"availability-zone:hq, criticality:non-prod, criticality:prod, db:oracle, dd_agent_key:adb, dd_agent_pythonv:3.12.6, dd_agent_version:7.60.1, domain_name:adb.org, env:prod, env:test, host:lvtdb01.adb.org, ip_subnet2:172.22, ip_subnet3:172.22.130, ip_subnet:172, mac_address:00_21_f6, mac_vendor:oracle, machine:x86_64, monitor, os_cpu_cores:8, os_cpu_vcores:8, os_disk_rootc:12gb, os_memory:123gb, os_version:redhat_8.10, os_version_release:redhat_8, os_version_windows:none, platform:linux, risk:financial, role:database, service:alms, service:asiadatamobile, service:cognos, service:eserve, service:filenet, service:gfis-app, service:glbpymnt, service:ids, service:jboss, service:jbrms, service:jira, service:non_erp, service:nso, service:odg, service:ods, service:sdbs, service:ssc, service:tacp, service:taportal, service:tms, service:trms, source:alert, system:cognos, team:dba, team:risk, usage:test_db",2025-02-06 19:10:00,[Recovered on {host:lvtdb01.adb.org}] TRMS Hosts Data Dog Agent Check - FIN,success
AwAAAZTa7W6I6W1niwAAABhBWlRhN1c4ekFBQ2k4Q2R6RjhCcEtlenkAAAAkMDE5NGRiMjEtNzJmMC00YzdlLWExMWEtYmVjY2IxMjAwNGVkAAA_xA,event,"availability-zone:hq, criticality:non-prod, criticality:prod, db:oracle, dd_agent_key:adb, dd_agent_pythonv:3.12.6, dd_agent_version:7.60.1, domain_name:adb.org, env:prod, env:test, host:lvtdb01.adb.org, ip_subnet2:172.22, ip_subnet3:172.22.130, ip_subnet:172, mac_address:00_21_f6, mac_vendor:oracle, machine:x86_64, monitor, os_cpu_cores:8, os_cpu_vcores:8, os_disk_rootc:12gb, os_memory:123gb, os_version:redhat_8.10, os_version_release:redhat_8, os_version_windows:none, platform:linux, risk:financial, role:database, service:alms, service:asiadatamobile, service:cognos, service:eserve, service:filenet, service:gfis-app, service:glbpymnt, service:ids, service:jboss, service:jbrms, service:jira, service:non_erp, service:nso, service:odg, service:ods, service:sdbs, service:ssc, service:tacp, service:taportal, service:tms, service:trms, source:alert, system:cognos, team:dba, team:risk, usage:test_db",2025-02-06 19:03:01,[Triggered on {host:lvtdb01.adb.org}] TRMS Hosts Data Dog Agent Check - FIN,error
AwAAAZTa7WqgurehaQAAABhBWlRhN1c5R0FBQmw5cnNwaXdhVWJ4MloAAAAkMDE5NGRiMjEtNzJmMC00YzdlLWExMWEtYmVjY2IxMjAwNGVkAAA_ww,event,"availability-zone:hq, criticality:non-prod, criticality:prod, dashboard:non-prod, db:oracle, dd_agent_key:adb, dd_agent_pythonv:3.12.6, dd_agent_version:7.60.1, domain_name:adb.org, env:dev, env:prod, host:lvddbfix.adb.org, ip_subnet2:172.22, ip_subnet3:172.22.130, ip_subnet:172, mac_address:00_21_f6, mac_vendor:oracle, machine:x86_64, monitor, os_cpu_cores:4, os_cpu_vcores:4, os_disk_rootc:12gb, os_memory:47gb, os_version:redhat_8.10, os_version_release:redhat_8, os_version_windows:none, platform:linux, risk:financial, role:database, service:alms, service:asiadatamobile, service:cpd, service:eserve, service:glbpymnt, service:ids, service:ifirst, service:jboss, service:jbrms, service:jira, service:myadb, service:non_erp, service:nso, service:odg, service:ods, service:sdbs, service:ssc, service:tacp, service:taportal, service:tms, service:trms, source:alert, system:alms, system:asiadatamobile, system:cpd, system:eserve, system:glbpymnt, system:ids, system:ifirst, system:jboss, system:jbrms, system:jira, system:myadb, system:non_erp, system:nso, system:odg, system:ods, system:sdbs, system:ssc, system:tacp, system:taportal, system:tms, system:trms, team:dba, team:risk",2025-02-06 19:03:00,[Triggered on {host:lvddbfix.adb.org}] TRMS Hosts Data Dog Agent Check - FIN,error
AwAAAZTa65Xgeyd1vwAAABhBWlRhNjVpWEFBQUFXZW9wM2lyZlhXSTYAAAAkMDE5NGRiMjEtNzJmMC00YzdlLWExMWEtYmVjY2IxMjAwNGVkAAA_wA,event,"availability-zone:hq, criticality:non-prod, criticality:prod, db:oracle, dd_agent_key:adb, dd_agent_pythonv:3.12.6, dd_agent_version:7.60.1, domain_name:adb.org, env:prod, env:test, host:lvtdb01.adb.org, ip_subnet2:172.22, ip_subnet3:172.22.130, ip_subnet:172, mac_address:00_21_f6, mac_vendor:oracle, machine:x86_64, monitor, os_cpu_cores:8, os_cpu_vcores:8, os_disk_rootc:12gb, os_memory:123gb, os_version:redhat_8.10, os_version_release:redhat_8, os_version_windows:none, platform:linux, risk:financial, role:database, service:alms, service:asiadatamobile, service:cognos, service:eserve, service:filenet, service:gfis-app, service:glbpymnt, service:ids, service:jboss, service:jbrms, service:jira, service:non_erp, service:nso, service:odg, service:ods, service:sdbs, service:ssc, service:tacp, service:taportal, service:tms, service:trms, source:alert, system:cognos, team:dba, team:risk, usage:test_db",2025-02-06 19:01:00,[Recovered on {host:lvtdb01.adb.org}] TRMS Hosts Data Dog Agent Check - FIN,success
AwAAAZTa6quAxKzdfQAAABhBWlRhNnEzdEFBRDd3TXIzalN0OXNqU3cAAAAkMDE5NGRiMjEtNzJmMC00YzdlLWExMWEtYmVjY2IxMjAwNGVkAAA_vw,event,"availability-zone:hq, criticality:non-prod, criticality:prod, db:oracle, dd_agent_key:adb, dd_agent_pythonv:3.12.6, dd_agent_version:7.60.1, domain_name:adb.org, env:prod, env:test, host:lvtdb01.adb.org, ip_subnet2:172.22, ip_subnet3:172.22.130, ip_subnet:172, mac_address:00_21_f6, mac_vendor:oracle, machine:x86_64, monitor, os_cpu_cores:8, os_cpu_vcores:8, os_disk_rootc:12gb, os_memory:123gb, os_version:redhat_8.10, os_version_release:redhat_8, os_version_windows:none, platform:linux, risk:financial, role:database, service:alms, service:asiadatamobile, service:cognos, service:eserve, service:filenet, service:gfis-app, service:glbpymnt, service:ids, service:jboss, service:jbrms, service:jira, service:non_erp, service:nso, service:odg, service:ods, service:sdbs, service:ssc, service:tacp, service:taportal, service:tms, service:trms, source:alert, system:cognos, team:dba, team:risk, usage:test_db",2025-02-06 19:00:00,[Triggered on {host:lvtdb01.adb.org}] TRMS Hosts Data Dog Agent Check - FIN,error
AwAAAZTaD0dwzu750gAAABhBWlRhRDB1ekFBQjROWEN0aVVkdFAyVWYAAAAkMDE5NGRhNDUtZDQ0OC00NTZlLThkMGMtNjRmZjgwN2Q4YjZkAABCww,event,"check_status:live, check_type:api-dns, ci_execution_rule:blocking, criticality:prod, env:prod, monitor, probe_dc:pl:hq-prod-1-3513f5b522a833600df2309408c22ed3, service:dns, source:alert, team:network",2025-02-06 15:00:22,[Recovered] Test on trms-ui-dev.adb.org via WPAD1 - Network,success
AwAAAZTaCyjAeAn50gAAABhBWlRhQ3l2X0FBQk9IRG1paXR6NHlNMnIAAAAkMDE5NGRhNDUtZDQ0OC00NTZlLThkMGMtNjRmZjgwN2Q4YjZkAABCvg,event,"check_status:live, check_type:api-dns, ci_execution_rule:blocking, criticality:prod, env:prod, monitor, probe_dc:pl:hq-prod-1-3513f5b522a833600df2309408c22ed3, service:dns, source:alert, team:network",2025-02-06 14:55:52,[Triggered] Test on trms-ui-dev.adb.org via WPAD1 - Network,error
AwAAAZTZ2Dmw_1iLJgAAABhBWlRaMkR2TkFBQWJPS1hBcmRkQnJ6V0EAAAAkMDE5NGRhNDUtZDQ0OC00NTZlLThkMGMtNjRmZjgwN2Q4YjZkAABCjA,event,"check_status:live, check_type:api-dns, ci_execution_rule:blocking, criticality:prod, env:prod, monitor, probe_dc:pl:hq-prod-1-3513f5b522a833600df2309408c22ed3, service:dns, source:alert, team:network",2025-02-06 14:00:14,[Recovered] trms-ui-dev.adb.org DNS resolution via DNS1 - Network,success
AwAAAZTZ06XQ8maqrAAAABhBWlRaMDZvNkFBQXUzeU1VOExKM1VFNWUAAAAkMDE5NGRhNDUtZDQ0OC00NTZlLThkMGMtNjRmZjgwN2Q4YjZkAABChw,event,"check_status:live, check_type:api-dns, ci_execution_rule:blocking, criticality:prod, env:prod, monitor, probe_dc:pl:hq-prod-1-3513f5b522a833600df2309408c22ed3, service:dns, source:alert, team:network",2025-02-06 13:55:14,[Triggered] trms-ui-dev.adb.org DNS resolution via DNS1 - Network,error
AwAAAZTZv9toqeW-GgAAABhBWlRadjkwLUFBRGhYUHc5RmxVekNNY2QAAAAkMDE5NGRhNDUtZDQ0OC00NTZlLThkMGMtNjRmZjgwN2Q4YjZkAAA_1Q,event,"env:dev, integration:azure, integration:azure_app_services, monitor, name:as-trms-ui-dev-sea, service:_trms, source:alert, team:",2025-02-06 13:33:37,[Recovered] [TRMS SIT UI Azure App Service] Response Time Monitor - FIN,success
AwAAAZTZtq_AXnOZdwAAABhBWlRadHJTZEFBRE9HLU5teWtic3QxY0kAAAAkMDE5NGRhNDUtZDQ0OC00NTZlLThkMGMtNjRmZjgwN2Q4YjZkAAA_uA,event,"env:dev, integration:azure, integration:azure_app_services, monitor, name:as-trms-ui-dev-sea, service:_trms, source:alert, team:",2025-02-06 13:23:36,[Warn] [TRMS SIT UI Azure App Service] Response Time Monitor - FIN,warning
AwAAAZTZpd8QLEy24wAAABhBWlRacGVOTUFBQ3JJV1RPTnN5c2JlZE4AAAAkMDE5NGRhNDUtZDQ0OC00NTZlLThkMGMtNjRmZjgwN2Q4YjZkAABCWg,event,"check_status:live, check_type:api-dns, ci_execution_rule:blocking, criticality:prod, env:prod, monitor, probe_dc:pl:hq-prod-1-3513f5b522a833600df2309408c22ed3, service:dns, source:alert, team:network",2025-02-06 13:05:14,[Recovered] trms-ui-dev.adb.org DNS resolution via DNS1 - Network,success
AwAAAZTZoU8YSXTyPQAAABhBWlRab1ZHM0FBQmZ0aWE1RmFySTFWNVcAAAAkMDE5NGRhNDUtZDQ0OC00NTZlLThkMGMtNjRmZjgwN2Q4YjZkAABCUQ,event,"check_status:live, check_type:api-dns, ci_execution_rule:blocking, criticality:prod, env:prod, monitor, probe_dc:pl:hq-prod-1-3513f5b522a833600df2309408c22ed3, service:dns, source:alert, team:network",2025-02-06 13:00:15,[Triggered] trms-ui-dev.adb.org DNS resolution via DNS1 - Network,error
AwAAAZTZE4JQ_oPgggAAABhBWlRaRTRkYUFBQ19OaDlYSmE2TXplZ24AAAAkMDE5NGQ5NmEtMjIxOC00ZGU2LTk3MjYtNmY3NmYwMTBiNjNjAAA-QQ,event,"check_status:live, check_type:api-dns, ci_execution_rule:blocking, criticality:prod, env:prod, monitor, probe_dc:pl:hq-prod-1-3513f5b522a833600df2309408c22ed3, service:dns, source:alert, team:network",2025-02-06 10:25:22,[Recovered] Test on trms-ui-dev.adb.org via WPAD1 - Network,success
AwAAAZTZD2eIOob50gAAABhBWlRaRDJrdEFBQVF4blptWTNlQ1lVQUEAAAAkMDE5NGQ5NmEtMjIxOC00ZGU2LTk3MjYtNmY3NmYwMTBiNjNjAAA-Pw,event,"check_status:live, check_type:api-dns, ci_execution_rule:blocking, criticality:prod, env:prod, monitor, probe_dc:pl:hq-prod-1-3513f5b522a833600df2309408c22ed3, service:dns, source:alert, team:network",2025-02-06 10:20:53,[Triggered] Test on trms-ui-dev.adb.org via WPAD1 - Network,error
AwAAAZTZCj84cUB8PAAAABhBWlRaQ2tDeUFBQWlSWHMwckYxZTY1RWsAAAAkMDE5NGQ5NmEtMjIxOC00ZGU2LTk3MjYtNmY3NmYwMTBiNjNjAAA-Og,event,"check_status:live, check_type:api-dns, ci_execution_rule:blocking, criticality:prod, env:prod, monitor, probe_dc:pl:hq-prod-1-3513f5b522a833600df2309408c22ed3, service:dns, source:alert, team:network",2025-02-06 10:15:15,[Recovered] trms-ui-dev.adb.org DNS resolution via DNS1 - Network,success
AwAAAZTZBhyg6SCUeAAAABhBWlRaQmg5aUFBQzZadm82R3RVQ1lSSW0AAAAkMDE5NGQ5NmEtMjIxOC00ZGU2LTk3MjYtNmY3NmYwMTBiNjNjAAA-Ng,event,"check_status:live, check_type:api-dns, ci_execution_rule:blocking, criticality:prod, env:prod, monitor, probe_dc:pl:hq-prod-1-3513f5b522a833600df2309408c22ed3, service:dns, source:alert, team:network",2025-02-06 10:10:44,[Triggered] trms-ui-dev.adb.org DNS resolution via DNS1 - Network,error
AwAAAZTZAYyoLD_50gAAABhBWlRaQVk1Z0FBQngzZTcwUFNrNjZpTlcAAAAkMDE5NGQ5NmEtMjIxOC00ZGU2LTk3MjYtNmY3NmYwMTBiNjNjAAA-NA,event,"check_status:live, check_type:api-dns, ci_execution_rule:blocking, criticality:prod, env:prod, monitor, probe_dc:pl:hq-prod-1-3513f5b522a833600df2309408c22ed3, service:dns, source:alert, team:network",2025-02-06 10:05:45,[Recovered] trms-ui-dev.adb.org DNS resolution via DNS1 - Network,success
AwAAAZTY_IOYDLYJ7gAAABhBWlRZX0lSeEFBRFJDZEtWVE04VVRCRVoAAAAkMDE5NGQ5NmEtMjIxOC00ZGU2LTk3MjYtNmY3NmYwMTBiNjNjAAA-MA,event,"check_status:live, check_type:api-dns, ci_execution_rule:blocking, criticality:prod, env:prod, monitor, probe_dc:pl:hq-prod-1-3513f5b522a833600df2309408c22ed3, service:dns, source:alert, team:network",2025-02-06 10:00:15,[Triggered] trms-ui-dev.adb.org DNS resolution via DNS1 - Network,error
AwAAAZTYW8sQ8s350gAAABhBWlRZVzh5YkFBRFJCTjBjVEVCQ19PU3IAAAAkMDE5NGQ4OGUtNTg3OC00ZTlmLTgzYmQtNTE5ZThmNjg4NmVkAAA0KQ,event,"criticality:prod, dd_agent_key:adb, dd_agent_pythonv:3.12.6, dd_agent_version:7.59.0, domain_name:adb.local, env:prod, host:wpwvd-trms-1.adb.local, ip_subnet2:10.112, ip_subnet3:10.112.126, ip_subnet:10, monitor, os_version:windows_server_2019_datacenter, os_version_release:windows_server_2019_datacenter, os_version_windows:10.0_build_17763, platform:windows, region:azure, risk:financial, role:avd, service:trms, source:alert, system:trms, team:cyber_agents, team:windows",2025-02-06 07:04:42,[Recovered on {host:wpwvd-trms-1.adb.local}] Nessus Agent in Windows Server wpwvd-trms-1.adb.local Stopped Running - Cyber,success
AwAAAZTYW7tw296ZdwAAABhBWlRZVzc5ZkFBQXE1eURvOFFNV2ViczQAAAAkMDE5NGQ4OGUtNTg3OC00ZTlmLTgzYmQtNTE5ZThmNjg4NmVkAAA5Ew,event,"criticality:prod, dd_agent_key:adb, dd_agent_pythonv:3.12.6, dd_agent_version:7.59.0, domain_name:adb.local, env:prod, host:wpwvd-trms-1.adb.local, ip_subnet2:10.112, ip_subnet3:10.112.126, ip_subnet:10, monitor, os_version:windows_server_2019_datacenter, os_version_release:windows_server_2019_datacenter, os_version_windows:10.0_build_17763, platform:windows, priority:1, region:azure, risk:financial, role:avd, service:trms, source:alert, system:trms, team:risk, team:windows",2025-02-06 07:04:38,[P1] [Recovered] Host Uptime Monitor:TRMS - FIN,success
AwAAAZTYWycApSteJwAAABhBWlRZV3ludEFBQ2hzY1JEbDRyNjJZZ0QAAAAkMDE5NGQ4OGUtNTg3OC00ZTlmLTgzYmQtNTE5ZThmNjg4NmVkAAA5Eg,event,"criticality:prod, dd_agent_key:adb, dd_agent_pythonv:3.12.6, dd_agent_version:7.59.0, domain_name:adb.local, env:prod, host:wpwvd-trms-1.adb.local, ip_subnet2:10.112, ip_subnet3:10.112.126, ip_subnet:10, monitor, os_version:windows_server_2019_datacenter, os_version_release:windows_server_2019_datacenter, os_version_windows:10.0_build_17763, platform:windows, region:azure, risk:financial, role:avd, service:trms, source:alert, system:trms, team:risk, team:windows",2025-02-06 07:04:00,[Recovered on {host:wpwvd-trms-1.adb.local}] TRMS Hosts Data Dog Agent Check - FIN,success
AwAAAZTYWs0oHkuUeAAAABhBWlRZV3V4b0FBREg5d29IVzl5QjNUUkIAAAAkMDE5NGQ4OGUtNTg3OC00ZTlmLTgzYmQtNTE5ZThmNjg4NmVkAAAAJA,event,"criticality:prod, dd_agent_key:adb, dd_agent_pythonv:3.12.6, dd_agent_version:7.59.0, domain_name:adb.local, env:prod, ip_subnet2:10.112, ip_subnet3:10.112.126, ip_subnet:10, os_version:windows_server_2019_datacenter, os_version_release:windows_server_2019_datacenter, os_version_windows:10.0_build_17763, platform:windows, region:azure, risk:financial, role:avd, service:trms, source:datadog, system:trms, team:windows",2025-02-06 07:03:37,Datadog agent (v. 7.59.0) started on wpwvd-trms-1.adb.local,info
AwAAAZTYJrFQGOELcQAAABhBWlRZSnJPLUFBQnIycHFoR3gtVlc5VjMAAAAkMDE5NGQ4OGUtNTg3OC00ZTlmLTgzYmQtNTE5ZThmNjg4NmVkAAAz9Q,event,"criticality:prod, dd_agent_key:adb, dd_agent_pythonv:3.12.6, dd_agent_version:7.59.0, domain_name:adb.local, env:prod, host:wpwvd-trms-1.adb.local, ip_subnet2:10.112, ip_subnet3:10.112.126, ip_subnet:10, monitor, os_version:windows_server_2019_datacenter, os_version_release:windows_server_2019_datacenter, os_version_windows:10.0_build_17763, platform:windows, region:azure, risk:financial, role:avd, service:trms, source:alert, system:trms, team:cyber_agents, team:windows",2025-02-06 06:06:42,[Re-Triggered on {host:wpwvd-trms-1.adb.local}] Nessus Agent in Windows Server wpwvd-trms-1.adb.local Stopped Running - Cyber,error
AwAAAZTX78LQrog3KQAAABhBWlRYNzhRM0FBQWMxY0lGd0NmbmMtVTAAAAAkMDE5NGQ4OGUtNTg3OC00ZTlmLTgzYmQtNTE5ZThmNjg4NmVkAAAzyA,event,"criticality:prod, dd_agent_key:adb, dd_agent_pythonv:3.12.6, dd_agent_version:7.59.0, domain_name:adb.local, env:prod, host:wpwvd-trms-1.adb.local, ip_subnet2:10.112, ip_subnet3:10.112.126, ip_subnet:10, monitor, os_version:windows_server_2019_datacenter, os_version_release:windows_server_2019_datacenter, os_version_windows:10.0_build_17763, platform:windows, region:azure, risk:financial, role:avd, service:trms, source:alert, system:trms, team:cyber_agents, team:windows",2025-02-06 05:06:42,[Re-Triggered on {host:wpwvd-trms-1.adb.local}] Nessus Agent in Windows Server wpwvd-trms-1.adb.local Stopped Running - Cyber,error
AwAAAZTXuNRQZ2737AAAABhBWlRYdU5XVkFBRDdMNHY5NGxTYnA1cGYAAAAkMDE5NGQ4OGUtNTg3OC00ZTlmLTgzYmQtNTE5ZThmNjg4NmVkAAAzog,event,"criticality:prod, dd_agent_key:adb, dd_agent_pythonv:3.12.6, dd_agent_version:7.59.0, domain_name:adb.local, env:prod, host:wpwvd-trms-1.adb.local, ip_subnet2:10.112, ip_subnet3:10.112.126, ip_subnet:10, monitor, os_version:windows_server_2019_datacenter, os_version_release:windows_server_2019_datacenter, os_version_windows:10.0_build_17763, platform:windows, region:azure, risk:financial, role:avd, service:trms, source:alert, system:trms, team:cyber_agents, team:windows",2025-02-06 04:06:42,[Re-Triggered on {host:wpwvd-trms-1.adb.local}] Nessus Agent in Windows Server wpwvd-trms-1.adb.local Stopped Running - Cyber,error
AwAAAZTXgeHoWt2YMQAAABhBWlRYZ2VacEFBQmd3eXdRSzNIbEtMczAAAAAkMDE5NGQ3YjItOTJjMC00Yjk3LTkzNzctYjkyMjU1OGY1NDk1AAA0yQ,event,"criticality:prod, dd_agent_key:adb, dd_agent_pythonv:3.12.6, dd_agent_version:7.59.0, domain_name:adb.local, env:prod, host:wpwvd-trms-1.adb.local, ip_subnet2:10.112, ip_subnet3:10.112.126, ip_subnet:10, monitor, os_version:windows_server_2019_datacenter, os_version_release:windows_server_2019_datacenter, os_version_windows:10.0_build_17763, platform:windows, region:azure, risk:financial, role:avd, service:trms, source:alert, system:trms, team:cyber_agents, team:windows",2025-02-06 03:06:41,[Re-Triggered on {host:wpwvd-trms-1.adb.local}] Nessus Agent in Windows Server wpwvd-trms-1.adb.local Stopped Running - Cyber,error
AwAAAZTXSvdQy-LOCQAAABhBWlRYU3ZqcEFBRHcwOHFMSEwtcDVBSHcAAAAkMDE5NGQ3YjItOTJjMC00Yjk3LTkzNzctYjkyMjU1OGY1NDk1AAA0oQ,event,"criticality:prod, dd_agent_key:adb, dd_agent_pythonv:3.12.6, dd_agent_version:7.59.0, domain_name:adb.local, env:prod, host:wpwvd-trms-1.adb.local, ip_subnet2:10.112, ip_subnet3:10.112.126, ip_subnet:10, monitor, os_version:windows_server_2019_datacenter, os_version_release:windows_server_2019_datacenter, os_version_windows:10.0_build_17763, platform:windows, region:azure, risk:financial, role:avd, service:trms, source:alert, system:trms, team:cyber_agents, team:windows",2025-02-06 02:06:42,[Re-Triggered on {host:wpwvd-trms-1.adb.local}] Nessus Agent in Windows Server wpwvd-trms-1.adb.local Stopped Running - Cyber,error
AwAAAZTXFAjQEWzq9wAAABhBWlRYRkFuZUFBQjQxMzAweldibzVRQ20AAAAkMDE5NGQ3YjItOTJjMC00Yjk3LTkzNzctYjkyMjU1OGY1NDk1AAA0fA,event,"criticality:prod, dd_agent_key:adb, dd_agent_pythonv:3.12.6, dd_agent_version:7.59.0, domain_name:adb.local, env:prod, host:wpwvd-trms-1.adb.local, ip_subnet2:10.112, ip_subnet3:10.112.126, ip_subnet:10, monitor, os_version:windows_server_2019_datacenter, os_version_release:windows_server_2019_datacenter, os_version_windows:10.0_build_17763, platform:windows, region:azure, risk:financial, role:avd, service:trms, source:alert, system:trms, team:cyber_agents, team:windows",2025-02-06 01:06:42,[Triggered on {host:wpwvd-trms-1.adb.local}] Nessus Agent in Windows Server wpwvd-trms-1.adb.local Stopped Running - Cyber,error
AwAAAZTW9-2AZFBVhQAAABhBWlRXOV9CNUFBRHJOUGloMUI2a2tSdWcAAAAkMDE5NGQ3YjItOTJjMC00Yjk3LTkzNzctYjkyMjU1OGY1NDk1AAA5Xw,event,"criticality:prod, dd_agent_key:adb, dd_agent_pythonv:3.12.6, dd_agent_version:7.59.0, domain_name:adb.local, env:prod, host:wpwvd-trms-0.adb.local, ip_subnet2:10.112, ip_subnet3:10.112.126, ip_subnet:10, monitor, os_version:windows_server_2019_datacenter, os_version_release:windows_server_2019_datacenter, os_version_windows:10.0_build_17763, platform:windows, region:azure, risk:financial, role:avd, service:trms, source:alert, system:trms, team:risk, team:windows, winserv:mam",2025-02-06 00:36:00,[Recovered on {host:wpwvd-trms-0.adb.local}] TRMS Hosts Data Dog Agent Check - FIN,success
AwAAAZTW901YSCQYYQAAABhBWlRXOTJUSUFBQVhqdlpwT0xjcjhWX0gAAAAkMDE5NGQ3YjItOTJjMC00Yjk3LTkzNzctYjkyMjU1OGY1NDk1AAAABA,event,"criticality:prod, dd_agent_key:adb, dd_agent_pythonv:3.12.6, dd_agent_version:7.59.0, domain_name:adb.local, env:prod, ip_subnet2:10.112, ip_subnet3:10.112.126, ip_subnet:10, os_version:windows_server_2019_datacenter, os_version_release:windows_server_2019_datacenter, os_version_windows:10.0_build_17763, platform:windows, region:azure, risk:financial, role:avd, service:trms, source:datadog, system:trms, team:windows, winserv:mam",2025-02-06 00:35:19,Datadog agent (v. 7.59.0) started on wpwvd-trms-0.adb.local,info
AwAAAZTW9wMgTav6vAAAABhBWlRXOXdXaUFBQWJ2YmNSM3pSNkpqWHQAAAAkMDE5NGQ3YjItOTJjMC00Yjk3LTkzNzctYjkyMjU1OGY1NDk1AAA5Xg,event,"criticality:prod, dd_agent_key:adb, dd_agent_pythonv:3.12.6, dd_agent_version:7.59.0, domain_name:adb.local, env:prod, host:wpwvd-trms-0.adb.local, ip_subnet2:10.112, ip_subnet3:10.112.126, ip_subnet:10, monitor, os_version:windows_server_2019_datacenter, os_version_release:windows_server_2019_datacenter, os_version_windows:10.0_build_17763, platform:windows, region:azure, risk:financial, role:avd, service:trms, source:alert, system:trms, team:risk, team:windows, winserv:mam",2025-02-06 00:35:00,[Triggered on {host:wpwvd-trms-0.adb.local}] TRMS Hosts Data Dog Agent Check - FIN,error
AwAAAZTW3fj4tMQooAAAABhBWlRXM2ZuWkFBQzdTVGdfcE9SdjQ3WlcAAAAkMDE5NGQ3YjItOTJjMC00Yjk3LTkzNzctYjkyMjU1OGY1NDk1AAA5Wg,event,"criticality:prod, dd_agent_key:adb, dd_agent_pythonv:3.12.6, dd_agent_version:7.59.0, domain_name:adb.local, env:prod, host:wpwvd-trms-1.adb.local, ip_subnet2:10.112, ip_subnet3:10.112.126, ip_subnet:10, monitor, os_version:windows_server_2019_datacenter, os_version_release:windows_server_2019_datacenter, os_version_windows:10.0_build_17763, platform:windows, priority:1, region:azure, risk:financial, role:avd, service:trms, source:alert, system:trms, team:risk, team:windows",2025-02-06 00:07:39,[P1] [Triggered] Host Uptime Monitor:TRMS - FIN,error
AwAAAZTW3WCgrj9XOgAAABhBWlRXM1dPb0FBQzRoMGJZY0lwNkNhMEcAAAAkMDE5NGQ3YjItOTJjMC00Yjk3LTkzNzctYjkyMjU1OGY1NDk1AAA5WQ,event,"criticality:prod, dd_agent_key:adb, dd_agent_pythonv:3.12.6, dd_agent_version:7.59.0, domain_name:adb.local, env:prod, host:wpwvd-trms-1.adb.local, ip_subnet2:10.112, ip_subnet3:10.112.126, ip_subnet:10, monitor, os_version:windows_server_2019_datacenter, os_version_release:windows_server_2019_datacenter, os_version_windows:10.0_build_17763, platform:windows, region:azure, risk:financial, role:avd, service:trms, source:alert, system:trms, team:risk, team:windows",2025-02-06 00:07:00,[Triggered on {host:wpwvd-trms-1.adb.local}] TRMS Hosts Data Dog Agent Check - FIN,error
AwAAAZTWz9-YTRz3mQAAABhBWlRXei1ST0FBQ3JPTU9BOVU0T184cEIAAAAkMDE5NGQ2ZDYtZTg2MC00YTliLWJlZmQtZGY5NjIwMjFhZjY0AABAFA,event,"availability-zone:azure, criticality:non-prod, criticality:prod, db:oracle, dd_agent_key:adb, dd_agent_pythonv:3.12.6, dd_agent_version:7.60.1, device:/mnt/trms, domain_name:adb.org, env:dev, env:prod, env:test, host:ldazdb1.adb.org, ip_subnet2:10.114, ip_subnet3:10.114.128, ip_subnet:10, monitor, os_version:redhat_8.10, os_version_release:redhat_8, os_version_windows:none, platform:linux, role:database, service:_trms, service:non_erp, service:tacp, source:alert, system:tacp, team:, team:dba",2025-02-05 23:52:15,[Recovered on {host:ldazdb1.adb.org}] TRMS Disk Usage of /mnt/trms - RISK - FIN,success
AwAAAZTWzxxI_qPAOQAAABhBWlRXeng5NEFBQTZOQkFFQVhqaVBEM0QAAAAkMDE5NGQ2ZDYtZTg2MC00YTliLWJlZmQtZGY5NjIwMjFhZjY0AABAPQ,event,"availability-zone:azure, criticality:non-prod, db:oracle, dd_agent_key:adb, dd_agent_pythonv:3.12.6, dd_agent_version:7.60.1, domain_name:adb.org, env:dev, host:ldazdb1.adb.org, ip_subnet2:10.114, ip_subnet3:10.114.128, ip_subnet:10, monitor, os_version:redhat_8.10, os_version_release:redhat_8, os_version_windows:none, platform:linux, role:database, service:_trms, service:non_erp, service:tacp, source:alert, system:tacp, team:dba, team:fin",2025-02-05 23:51:25,[Recovered] [TRMS Oracle] Service Check - FIN,success
AwAAAZTWzvU4wCQw2gAAABhBWlRXenZuYkFBQ09vQzRSaXFTMEpQNmEAAAAkMDE5NGQ2ZDYtZTg2MC00YTliLWJlZmQtZGY5NjIwMjFhZjY0AABAEA,event,"availability-zone:azure, criticality:non-prod, criticality:prod, db:oracle, dd_agent_key:adb, dd_agent_pythonv:3.12.6, dd_agent_version:7.60.1, device:/mnt/trms, domain_name:adb.org, env:dev, env:prod, env:test, host:ldazdb1.adb.org, ip_subnet2:10.114, ip_subnet3:10.114.128, ip_subnet:10, monitor, os_version:redhat_8.10, os_version_release:redhat_8, os_version_windows:none, platform:linux, role:database, service:_trms, service:non_erp, service:tacp, source:alert, system:tacp, team:, team:dba",2025-02-05 23:51:15,[No data on {host:ldazdb1.adb.org}] TRMS Disk Usage of /mnt/trms - RISK - FIN,error
AwAAAZTWxt7opISMmwAAABhBWlRXeHVJOEFBQ2pGSXJEVjNjalE0WTkAAAAkMDE5NGQ2ZDYtZTg2MC00YTliLWJlZmQtZGY5NjIwMjFhZjY0AABAOQ,event,"availability-zone:azure, criticality:non-prod, db:oracle, dd_agent_key:adb, dd_agent_pythonv:3.12.6, dd_agent_version:7.60.1, domain_name:adb.org, env:dev, host:ldazdb1.adb.org, ip_subnet2:10.114, ip_subnet3:10.114.128, ip_subnet:10, monitor, os_version:redhat_8.10, os_version_release:redhat_8, os_version_windows:none, platform:linux, role:database, service:_trms, service:non_erp, service:tacp, source:alert, system:tacp, team:dba, team:fin",2025-02-05 23:42:25,[Triggered] [TRMS Oracle] Service Check - FIN,error
AwAAAZTUch1g84bh0gAAABhBWlRVY2lGckFBQ2ZLRlFaajZLYnFfLWwAAAAkMDE5NGQ1MWYtODAxOC00MTUzLWEyYjctZjRiNGI3MTk4MmYyAAA_VA,event,"env:dev, integration:azure, integration:azure_app_services, monitor, name:as-trms-ui-dev-sea, service:_trms, source:alert, team:",2025-02-05 12:50:36,[Recovered] [TRMS SIT UI Azure App Service] Response Time Monitor - FIN,success
AwAAAZTUaPWgcjdRNwAAABhBWlRVYVBtR0FBRE9fVWQzVnFyMDBudWYAAAAkMDE5NGQ1MWYtODAxOC00MTUzLWEyYjctZjRiNGI3MTk4MmYyAAA_Rw,event,"env:dev, integration:azure, integration:azure_app_services, monitor, name:as-trms-ui-dev-sea, service:_trms, source:alert, team:",2025-02-05 12:40:36,[Warn] [TRMS SIT UI Azure App Service] Response Time Monitor - FIN,warning
AwAAAZTUFj3Y6g0YyQAAABhBWlRVRmo2dUFBQXZTeHd2UTVHRzh3M1QAAAAkMDE5NGQ0NDMtYmU0OC00ZTUyLTg4YTktZGQ4ZDg0MGFlMWRjAAA9BQ,event,"check_status:live, check_type:api-dns, ci_execution_rule:blocking, criticality:prod, env:prod, monitor, probe_dc:pl:hq-prod-1-3513f5b522a833600df2309408c22ed3, service:dns, source:alert, team:network",2025-02-05 11:10:15,[Recovered] trms-ui-dev.adb.org DNS resolution via DNS1 - Network,success
AwAAAZTUEh8oMMqYMQAAABhBWlRVRWlIQUFBQTZydFBKR21INDJXWHQAAAAkMDE5NGQ0NDMtYmU0OC00ZTUyLTg4YTktZGQ4ZDg0MGFlMWRjAAA9Aw,event,"check_status:live, check_type:api-dns, ci_execution_rule:blocking, criticality:prod, env:prod, monitor, probe_dc:pl:hq-prod-1-3513f5b522a833600df2309408c22ed3, service:dns, source:alert, team:network",2025-02-05 11:05:45,[Triggered] trms-ui-dev.adb.org DNS resolution via DNS1 - Network,error
AwAAAZTUCRLArh0obgAAABhBWlRVQ1JVNEFBQmM2dzA5Y1UyaHFuTGsAAAAkMDE5NGQ0NDMtYmU0OC00ZTUyLTg4YTktZGQ4ZDg0MGFlMWRjAAA89Q,event,"check_status:live, check_type:api-dns, ci_execution_rule:blocking, criticality:prod, env:prod, monitor, probe_dc:pl:hq-prod-1-3513f5b522a833600df2309408c22ed3, service:dns, source:alert, team:network",2025-02-05 10:55:52,[Recovered] Test on trms-ui-dev.adb.org via WPAD1 - Network,success
AwAAAZTUBH7gI6vlaAAAABhBWlRVQklOUUFBQk9kTU9Wb1hfZXBncXgAAAAkMDE5NGQ0NDMtYmU0OC00ZTUyLTg4YTktZGQ4ZDg0MGFlMWRjAAA88Q,event,"check_status:live, check_type:api-dns, ci_execution_rule:blocking, criticality:prod, env:prod, monitor, probe_dc:pl:hq-prod-1-3513f5b522a833600df2309408c22ed3, service:dns, source:alert, team:network",2025-02-05 10:50:52,[Triggered] Test on trms-ui-dev.adb.org via WPAD1 - Network,error
AwAAAZTTiHEQ56YYyQAAABhBWlRUaUhRMUFBRGF2Q2FBdEo1dmdoaVQAAAAkMDE5NGQ0NDMtYmU0OC00ZTUyLTg4YTktZGQ4ZDg0MGFlMWRjAAA8nw,event,"check_status:live, check_type:api-dns, ci_execution_rule:blocking, criticality:prod, env:prod, monitor, probe_dc:pl:hq-prod-1-3513f5b522a833600df2309408c22ed3, service:dns, source:alert, team:network",2025-02-05 08:35:22,[Recovered] Test on trms-ui-dev.adb.org via WPAD1 - Network,success
AwAAAZTThFJgu1TdKAAAABhBWlRUaEZjcEFBQ2FfbVZHQ0pHS0FwOFoAAAAkMDE5NGQ0NDMtYmU0OC00ZTUyLTg4YTktZGQ4ZDg0MGFlMWRjAAA8mg,event,"check_status:live, check_type:api-dns, ci_execution_rule:blocking, criticality:prod, env:prod, monitor, probe_dc:pl:hq-prod-1-3513f5b522a833600df2309408c22ed3, service:dns, source:alert, team:network",2025-02-05 08:30:52,[Triggered] Test on trms-ui-dev.adb.org via WPAD1 - Network,error
AwAAAZTTNXL4Ah06pwAAABhBWlRUTlhVMkFBQlgzMzE1RlBDaGYtcm0AAAAkMDE5NGQzNjgtMDgzMC00MTgxLTkwYWMtMjg5MzczMGRkZWU0AAA0Mw,event,"criticality:prod, dd_agent_key:adb, dd_agent_pythonv:3.12.6, dd_agent_version:7.59.0, domain_name:adb.local, env:prod, host:wpwvd-trms-1.adb.local, ip_subnet2:10.112, ip_subnet3:10.112.126, ip_subnet:10, monitor, os_version:windows_server_2019_datacenter, os_version_release:windows_server_2019_datacenter, os_version_windows:10.0_build_17763, platform:windows, region:azure, risk:financial, role:avd, service:trms, source:alert, system:trms, team:cyber_agents, team:windows",2025-02-05 07:04:43,[Recovered on {host:wpwvd-trms-1.adb.local}] Nessus Agent in Windows Server wpwvd-trms-1.adb.local Stopped Running - Cyber,success
AwAAAZTTNV9wB-I7PgAAABhBWlRUTldQS0FBRDduTUNaejVkM0dudlYAAAAkMDE5NGQzNjgtMDgzMC00MTgxLTkwYWMtMjg5MzczMGRkZWU0AAA5Ag,event,"criticality:prod, dd_agent_key:adb, dd_agent_pythonv:3.12.6, dd_agent_version:7.59.0, domain_name:adb.local, env:prod, host:wpwvd-trms-1.adb.local, ip_subnet2:10.112, ip_subnet3:10.112.126, ip_subnet:10, monitor, os_version:windows_server_2019_datacenter, os_version_release:windows_server_2019_datacenter, os_version_windows:10.0_build_17763, platform:windows, region:azure, risk:financial, role:avd, service:trms, source:alert, system:trms, team:risk, team:windows",2025-02-05 07:04:38,[P1] [Recovered] Host Uptime Monitor:TRMS - FIN,success
AwAAAZTTNMsAJt1RNwAAABhBWlRUTk04ckFBQ1RyM3A2ZE1kTGpoc1MAAAAkMDE5NGQzNjgtMDgzMC00MTgxLTkwYWMtMjg5MzczMGRkZWU0AAA5AQ,event,"criticality:prod, dd_agent_key:adb, dd_agent_pythonv:3.12.6, dd_agent_version:7.59.0, domain_name:adb.local, env:prod, host:wpwvd-trms-1.adb.local, ip_subnet2:10.112, ip_subnet3:10.112.126, ip_subnet:10, monitor, os_version:windows_server_2019_datacenter, os_version_release:windows_server_2019_datacenter, os_version_windows:10.0_build_17763, platform:windows, region:azure, risk:financial, role:avd, service:trms, source:alert, system:trms, team:risk, team:windows",2025-02-05 07:04:00,[Recovered on {host:wpwvd-trms-1.adb.local}] TRMS Hosts Data Dog Agent Check - FIN,success
AwAAAZTTNHzgZyQLagAAABhBWlRUTkp3Z0FBQUN5SjlfMGFPdkt5aFAAAAAkMDE5NGQzNjgtMDgzMC00MTgxLTkwYWMtMjg5MzczMGRkZWU0AAAAIg,event,"criticality:prod, dd_agent_key:adb, dd_agent_pythonv:3.12.6, dd_agent_version:7.59.0, domain_name:adb.local, env:prod, ip_subnet2:10.112, ip_subnet3:10.112.126, ip_subnet:10, os_version:windows_server_2019_datacenter, os_version_release:windows_server_2019_datacenter, os_version_windows:10.0_build_17763, platform:windows, region:azure, risk:financial, role:avd, service:trms, source:datadog, system:trms, team:windows",2025-02-05 07:03:40,Datadog agent (v. 7.59.0) started on wpwvd-trms-1.adb.local,info
AwAAAZTTAFVQ4P6yzgAAABhBWlRUQUZhV0FBQVdsR1RwaXFIbFgyRTMAAAAkMDE5NGQzNjgtMDgzMC00MTgxLTkwYWMtMjg5MzczMGRkZWU0AAA0CQ,event,"criticality:prod, dd_agent_key:adb, dd_agent_pythonv:3.12.6, dd_agent_version:7.59.0, domain_name:adb.local, env:prod, host:wpwvd-trms-1.adb.local, ip_subnet2:10.112, ip_subnet3:10.112.126, ip_subnet:10, monitor, os_version:windows_server_2019_datacenter, os_version_release:windows_server_2019_datacenter, os_version_windows:10.0_build_17763, platform:windows, region:azure, risk:financial, role:avd, service:trms, source:alert, system:trms, team:cyber_agents, team:windows",2025-02-05 06:06:42,[Re-Triggered on {host:wpwvd-trms-1.adb.local}] Nessus Agent in Windows Server wpwvd-trms-1.adb.local Stopped Running - Cyber,error
AwAAAZTSyWbQSrpsTAAAABhBWlRTeVduU0FBRG0xdHBMa1k5cU5KV3kAAAAkMDE5NGQzNjgtMDgzMC00MTgxLTkwYWMtMjg5MzczMGRkZWU0AAAz5g,event,"criticality:prod, dd_agent_key:adb, dd_agent_pythonv:3.12.6, dd_agent_version:7.59.0, domain_name:adb.local, env:prod, host:wpwvd-trms-1.adb.local, ip_subnet2:10.112, ip_subnet3:10.112.126, ip_subnet:10, monitor, os_version:windows_server_2019_datacenter, os_version_release:windows_server_2019_datacenter, os_version_windows:10.0_build_17763, platform:windows, region:azure, risk:financial, role:avd, service:trms, source:alert, system:trms, team:cyber_agents, team:windows",2025-02-05 05:06:42,[Re-Triggered on {host:wpwvd-trms-1.adb.local}] Nessus Agent in Windows Server wpwvd-trms-1.adb.local Stopped Running - Cyber,error
AwAAAZTSknhQCOtVhQAAABhBWlRTa25uVkFBRDFHVmFVNEU4VWpVTDIAAAAkMDE5NGQzNjgtMDgzMC00MTgxLTkwYWMtMjg5MzczMGRkZWU0AAAzug,event,"criticality:prod, dd_agent_key:adb, dd_agent_pythonv:3.12.6, dd_agent_version:7.59.0, domain_name:adb.local, env:prod, host:wpwvd-trms-1.adb.local, ip_subnet2:10.112, ip_subnet3:10.112.126, ip_subnet:10, monitor, os_version:windows_server_2019_datacenter, os_version_release:windows_server_2019_datacenter, os_version_windows:10.0_build_17763, platform:windows, region:azure, risk:financial, role:avd, service:trms, source:alert, system:trms, team:cyber_agents, team:windows",2025-02-05 04:06:42,[Re-Triggered on {host:wpwvd-trms-1.adb.local}] Nessus Agent in Windows Server wpwvd-trms-1.adb.local Stopped Running - Cyber,error
AwAAAZTSW4nQjAl5ewAAABhBWlRTVzR5aEFBQS1GY0thUGktVHJmNEgAAAAkMDE5NGQyOGMtNTIxOC00ODIyLTg2NzUtZWZhNWVmMzZkYzFmAABJnw,event,"criticality:prod, dd_agent_key:adb, dd_agent_pythonv:3.12.6, dd_agent_version:7.59.0, domain_name:adb.local, env:prod, host:wpwvd-trms-1.adb.local, ip_subnet2:10.112, ip_subnet3:10.112.126, ip_subnet:10, monitor, os_version:windows_server_2019_datacenter, os_version_release:windows_server_2019_datacenter, os_version_windows:10.0_build_17763, platform:windows, region:azure, risk:financial, role:avd, service:trms, source:alert, system:trms, team:cyber_agents, team:windows",2025-02-05 03:06:42,[Re-Triggered on {host:wpwvd-trms-1.adb.local}] Nessus Agent in Windows Server wpwvd-trms-1.adb.local Stopped Running - Cyber,error
AwAAAZTSJJtQBw9udwAAABhBWlRTSkp5NUFBQXhsV3dqRlBIa3g4VksAAAAkMDE5NGQyOGMtNTIxOC00ODIyLTg2NzUtZWZhNWVmMzZkYzFmAABJbw,event,"criticality:prod, dd_agent_key:adb, dd_agent_pythonv:3.12.6, dd_agent_version:7.59.0, domain_name:adb.local, env:prod, host:wpwvd-trms-1.adb.local, ip_subnet2:10.112, ip_subnet3:10.112.126, ip_subnet:10, monitor, os_version:windows_server_2019_datacenter, os_version_release:windows_server_2019_datacenter, os_version_windows:10.0_build_17763, platform:windows, region:azure, risk:financial, role:avd, service:trms, source:alert, system:trms, team:cyber_agents, team:windows",2025-02-05 02:06:42,[Re-Triggered on {host:wpwvd-trms-1.adb.local}] Nessus Agent in Windows Server wpwvd-trms-1.adb.local Stopped Running - Cyber,error
AwAAAZTR7ajodvlXlwAAABhBWlRSN2ExWkFBQWlOeTlYZ3BkWG91aFAAAAAkMDE5NGQyOGMtNTIxOC00ODIyLTg2NzUtZWZhNWVmMzZkYzFmAABJSw,event,"criticality:prod, dd_agent_key:adb, dd_agent_pythonv:3.12.6, dd_agent_version:7.59.0, domain_name:adb.local, env:prod, host:wpwvd-trms-1.adb.local, ip_subnet2:10.112, ip_subnet3:10.112.126, ip_subnet:10, monitor, os_version:windows_server_2019_datacenter, os_version_release:windows_server_2019_datacenter, os_version_windows:10.0_build_17763, platform:windows, region:azure, risk:financial, role:avd, service:trms, source:alert, system:trms, team:cyber_agents, team:windows",2025-02-05 01:06:41,[Triggered on {host:wpwvd-trms-1.adb.local}] Nessus Agent in Windows Server wpwvd-trms-1.adb.local Stopped Running - Cyber,error
AwAAAZTRt5kQUXEuzQAAABhBWlRSdDUwdEFBQlY4dGwzVVhoN3RueXgAAAAkMDE5NGQyOGMtNTIxOC00ODIyLTg2NzUtZWZhNWVmMzZkYzFmAABN4w,event,"criticality:prod, dd_agent_key:adb, dd_agent_pythonv:3.12.6, dd_agent_version:7.59.0, domain_name:adb.local, env:prod, host:wpwvd-trms-1.adb.local, ip_subnet2:10.112, ip_subnet3:10.112.126, ip_subnet:10, monitor, os_version:windows_server_2019_datacenter, os_version_release:windows_server_2019_datacenter, os_version_windows:10.0_build_17763, platform:windows, region:azure, risk:financial, role:avd, service:trms, source:alert, system:trms, team:risk, team:windows",2025-02-05 00:07:38,[P1] [Triggered] Host Uptime Monitor:TRMS - FIN,error
AwAAAZTRtwSgVlaHegAAABhBWlRSdHdoRkFBQWtDam04TkNfSVk3VTMAAAAkMDE5NGQyOGMtNTIxOC00ODIyLTg2NzUtZWZhNWVmMzZkYzFmAABN4g,event,"criticality:prod, dd_agent_key:adb, dd_agent_pythonv:3.12.6, dd_agent_version:7.59.0, domain_name:adb.local, env:prod, host:wpwvd-trms-1.adb.local, ip_subnet2:10.112, ip_subnet3:10.112.126, ip_subnet:10, monitor, os_version:windows_server_2019_datacenter, os_version_release:windows_server_2019_datacenter, os_version_windows:10.0_build_17763, platform:windows, region:azure, risk:financial, role:avd, service:trms, source:alert, system:trms, team:risk, team:windows",2025-02-05 00:07:00,[Triggered on {host:wpwvd-trms-1.adb.local}] TRMS Hosts Data Dog Agent Check - FIN,error
AwAAAZTRfyvAVsDvHwAAABhBWlRSZnk2QUFBREl6cF93OXVwOXA5YVoAAAAkMDE5NGQxYjAtNjE2OC00MTljLTg2ZTAtMTYxNjY0N2YxMmUxAABIzw,event,"criticality:prod, dd_agent_key:adb, dd_agent_pythonv:3.12.6, dd_agent_version:7.59.0, domain_name:adb.local, env:prod, host:wpwvd-trms-0.adb.local, ip_subnet2:10.112, ip_subnet3:10.112.126, ip_subnet:10, monitor, os_version:windows_server_2019_datacenter, os_version_release:windows_server_2019_datacenter, os_version_windows:10.0_build_17763, platform:windows, region:azure, risk:financial, role:avd, service:trms, source:alert, system:trms, team:risk, team:windows, winserv:mam",2025-02-04 23:06:00,[Recovered on {host:wpwvd-trms-0.adb.local}] TRMS Hosts Data Dog Agent Check - FIN,success
AwAAAZTRfnBAxRF4BgAAABhBWlRSZm8tQUFBQkQ2TVNsVm1WNHdoLVIAAAAkMDE5NGQxYjAtNjE2OC00MTljLTg2ZTAtMTYxNjY0N2YxMmUxAAAAEA,event,"criticality:prod, dd_agent_key:adb, dd_agent_pythonv:3.12.6, dd_agent_version:7.59.0, domain_name:adb.local, env:prod, ip_subnet2:10.112, ip_subnet3:10.112.126, ip_subnet:10, os_version:windows_server_2019_datacenter, os_version_release:windows_server_2019_datacenter, os_version_windows:10.0_build_17763, platform:windows, region:azure, risk:financial, role:avd, service:trms, source:datadog, system:trms, team:windows, winserv:mam",2025-02-04 23:05:12,Datadog agent (v. 7.59.0) started on wpwvd-trms-0.adb.local,info
AwAAAZTRfkFgA9rJggAAABhBWlRSZmtRQkFBREgtTHZTT0dqUk5tak0AAAAkMDE5NGQxYjAtNjE2OC00MTljLTg2ZTAtMTYxNjY0N2YxMmUxAABIzg,event,"criticality:prod, dd_agent_key:adb, dd_agent_pythonv:3.12.6, dd_agent_version:7.59.0, domain_name:adb.local, env:prod, host:wpwvd-trms-0.adb.local, ip_subnet2:10.112, ip_subnet3:10.112.126, ip_subnet:10, monitor, os_version:windows_server_2019_datacenter, os_version_release:windows_server_2019_datacenter, os_version_windows:10.0_build_17763, platform:windows, region:azure, risk:financial, role:avd, service:trms, source:alert, system:trms, team:risk, team:windows, winserv:mam",2025-02-04 23:05:00,[Triggered on {host:wpwvd-trms-0.adb.local}] TRMS Hosts Data Dog Agent Check - FIN,error
AwAAAZTRGca4NYAbywAAABhBWlRSR2NqS0FBQ0U5NGJpLVpHdzBpZzkAAAAkMDE5NGQxYjAtNjE2OC00MTljLTg2ZTAtMTYxNjY0N2YxMmUxAABJFQ,event,"check_status:live, check_type:api-dns, ci_execution_rule:blocking, criticality:prod, env:prod, monitor, probe_dc:pl:hq-prod-1-3513f5b522a833600df2309408c22ed3, service:dns, source:alert, team:network",2025-02-04 21:15:15,[Recovered] trms-ui-dev.adb.org DNS resolution via DNS1 - Network,success
AwAAAZTRFaQgjsyUcAAAABhBWlRSRmFqYkFBQzhDUmtlVEVKenlJbHcAAAAkMDE5NGQxYjAtNjE2OC00MTljLTg2ZTAtMTYxNjY0N2YxMmUxAABJEg,event,"check_status:live, check_type:api-dns, ci_execution_rule:blocking, criticality:prod, env:prod, monitor, probe_dc:pl:hq-prod-1-3513f5b522a833600df2309408c22ed3, service:dns, source:alert, team:network",2025-02-04 21:10:44,[Triggered] trms-ui-dev.adb.org DNS resolution via DNS1 - Network,error
AwAAAZTP2XLQeQ70jAAAABhBWlRQMlhadEFBQmRTX0xES1RPMkNjTW4AAAAkMDE5NGNmZjktMWM0OC00ZmNlLTlkYjctNTg3MDMzNTBhY2Q1AABGCA,event,"check_status:live, check_type:api-dns, ci_execution_rule:blocking, criticality:prod, env:prod, monitor, probe_dc:pl:hq-prod-1-3513f5b522a833600df2309408c22ed3, service:dns, source:alert, team:network",2025-02-04 15:25:22,[Recovered] Test on trms-ui-dev.adb.org via WPAD1 - Network,success
AwAAAZTP1VQgdzXcSwAAABhBWlRQMVZmTEFBQndzajN3NlhveU81cTUAAAAkMDE5NGNmZjktMWM0OC00ZmNlLTlkYjctNTg3MDMzNTBhY2Q1AABGBg,event,"check_status:live, check_type:api-dns, ci_execution_rule:blocking, criticality:prod, env:prod, monitor, probe_dc:pl:hq-prod-1-3513f5b522a833600df2309408c22ed3, service:dns, source:alert, team:network",2025-02-04 15:20:52,[Triggered] Test on trms-ui-dev.adb.org via WPAD1 - Network,error
AwAAAZTO6gnAKX0ebgAAABhBWlRPNmd0X0FBQlgydDNLZGxQdHdaN2cAAAAkMDE5NGNmMWQtNTY5MC00YzdjLTgzMWYtMWJiMmQzNTQ0YzhlAAA5SQ,event,"env:dev, location:azure, monitor, service:_trms, source:alert, team:fin",2025-02-04 11:03:52,[P2] [Recovered] [TRMS Azure AppService API] Log Error Monitor - FIN,success
AwAAAZTO5XH4o5zHNgAAABhBWlRPNVhXdEFBQTFXUHBDOXpqNFgyWm0AAAAkMDE5NGNmMWQtNTY5MC00YzdjLTgzMWYtMWJiMmQzNTQ0YzhlAAA5RQ,event,"env:dev, location:azure, monitor, service:_trms, source:alert, team:fin",2025-02-04 10:58:51,[P2] [Triggered] [TRMS Azure AppService API] Log Error Monitor - FIN,error
AwAAAZTO5IuAQnXQggAAABhBWlRPNUktdEFBREtDek5VRGtyajBIdEQAAAAkMDE5NGNmMWQtNTY5MC00YzdjLTgzMWYtMWJiMmQzNTQ0YzhlAAA5Qw,event,"env:dev, location:azure, monitor, service:_trms, source:alert, team:fin",2025-02-04 10:57:52,[P2] [Warn] [TRMS Azure AppService API] Log Error Monitor - FIN,warning
AwAAAZTO37kgTkxA9gAAABhBWlRPMzcxOEFBQjZtWVU1QVoyWjkteXIAAAAkMDE5NGNmMWQtNTY5MC00YzdjLTgzMWYtMWJiMmQzNTQ0YzhlAAA8wQ,event,"env:dev, integration:azure, integration:azure_app_services, monitor, name:as-trms-ui-dev-sea, service:_trms, source:alert, team:",2025-02-04 10:52:36,[Recovered] [TRMS SIT UI Azure App Service] Response Time Monitor - FIN,success
AwAAAZTO1pFgcbHHNgAAABhBWlRPMXBQV0FBQy1nS20yY21MeDdzSXgAAAAkMDE5NGNmMWQtNTY5MC00YzdjLTgzMWYtMWJiMmQzNTQ0YzhlAAA8sg,event,"env:dev, integration:azure, integration:azure_app_services, monitor, name:as-trms-ui-dev-sea, service:_trms, source:alert, team:",2025-02-04 10:42:36,[Warn] [TRMS SIT UI Azure App Service] Response Time Monitor - FIN,warning
AwAAAZTODxMQazBSngAAABhBWlRPRHhTZEFBQkJLNzNXdEpCM3FNYWUAAAAkMDE5NGNlNDEtYjAxOC00OWRjLWJjMzQtMDNjMWQ0N2ZjMjAwAAA0Jg,event,"criticality:prod, dd_agent_key:adb, dd_agent_pythonv:3.12.6, dd_agent_version:7.59.0, domain_name:adb.local, env:prod, host:wpwvd-trms-1.adb.local, ip_subnet2:10.112, ip_subnet3:10.112.126, ip_subnet:10, monitor, os_version:windows_server_2019_datacenter, os_version_release:windows_server_2019_datacenter, os_version_windows:10.0_build_17763, platform:windows, region:azure, risk:financial, role:avd, service:trms, source:alert, system:trms, team:cyber_agents, team:windows",2025-02-04 07:04:42,[Recovered on {host:wpwvd-trms-1.adb.local}] Nessus Agent in Windows Server wpwvd-trms-1.adb.local Stopped Running - Cyber,success
AwAAAZTODm8AhKQGIAAAABhBWlRPRG5JQUFBQ0RKRDZYdmJLbjZiMU8AAAAkMDE5NGNlNDEtYjAxOC00OWRjLWJjMzQtMDNjMWQ0N2ZjMjAwAAA6bw,event,"criticality:prod, dd_agent_key:adb, dd_agent_pythonv:3.12.6, dd_agent_version:7.59.0, domain_name:adb.local, env:prod, host:wpwvd-trms-1.adb.local, ip_subnet2:10.112, ip_subnet3:10.112.126, ip_subnet:10, monitor, os_version:windows_server_2019_datacenter, os_version_release:windows_server_2019_datacenter, os_version_windows:10.0_build_17763, platform:windows, region:azure, risk:financial, role:avd, service:trms, source:alert, system:trms, team:risk, team:windows",2025-02-04 07:04:00,[Recovered on {host:wpwvd-trms-1.adb.local}] TRMS Hosts Data Dog Agent Check - FIN,success
AwAAAZTODhkQfFacsgAAABhBWlRPRGg0ckFBQ1QxTlV5RUwyZ2ZzSk4AAAAkMDE5NGNlNDEtYjAxOC00OWRjLWJjMzQtMDNjMWQ0N2ZjMjAwAAA6bQ,event,"criticality:prod, dd_agent_key:adb, dd_agent_pythonv:3.12.6, dd_agent_version:7.59.0, domain_name:adb.local, env:prod, host:wpwvd-trms-1.adb.local, ip_subnet2:10.112, ip_subnet3:10.112.126, ip_subnet:10, monitor, os_version:windows_server_2019_datacenter, os_version_release:windows_server_2019_datacenter, os_version_windows:10.0_build_17763, platform:windows, region:azure, risk:financial, role:avd, service:trms, source:alert, system:trms, team:risk, team:windows",2025-02-04 07:03:38,[P1] [Recovered] Host Uptime Monitor:TRMS - FIN,success
AwAAAZTODfXofMycsgAAABhBWlRPRGhVb0FBQ1JjMDRTa3NWN09HaEsAAAAkMDE5NGNlNDEtYjAxOC00OWRjLWJjMzQtMDNjMWQ0N2ZjMjAwAAAAHg,event,"criticality:prod, dd_agent_key:adb, dd_agent_pythonv:3.12.6, dd_agent_version:7.59.0, domain_name:adb.local, env:prod, ip_subnet2:10.112, ip_subnet3:10.112.126, ip_subnet:10, os_version:windows_server_2019_datacenter, os_version_release:windows_server_2019_datacenter, os_version_windows:10.0_build_17763, platform:windows, region:azure, risk:financial, role:avd, service:trms, source:datadog, system:trms, team:windows",2025-02-04 07:03:29,Datadog agent (v. 7.59.0) started on wpwvd-trms-1.adb.local,info
AwAAAZTN2flQmVNFVQAAABhBWlROMmZ6bkFBQk54M3lTOTFtajA3Y0cAAAAkMDE5NGNlNDEtYjAxOC00OWRjLWJjMzQtMDNjMWQ0N2ZjMjAwAAAz9g,event,"criticality:prod, dd_agent_key:adb, dd_agent_pythonv:3.12.6, dd_agent_version:7.59.0, domain_name:adb.local, env:prod, host:wpwvd-trms-1.adb.local, ip_subnet2:10.112, ip_subnet3:10.112.126, ip_subnet:10, monitor, os_version:windows_server_2019_datacenter, os_version_release:windows_server_2019_datacenter, os_version_windows:10.0_build_17763, platform:windows, region:azure, risk:financial, role:avd, service:trms, source:alert, system:trms, team:cyber_agents, team:windows",2025-02-04 06:06:42,[Re-Triggered on {host:wpwvd-trms-1.adb.local}] Nessus Agent in Windows Server wpwvd-trms-1.adb.local Stopped Running - Cyber,error
AwAAAZTNowrQVbXjrwAAABhBWlROb3cwUUFBRHVSSHFSdDJyMkpWR3AAAAAkMDE5NGNlNDEtYjAxOC00OWRjLWJjMzQtMDNjMWQ0N2ZjMjAwAAAzzg,event,"criticality:prod, dd_agent_key:adb, dd_agent_pythonv:3.12.6, dd_agent_version:7.59.0, domain_name:adb.local, env:prod, host:wpwvd-trms-1.adb.local, ip_subnet2:10.112, ip_subnet3:10.112.126, ip_subnet:10, monitor, os_version:windows_server_2019_datacenter, os_version_release:windows_server_2019_datacenter, os_version_windows:10.0_build_17763, platform:windows, region:azure, risk:financial, role:avd, service:trms, source:alert, system:trms, team:cyber_agents, team:windows",2025-02-04 05:06:42,[Re-Triggered on {host:wpwvd-trms-1.adb.local}] Nessus Agent in Windows Server wpwvd-trms-1.adb.local Stopped Running - Cyber,error
AwAAAZTNbBxQYgQHQAAAABhBWlROYkI0SEFBQXVaOWV3cVlka1Utb2kAAAAkMDE5NGNlNDEtYjAxOC00OWRjLWJjMzQtMDNjMWQ0N2ZjMjAwAAAzqg,event,"criticality:prod, dd_agent_key:adb, dd_agent_pythonv:3.12.6, dd_agent_version:7.59.0, domain_name:adb.local, env:prod, host:wpwvd-trms-1.adb.local, ip_subnet2:10.112, ip_subnet3:10.112.126, ip_subnet:10, monitor, os_version:windows_server_2019_datacenter, os_version_release:windows_server_2019_datacenter, os_version_windows:10.0_build_17763, platform:windows, region:azure, risk:financial, role:avd, service:trms, source:alert, system:trms, team:cyber_agents, team:windows",2025-02-04 04:06:42,[Re-Triggered on {host:wpwvd-trms-1.adb.local}] Nessus Agent in Windows Server wpwvd-trms-1.adb.local Stopped Running - Cyber,error
AwAAAZTNNSno3hahcwAAABhBWlROTlN6ZEFBQThIT01QUzhKTmE2SzAAAAAkMDE5NGNkNjUtZWE2MC00YmU3LWE0OGUtYmZjMWZjYzM4NDA2AAA3rw,event,"criticality:prod, dd_agent_key:adb, dd_agent_pythonv:3.12.6, dd_agent_version:7.59.0, domain_name:adb.local, env:prod, host:wpwvd-trms-1.adb.local, ip_subnet2:10.112, ip_subnet3:10.112.126, ip_subnet:10, monitor, os_version:windows_server_2019_datacenter, os_version_release:windows_server_2019_datacenter, os_version_windows:10.0_build_17763, platform:windows, region:azure, risk:financial, role:avd, service:trms, source:alert, system:trms, team:cyber_agents, team:windows",2025-02-04 03:06:41,[Re-Triggered on {host:wpwvd-trms-1.adb.local}] Nessus Agent in Windows Server wpwvd-trms-1.adb.local Stopped Running - Cyber,error
AwAAAZTM_jtoW42JHAAAABhBWlRNX2o3R0FBQ2VGSFI3V3A5d0tpTTgAAAAkMDE5NGNkNjUtZWE2MC00YmU3LWE0OGUtYmZjMWZjYzM4NDA2AAA3kg,event,"criticality:prod, dd_agent_key:adb, dd_agent_pythonv:3.12.6, dd_agent_version:7.59.0, domain_name:adb.local, env:prod, host:wpwvd-trms-1.adb.local, ip_subnet2:10.112, ip_subnet3:10.112.126, ip_subnet:10, monitor, os_version:windows_server_2019_datacenter, os_version_release:windows_server_2019_datacenter, os_version_windows:10.0_build_17763, platform:windows, region:azure, risk:financial, role:avd, service:trms, source:alert, system:trms, team:cyber_agents, team:windows",2025-02-04 02:06:41,[Re-Triggered on {host:wpwvd-trms-1.adb.local}] Nessus Agent in Windows Server wpwvd-trms-1.adb.local Stopped Running - Cyber,error
AwAAAZTMx1DQ3NMafwAAABhBWlRNeDFMcUFBQ25EeHpfTmcxYnYwZVgAAAAkMDE5NGNkNjUtZWE2MC00YmU3LWE0OGUtYmZjMWZjYzM4NDA2AAA3eA,event,"criticality:prod, dd_agent_key:adb, dd_agent_pythonv:3.12.6, dd_agent_version:7.59.0, domain_name:adb.local, env:prod, host:wpwvd-trms-1.adb.local, ip_subnet2:10.112, ip_subnet3:10.112.126, ip_subnet:10, monitor, os_version:windows_server_2019_datacenter, os_version_release:windows_server_2019_datacenter, os_version_windows:10.0_build_17763, platform:windows, region:azure, risk:financial, role:avd, service:trms, source:alert, system:trms, team:cyber_agents, team:windows",2025-02-04 01:06:42,[Triggered on {host:wpwvd-trms-1.adb.local}] Nessus Agent in Windows Server wpwvd-trms-1.adb.local Stopped Running - Cyber,error
AwAAAZTMkT0QHgyVcAAAABhBWlRNa1VHYUFBQndpWmd4ZF9ZSWJkZzIAAAAkMDE5NGNkNjUtZWE2MC00YmU3LWE0OGUtYmZjMWZjYzM4NDA2AAA9Tw,event,"criticality:prod, dd_agent_key:adb, dd_agent_pythonv:3.12.6, dd_agent_version:7.59.0, domain_name:adb.local, env:prod, host:wpwvd-trms-1.adb.local, ip_subnet2:10.112, ip_subnet3:10.112.126, ip_subnet:10, monitor, os_version:windows_server_2019_datacenter, os_version_release:windows_server_2019_datacenter, os_version_windows:10.0_build_17763, platform:windows, region:azure, risk:financial, role:avd, service:trms, source:alert, system:trms, team:risk, team:windows",2025-02-04 00:07:38,[P1] [Triggered] Host Uptime Monitor:TRMS - FIN,error
AwAAAZTMkKig2qUNkAAAABhBWlRNa0t3SUFBRE9ORHM0amJtZl9CeU0AAAAkMDE5NGNkNjUtZWE2MC00YmU3LWE0OGUtYmZjMWZjYzM4NDA2AAA9TQ,event,"criticality:prod, dd_agent_key:adb, dd_agent_pythonv:3.12.6, dd_agent_version:7.59.0, domain_name:adb.local, env:prod, host:wpwvd-trms-1.adb.local, ip_subnet2:10.112, ip_subnet3:10.112.126, ip_subnet:10, monitor, os_version:windows_server_2019_datacenter, os_version_release:windows_server_2019_datacenter, os_version_windows:10.0_build_17763, platform:windows, region:azure, risk:financial, role:avd, service:trms, source:alert, system:trms, team:risk, team:windows",2025-02-04 00:07:00,[Triggered on {host:wpwvd-trms-1.adb.local}] TRMS Hosts Data Dog Agent Check - FIN,error
AwAAAZTMWM_AQnwQBQAAABhBWlRNV05MZUFBQk1mbnYwaFRrVVZFQTcAAAAkMDE5NGNjOGEtMzQ0OC00ZmQxLWFiZGItYjdkZDAzYzBlMDk5AABB-A,event,"criticality:prod, dd_agent_key:adb, dd_agent_pythonv:3.12.6, dd_agent_version:7.59.0, domain_name:adb.local, env:prod, host:wpwvd-trms-0.adb.local, ip_subnet2:10.112, ip_subnet3:10.112.126, ip_subnet:10, monitor, os_version:windows_server_2019_datacenter, os_version_release:windows_server_2019_datacenter, os_version_windows:10.0_build_17763, platform:windows, region:azure, risk:financial, role:avd, service:trms, source:alert, system:trms, team:risk, team:windows, winserv:mam",2025-02-03 23:06:00,[Recovered on {host:wpwvd-trms-0.adb.local}] TRMS Hosts Data Dog Agent Check - FIN,success
AwAAAZTMV-0wpxg-LgAAABhBWlRNV0FpSUFBQTZ3WFBxLURQcjRKQTkAAAAkMDE5NGNjOGEtMzQ0OC00ZmQxLWFiZGItYjdkZDAzYzBlMDk5AAAAug,event,"criticality:prod, dd_agent_key:adb, dd_agent_pythonv:3.12.6, dd_agent_version:7.59.0, domain_name:adb.local, env:prod, ip_subnet2:10.112, ip_subnet3:10.112.126, ip_subnet:10, os_version:windows_server_2019_datacenter, os_version_release:windows_server_2019_datacenter, os_version_windows:10.0_build_17763, platform:windows, region:azure, risk:financial, role:avd, service:trms, source:datadog, system:trms, team:windows, winserv:mam",2025-02-03 23:05:02,Datadog agent (v. 7.59.0) started on wpwvd-trms-0.adb.local,info
AwAAAZTMV-VgCiSxKQAAABhBWlRNVi1qYUFBQUlnRERPZ1dncHBnUVIAAAAkMDE5NGNjOGEtMzQ0OC00ZmQxLWFiZGItYjdkZDAzYzBlMDk5AABB9w,event,"criticality:prod, dd_agent_key:adb, dd_agent_pythonv:3.12.6, dd_agent_version:7.59.0, domain_name:adb.local, env:prod, host:wpwvd-trms-0.adb.local, ip_subnet2:10.112, ip_subnet3:10.112.126, ip_subnet:10, monitor, os_version:windows_server_2019_datacenter, os_version_release:windows_server_2019_datacenter, os_version_windows:10.0_build_17763, platform:windows, region:azure, risk:financial, role:avd, service:trms, source:alert, system:trms, team:risk, team:windows, winserv:mam",2025-02-03 23:05:00,[Triggered on {host:wpwvd-trms-0.adb.local}] TRMS Hosts Data Dog Agent Check - FIN,error
AwAAAZTKQIqYa3znNQAAABhBWlRLUUkzb0FBQmdpZWk3Um9ESDJZMDcAAAAkMDE5NGNhZDItYzQzMC00ZWMzLWJiMDQtYmZhZDQ5ZjhiMTg3AABKjw,event,"check_status:live, check_type:api-dns, ci_execution_rule:blocking, criticality:prod, env:prod, monitor, probe_dc:pl:hq-prod-1-3513f5b522a833600df2309408c22ed3, service:dns, source:alert, team:network",2025-02-03 13:20:15,[Recovered] trms-ui-dev.adb.org DNS resolution via DNS1 - Network,success
AwAAAZTKPGgAv9UVJAAAABhBWlRLUEd6YkFBQVVuZGZraUNiN1NzX1kAAAAkMDE5NGNhZDItYzQzMC00ZWMzLWJiMDQtYmZhZDQ5ZjhiMTg3AABKgw,event,"check_status:live, check_type:api-dns, ci_execution_rule:blocking, criticality:prod, env:prod, monitor, probe_dc:pl:hq-prod-1-3513f5b522a833600df2309408c22ed3, service:dns, source:alert, team:network",2025-02-03 13:15:44,[Triggered] trms-ui-dev.adb.org DNS resolution via DNS1 - Network,error
AwAAAZTKIJ64LQq8nAAAABhBWlRLSUtGekFBQzJvVDJkUGVtcDVvbjkAAAAkMDE5NGNhZDItYzQzMC00ZWMzLWJiMDQtYmZhZDQ5ZjhiMTg3AABKZw,event,"check_status:live, check_type:api-dns, ci_execution_rule:blocking, criticality:prod, env:prod, monitor, probe_dc:pl:hq-prod-1-3513f5b522a833600df2309408c22ed3, service:dns, source:alert, team:network",2025-02-03 12:45:23,[Recovered] Test on trms-ui-dev.adb.org via WPAD1 - Network,success
AwAAAZTKIHuQGnfUpAAAABhBWlRLSUg4bEFBQUhETEVnSUtobWNucTAAAAAkMDE5NGNhZDItYzQzMC00ZWMzLWJiMDQtYmZhZDQ5ZjhiMTg3AABKZg,event,"check_status:live, check_type:api-dns, ci_execution_rule:blocking, criticality:prod, env:prod, monitor, probe_dc:pl:hq-prod-1-3513f5b522a833600df2309408c22ed3, service:dns, source:alert, team:network",2025-02-03 12:45:14,[Recovered] trms-ui-dev.adb.org DNS resolution via DNS1 - Network,success
AwAAAZTKHHwg4b917wAAABhBWlRLSElBS0FBQ1BfMk5SYm95b2xzNWsAAAAkMDE5NGNhZDItYzQzMC00ZWMzLWJiMDQtYmZhZDQ5ZjhiMTg3AABKXA,event,"check_status:live, check_type:api-dns, ci_execution_rule:blocking, criticality:prod, env:prod, monitor, probe_dc:pl:hq-prod-1-3513f5b522a833600df2309408c22ed3, service:dns, source:alert, team:network",2025-02-03 12:40:52,[Triggered] Test on trms-ui-dev.adb.org via WPAD1 - Network,error
AwAAAZTKG-uYRVs_XAAAABhBWlRLRy0xY0FBQUZzbG5TUGJrbjMtWTMAAAAkMDE5NGNhZDItYzQzMC00ZWMzLWJiMDQtYmZhZDQ5ZjhiMTg3AABKWw,event,"check_status:live, check_type:api-dns, ci_execution_rule:blocking, criticality:prod, env:prod, monitor, probe_dc:pl:hq-prod-1-3513f5b522a833600df2309408c22ed3, service:dns, source:alert, team:network",2025-02-03 12:40:15,[Triggered] trms-ui-dev.adb.org DNS resolution via DNS1 - Network,error
AwAAAZTKDktQA33CpgAAABhBWlRLRGs5V0FBREpYV2lKMGZfdDB0YUkAAAAkMDE5NGNhZDItYzQzMC00ZWMzLWJiMDQtYmZhZDQ5ZjhiMTg3AABKQg,event,"check_status:live, check_type:api-dns, ci_execution_rule:blocking, criticality:prod, env:prod, monitor, probe_dc:pl:hq-prod-1-3513f5b522a833600df2309408c22ed3, service:dns, source:alert, team:network",2025-02-03 12:25:22,[Recovered] Test on trms-ui-dev.adb.org via WPAD1 - Network,success
AwAAAZTKCbdwGmIBLAAAABhBWlRLQ2J2cEFBQmdfTmR1NFp5VEliRHcAAAAkMDE5NGNhZDItYzQzMC00ZWMzLWJiMDQtYmZhZDQ5ZjhiMTg3AABKPg,event,"check_status:live, check_type:api-dns, ci_execution_rule:blocking, criticality:prod, env:prod, monitor, probe_dc:pl:hq-prod-1-3513f5b522a833600df2309408c22ed3, service:dns, source:alert, team:network",2025-02-03 12:20:22,[Triggered] Test on trms-ui-dev.adb.org via WPAD1 - Network,error
AwAAAZTJ4GVQHcvNogAAABhBWlRKNEdtSUFBRDZLa08yc0tGWDBkOTUAAAAkMDE5NGM5ZjctMDI2MC00NmE5LWE5YzQtNGFkMTg0ZDgxYTVjAABDMQ,event,"check_status:live, check_type:api-dns, ci_execution_rule:blocking, criticality:prod, env:prod, monitor, probe_dc:pl:hq-prod-1-3513f5b522a833600df2309408c22ed3, service:dns, source:alert, team:network",2025-02-03 11:35:14,[Recovered] trms-ui-dev.adb.org DNS resolution via DNS1 - Network,success
AwAAAZTJ29VYgKnArAAAABhBWlRKMjllbUFBREl6d0s0QTdBWDNKejcAAAAkMDE5NGM5ZjctMDI2MC00NmE5LWE5YzQtNGFkMTg0ZDgxYTVjAABDLA,event,"check_status:live, check_type:api-dns, ci_execution_rule:blocking, criticality:prod, env:prod, monitor, probe_dc:pl:hq-prod-1-3513f5b522a833600df2309408c22ed3, service:dns, source:alert, team:network",2025-02-03 11:30:15,[Triggered] trms-ui-dev.adb.org DNS resolution via DNS1 - Network,error
AwAAAZTJwM9gKIWFjgAAABhBWlRKd05HWkFBQjdjX3FJYWx3dFd1MFAAAAAkMDE5NGM5ZjctMDI2MC00NmE5LWE5YzQtNGFkMTg0ZDgxYTVjAABDAg,event,"check_status:live, check_type:api-dns, ci_execution_rule:blocking, criticality:prod, env:prod, monitor, probe_dc:pl:hq-prod-1-3513f5b522a833600df2309408c22ed3, service:dns, source:alert, team:network",2025-02-03 11:00:44,[Recovered] trms-ui-dev.adb.org DNS resolution via DNS1 - Network,success
AwAAAZTJvDuAZxKLvwAAABhBWlRKdkVBOUFBQmoxcDVVUTgxUm1FbXoAAAAkMDE5NGM5ZjctMDI2MC00NmE5LWE5YzQtNGFkMTg0ZDgxYTVjAABC-g,event,"check_status:live, check_type:api-dns, ci_execution_rule:blocking, criticality:prod, env:prod, monitor, probe_dc:pl:hq-prod-1-3513f5b522a833600df2309408c22ed3, service:dns, source:alert, team:network",2025-02-03 10:55:44,[Triggered] trms-ui-dev.adb.org DNS resolution via DNS1 - Network,error
AwAAAZTJjpfoDK-btwAAABhBWlRKanBpbEFBQkUtT2JoNEhXLTdJelQAAAAkMDE5NGM5ZjctMDI2MC00NmE5LWE5YzQtNGFkMTg0ZDgxYTVjAABCuw,event,"check_status:live, check_type:api-dns, ci_execution_rule:blocking, criticality:prod, env:prod, monitor, probe_dc:pl:hq-prod-1-3513f5b522a833600df2309408c22ed3, service:dns, source:alert, team:network",2025-02-03 10:05:53,[Recovered] Test on trms-ui-dev.adb.org via WPAD1 - Network,success
AwAAAZTJigAgHFXXAgAAABhBWlRKaWdReEFBQ3JkSGMzNnJYb0NvdDYAAAAkMDE5NGM5ZjctMDI2MC00NmE5LWE5YzQtNGFkMTg0ZDgxYTVjAABCtA,event,"check_status:live, check_type:api-dns, ci_execution_rule:blocking, criticality:prod, env:prod, monitor, probe_dc:pl:hq-prod-1-3513f5b522a833600df2309408c22ed3, service:dns, source:alert, team:network",2025-02-03 10:00:52,[Triggered] Test on trms-ui-dev.adb.org via WPAD1 - Network,error
AwAAAZTI6LcQUrUjrQAAABhBWlRJNkxvYkFBQjI5SjZjVlA3RXBYTEEAAAAkMDE5NGM5MWItNTAzMC00MTk2LThhOTctZGJkYTBlYjNjNGRjAAA3xQ,event,"criticality:prod, dd_agent_key:adb, dd_agent_pythonv:3.12.6, dd_agent_version:7.59.0, domain_name:adb.local, env:prod, host:wpwvd-trms-1.adb.local, ip_subnet2:10.112, ip_subnet3:10.112.126, ip_subnet:10, monitor, os_version:windows_server_2019_datacenter, os_version_release:windows_server_2019_datacenter, os_version_windows:10.0_build_17763, platform:windows, region:azure, risk:financial, role:avd, service:trms, source:alert, system:trms, team:cyber_agents, team:windows",2025-02-03 07:04:42,[Recovered on {host:wpwvd-trms-1.adb.local}] Nessus Agent in Windows Server wpwvd-trms-1.adb.local Stopped Running - Cyber,success
AwAAAZTI6KdwGn2iZgAAABhBWlRJNkt1Y0FBRFBsWHlvSmc3NjBFSFAAAAAkMDE5NGM5MWItNTAzMC00MTk2LThhOTctZGJkYTBlYjNjNGRjAAA-Vg,event,"criticality:prod, dd_agent_key:adb, dd_agent_pythonv:3.12.6, dd_agent_version:7.59.0, domain_name:adb.local, env:prod, host:wpwvd-trms-1.adb.local, ip_subnet2:10.112, ip_subnet3:10.112.126, ip_subnet:10, monitor, os_version:windows_server_2019_datacenter, os_version_release:windows_server_2019_datacenter, os_version_windows:10.0_build_17763, platform:windows, region:azure, risk:financial, role:avd, service:trms, source:alert, system:trms, team:risk, team:windows",2025-02-03 07:04:38,[P1] [Recovered] Host Uptime Monitor:TRMS - FIN,success
AwAAAZTI6BMA7AaCQwAAABhBWlRJNkJYb0FBRGotNlpaWXdRVnNRVHMAAAAkMDE5NGM5MWItNTAzMC00MTk2LThhOTctZGJkYTBlYjNjNGRjAAA-VQ,event,"criticality:prod, dd_agent_key:adb, dd_agent_pythonv:3.12.6, dd_agent_version:7.59.0, domain_name:adb.local, env:prod, host:wpwvd-trms-1.adb.local, ip_subnet2:10.112, ip_subnet3:10.112.126, ip_subnet:10, monitor, os_version:windows_server_2019_datacenter, os_version_release:windows_server_2019_datacenter, os_version_windows:10.0_build_17763, platform:windows, region:azure, risk:financial, role:avd, service:trms, source:alert, system:trms, team:risk, team:windows",2025-02-03 07:04:00,[Recovered on {host:wpwvd-trms-1.adb.local}] TRMS Hosts Data Dog Agent Check - FIN,success
AwAAAZTI58jIcE4ojgAAABhBWlRJNS1BNEFBQzllUEVfcGh1c3pBVnUAAAAkMDE5NGM5MWItNTAzMC00MTk2LThhOTctZGJkYTBlYjNjNGRjAAAAKA,event,"criticality:prod, dd_agent_key:adb, dd_agent_pythonv:3.12.6, dd_agent_version:7.59.0, domain_name:adb.local, env:prod, ip_subnet2:10.112, ip_subnet3:10.112.126, ip_subnet:10, os_version:windows_server_2019_datacenter, os_version_release:windows_server_2019_datacenter, os_version_windows:10.0_build_17763, platform:windows, region:azure, risk:financial, role:avd, service:trms, source:datadog, system:trms, team:windows",2025-02-03 07:03:41,Datadog agent (v. 7.59.0) started on wpwvd-trms-1.adb.local,info
AwAAAZTItIewKwYMfQAAABhBWlRJdElsb0FBQ3NfRHFWZG5CQWZZRHAAAAAkMDE5NGM5MWItNTAzMC00MTk2LThhOTctZGJkYTBlYjNjNGRjAAA3fw,event,"criticality:prod, dd_agent_key:adb, dd_agent_pythonv:3.12.6, dd_agent_version:7.59.0, domain_name:adb.local, env:prod, host:wpwvd-trms-1.adb.local, ip_subnet2:10.112, ip_subnet3:10.112.126, ip_subnet:10, monitor, os_version:windows_server_2019_datacenter, os_version_release:windows_server_2019_datacenter, os_version_windows:10.0_build_17763, platform:windows, region:azure, risk:financial, role:avd, service:trms, source:alert, system:trms, team:cyber_agents, team:windows",2025-02-03 06:07:42,[Re-Triggered on {host:wpwvd-trms-1.adb.local}] Nessus Agent in Windows Server wpwvd-trms-1.adb.local Stopped Running - Cyber,error
AwAAAZTIfZkw0FHvvwAAABhBWlRJZlpxdEFBQV9PcXNJZWFsV1FmSHkAAAAkMDE5NGM5MWItNTAzMC00MTk2LThhOTctZGJkYTBlYjNjNGRjAAA3Rg,event,"criticality:prod, dd_agent_key:adb, dd_agent_pythonv:3.12.6, dd_agent_version:7.59.0, domain_name:adb.local, env:prod, host:wpwvd-trms-1.adb.local, ip_subnet2:10.112, ip_subnet3:10.112.126, ip_subnet:10, monitor, os_version:windows_server_2019_datacenter, os_version_release:windows_server_2019_datacenter, os_version_windows:10.0_build_17763, platform:windows, region:azure, risk:financial, role:avd, service:trms, source:alert, system:trms, team:cyber_agents, team:windows",2025-02-03 05:07:42,[Re-Triggered on {host:wpwvd-trms-1.adb.local}] Nessus Agent in Windows Server wpwvd-trms-1.adb.local Stopped Running - Cyber,error
AwAAAZTIRqqwRwLaAgAAABhBWlRJUnExbEFBQTNoaGlGREdkSVBvb3MAAAAkMDE5NGM5MWItNTAzMC00MTk2LThhOTctZGJkYTBlYjNjNGRjAAA3FA,event,"criticality:prod, dd_agent_key:adb, dd_agent_pythonv:3.12.6, dd_agent_version:7.59.0, domain_name:adb.local, env:prod, host:wpwvd-trms-1.adb.local, ip_subnet2:10.112, ip_subnet3:10.112.126, ip_subnet:10, monitor, os_version:windows_server_2019_datacenter, os_version_release:windows_server_2019_datacenter, os_version_windows:10.0_build_17763, platform:windows, region:azure, risk:financial, role:avd, service:trms, source:alert, system:trms, team:cyber_agents, team:windows",2025-02-03 04:07:42,[Re-Triggered on {host:wpwvd-trms-1.adb.local}] Nessus Agent in Windows Server wpwvd-trms-1.adb.local Stopped Running - Cyber,error
AwAAAZTID7hI1kA-9wAAABhBWlRJRDcwUUFBQ0V3T2ZtNUtfQlZUSHQAAAAkMDE5NGM4M2YtOWExOC00YjE3LThhMTItZWUwMTYxNDRiMmE2AAA2fQ,event,"criticality:prod, dd_agent_key:adb, dd_agent_pythonv:3.12.6, dd_agent_version:7.59.0, domain_name:adb.local, env:prod, host:wpwvd-trms-1.adb.local, ip_subnet2:10.112, ip_subnet3:10.112.126, ip_subnet:10, monitor, os_version:windows_server_2019_datacenter, os_version_release:windows_server_2019_datacenter, os_version_windows:10.0_build_17763, platform:windows, region:azure, risk:financial, role:avd, service:trms, source:alert, system:trms, team:cyber_agents, team:windows",2025-02-03 03:07:41,[Re-Triggered on {host:wpwvd-trms-1.adb.local}] Nessus Agent in Windows Server wpwvd-trms-1.adb.local Stopped Running - Cyber,error
AwAAAZTH2M2wxe7NogAAABhBWlRIMk5CMUFBQ3ZuVnJqUE42b3NQOXIAAAAkMDE5NGM4M2YtOWExOC00YjE3LThhMTItZWUwMTYxNDRiMmE2AAA2Rw,event,"criticality:prod, dd_agent_key:adb, dd_agent_pythonv:3.12.6, dd_agent_version:7.59.0, domain_name:adb.local, env:prod, host:wpwvd-trms-1.adb.local, ip_subnet2:10.112, ip_subnet3:10.112.126, ip_subnet:10, monitor, os_version:windows_server_2019_datacenter, os_version_release:windows_server_2019_datacenter, os_version_windows:10.0_build_17763, platform:windows, region:azure, risk:financial, role:avd, service:trms, source:alert, system:trms, team:cyber_agents, team:windows",2025-02-03 02:07:42,[Re-Triggered on {host:wpwvd-trms-1.adb.local}] Nessus Agent in Windows Server wpwvd-trms-1.adb.local Stopped Running - Cyber,error
AwAAAZTHod8wZNmFjgAAABhBWlRIb2VFY0FBRDRic2F5Wm10S0hZaWQAAAAkMDE5NGM4M2YtOWExOC00YjE3LThhMTItZWUwMTYxNDRiMmE2AAA2FA,event,"criticality:prod, dd_agent_key:adb, dd_agent_pythonv:3.12.6, dd_agent_version:7.59.0, domain_name:adb.local, env:prod, host:wpwvd-trms-1.adb.local, ip_subnet2:10.112, ip_subnet3:10.112.126, ip_subnet:10, monitor, os_version:windows_server_2019_datacenter, os_version_release:windows_server_2019_datacenter, os_version_windows:10.0_build_17763, platform:windows, region:azure, risk:financial, role:avd, service:trms, source:alert, system:trms, team:cyber_agents, team:windows",2025-02-03 01:07:42,[Triggered on {host:wpwvd-trms-1.adb.local}] Nessus Agent in Windows Server wpwvd-trms-1.adb.local Stopped Running - Cyber,error
AwAAAZTHbCFgzSs5CgAAABhBWlRIYkNRTkFBQmNhd1d5VlJCc3pFd24AAAAkMDE5NGM4M2YtOWExOC00YjE3LThhMTItZWUwMTYxNDRiMmE2AAA7-g,event,"criticality:prod, dd_agent_key:adb, dd_agent_pythonv:3.12.6, dd_agent_version:7.59.0, domain_name:adb.local, env:prod, host:wpwvd-trms-1.adb.local, ip_subnet2:10.112, ip_subnet3:10.112.126, ip_subnet:10, monitor, os_version:windows_server_2019_datacenter, os_version_release:windows_server_2019_datacenter, os_version_windows:10.0_build_17763, platform:windows, region:azure, risk:financial, role:avd, service:trms, source:alert, system:trms, team:risk, team:windows",2025-02-03 00:09:00,[Triggered on {host:wpwvd-trms-1.adb.local}] TRMS Hosts Data Dog Agent Check - FIN,error
AwAAAZTHa8twDIu8nAAAABhBWlRIYTgtTEFBRHBUaldzUjZodDhnV08AAAAkMDE5NGM4M2YtOWExOC00YjE3LThhMTItZWUwMTYxNDRiMmE2AAA7-Q,event,"criticality:prod, dd_agent_key:adb, dd_agent_pythonv:3.12.6, dd_agent_version:7.59.0, domain_name:adb.local, env:prod, host:wpwvd-trms-1.adb.local, ip_subnet2:10.112, ip_subnet3:10.112.126, ip_subnet:10, monitor, os_version:windows_server_2019_datacenter, os_version_release:windows_server_2019_datacenter, os_version_windows:10.0_build_17763, platform:windows, region:azure, risk:financial, role:avd, service:trms, source:alert, system:trms, team:risk, team:windows",2025-02-03 00:08:38,[P1] [Triggered] Host Uptime Monitor:TRMS - FIN,error
AwAAAZTHXTj4ocYafwAAABhBWlRIWFRvMkFBQnlWYzFDb2pjNjJtM3EAAAAkMDE5NGM3NjMtZGMzMC00NWYwLTliYjUtNzAxZTU1Y2IzNTFiAAA5ug,event,"availability-zone:hq, criticality:non-prod, db:oracle, dd_agent_key:adb, dd_agent_pythonv:3.12.6, dd_agent_version:7.60.1, device:/mnt/trms, domain_name:adb.org, env:dev, env:prod, env:test, host:ltazdb1.adb.org, ip_subnet2:10.114, ip_subnet3:10.114.12, ip_subnet:10, monitor, os_version:redhat_8.10, os_version_release:redhat_8, os_version_windows:none, platform:linux, role:database, service:gfis-app, service:non_erp, service:tacp, service:unix, source:alert, system:tacp, team:dba, team:unix",2025-02-02 23:52:43,[Recovered on {host:ltazdb1.adb.org}] NFS Mount Check for /mnt/trms - Unix,success
AwAAAZTHXMuYQ6_G4gAAABhBWlRIWE05ZEFBQzR3TFc2WXRtSXlUR3MAAAAkMDE5NGM3NjMtZGMzMC00NWYwLTliYjUtNzAxZTU1Y2IzNTFiAAA5uA,event,"availability-zone:hq, criticality:non-prod, criticality:prod, db:oracle, dd_agent_key:adb, dd_agent_pythonv:3.12.6, dd_agent_version:7.60.1, device:/mnt/trms, domain_name:adb.org, env:dev, env:prod, env:test, host:ltazdb1.adb.org, ip_subnet2:10.114, ip_subnet3:10.114.12, ip_subnet:10, monitor, os_version:redhat_8.10, os_version_release:redhat_8, os_version_windows:none, platform:linux, role:database, service:_trms, service:gfis-app, service:non_erp, service:tacp, source:alert, system:tacp, team:, team:dba",2025-02-02 23:52:15,[Recovered on {host:ltazdb1.adb.org}] TRMS Disk Usage of /mnt/trms - RISK - FIN,success
AwAAAZTHXMuYQ6_G4QAAABhBWlRIWE05ZEFBQmhVUmlVRFo0OTQ3MWIAAAAkMDE5NGM3NjMtZGMzMC00NWYwLTliYjUtNzAxZTU1Y2IzNTFiAAA5tw,event,"availability-zone:azure, criticality:non-prod, criticality:prod, db:oracle, dd_agent_key:adb, dd_agent_pythonv:3.12.6, dd_agent_version:7.60.1, device:/mnt/trms, domain_name:adb.org, env:dev, env:prod, env:test, host:ldazdb1.adb.org, ip_subnet2:10.114, ip_subnet3:10.114.128, ip_subnet:10, monitor, os_version:redhat_8.10, os_version_release:redhat_8, os_version_windows:none, platform:linux, role:database, service:_trms, service:non_erp, service:tacp, source:alert, system:tacp, team:, team:dba",2025-02-02 23:52:15,[Recovered on {host:ldazdb1.adb.org}] TRMS Disk Usage of /mnt/trms - RISK - FIN,success
AwAAAZTHXAhIN8bNXAAAABhBWlRIWEFzSkFBRGl1dXBxcnh0ZzNpYkoAAAAkMDE5NGM3NjMtZGMzMC00NWYwLTliYjUtNzAxZTU1Y2IzNTFiAAA6NA,event,"availability-zone:azure, criticality:non-prod, db:oracle, dd_agent_key:adb, dd_agent_pythonv:3.12.6, dd_agent_version:7.60.1, domain_name:adb.org, env:dev, host:ldazdb1.adb.org, ip_subnet2:10.114, ip_subnet3:10.114.128, ip_subnet:10, monitor, os_version:redhat_8.10, os_version_release:redhat_8, os_version_windows:none, platform:linux, role:database, service:_trms, service:non_erp, service:tacp, source:alert, system:tacp, team:dba, team:fin",2025-02-02 23:51:25,[Recovered] [TRMS Oracle] Service Check - FIN,success
AwAAAZTHW-UgFQ0nBwAAABhBWlRIVy1mTEFBQ0g5T1FrZllldGIyN3UAAAAkMDE5NGM3NjMtZGMzMC00NWYwLTliYjUtNzAxZTU1Y2IzNTFiAAA5sw,event,"availability-zone:azure, criticality:non-prod, criticality:prod, db:oracle, dd_agent_key:adb, dd_agent_pythonv:3.12.6, dd_agent_version:7.60.1, device:/mnt/trms, domain_name:adb.org, env:dev, env:prod, env:test, host:ldazdb1.adb.org, ip_subnet2:10.114, ip_subnet3:10.114.128, ip_subnet:10, monitor, os_version:redhat_8.10, os_version_release:redhat_8, os_version_windows:none, platform:linux, role:database, service:_trms, service:non_erp, service:tacp, source:alert, system:tacp, team:, team:dba",2025-02-02 23:51:16,[No data on {host:ldazdb1.adb.org}] TRMS Disk Usage of /mnt/trms - RISK - FIN,error
AwAAAZTHW2BQIXe5sAAAABhBWlRIVzJHZ0FBQVU2b3VyS3BaeGYxek8AAAAkMDE5NGM3NjMtZGMzMC00NWYwLTliYjUtNzAxZTU1Y2IzNTFiAAA5rw,event,"availability-zone:hq, criticality:non-prod, db:oracle, dd_agent_key:adb, dd_agent_pythonv:3.12.6, dd_agent_version:7.60.1, device:/mnt/trms, domain_name:adb.org, env:dev, env:prod, env:test, host:ltazdb1.adb.org, ip_subnet2:10.114, ip_subnet3:10.114.12, ip_subnet:10, monitor, os_version:redhat_8.10, os_version_release:redhat_8, os_version_windows:none, platform:linux, role:database, service:gfis-app, service:non_erp, service:tacp, service:unix, source:alert, system:tacp, team:dba, team:unix",2025-02-02 23:50:42,[No data on {host:ltazdb1.adb.org}] NFS Mount Check for /mnt/trms - Unix,error
AwAAAZTHWvrAhgIojgAAABhBWlRIV3Z4b0FBQy05N2YwaGFvVUNybkMAAAAkMDE5NGM3NjMtZGMzMC00NWYwLTliYjUtNzAxZTU1Y2IzNTFiAAA5rQ,event,"availability-zone:hq, criticality:non-prod, criticality:prod, db:oracle, dd_agent_key:adb, dd_agent_pythonv:3.12.6, dd_agent_version:7.60.1, device:/mnt/trms, domain_name:adb.org, env:dev, env:prod, env:test, host:ltazdb1.adb.org, ip_subnet2:10.114, ip_subnet3:10.114.12, ip_subnet:10, monitor, os_version:redhat_8.10, os_version_release:redhat_8, os_version_windows:none, platform:linux, role:database, service:_trms, service:gfis-app, service:non_erp, service:tacp, source:alert, system:tacp, team:, team:dba",2025-02-02 23:50:16,[No data on {host:ltazdb1.adb.org}] TRMS Disk Usage of /mnt/trms - RISK - FIN,error
AwAAAZTHU8rovHL1dgAAABhBWlRIVTg2bkFBQ0s1bER4ajVpTHdZR0oAAAAkMDE5NGM3NjMtZGMzMC00NWYwLTliYjUtNzAxZTU1Y2IzNTFiAAA6Jw,event,"availability-zone:azure, criticality:non-prod, db:oracle, dd_agent_key:adb, dd_agent_pythonv:3.12.6, dd_agent_version:7.60.1, domain_name:adb.org, env:dev, host:ldazdb1.adb.org, ip_subnet2:10.114, ip_subnet3:10.114.128, ip_subnet:10, monitor, os_version:redhat_8.10, os_version_release:redhat_8, os_version_windows:none, platform:linux, role:database, service:_trms, service:non_erp, service:tacp, source:alert, system:tacp, team:dba, team:fin",2025-02-02 23:42:25,[Triggered] [TRMS Oracle] Service Check - FIN,error
AwAAAZTHMnPAX5TG4QAAABhBWlRITW5ZYUFBQWYxVldIaTJIRlpxb3MAAAAkMDE5NGM3NjMtZGMzMC00NWYwLTliYjUtNzAxZTU1Y2IzNTFiAAA6EA,event,"criticality:prod, dd_agent_key:adb, dd_agent_pythonv:3.12.6, dd_agent_version:7.59.0, domain_name:adb.local, env:prod, host:wpwvd-trms-0.adb.local, ip_subnet2:10.112, ip_subnet3:10.112.126, ip_subnet:10, monitor, os_version:windows_server_2019_datacenter, os_version_release:windows_server_2019_datacenter, os_version_windows:10.0_build_17763, platform:windows, region:azure, risk:financial, role:avd, service:trms, source:alert, system:trms, team:risk, team:windows, winserv:mam",2025-02-02 23:06:00,[Recovered on {host:wpwvd-trms-0.adb.local}] TRMS Hosts Data Dog Agent Check - FIN,success
AwAAAZTHMbBw11ABLAAAABhBWlRITWRPWUFBRFVkVEZzLWpIQm9mN2wAAAAkMDE5NGM3NjMtZGMzMC00NWYwLTliYjUtNzAxZTU1Y2IzNTFiAAAAGw,event,"criticality:prod, dd_agent_key:adb, dd_agent_pythonv:3.12.6, dd_agent_version:7.59.0, domain_name:adb.local, env:prod, ip_subnet2:10.112, ip_subnet3:10.112.126, ip_subnet:10, os_version:windows_server_2019_datacenter, os_version_release:windows_server_2019_datacenter, os_version_windows:10.0_build_17763, platform:windows, region:azure, risk:financial, role:avd, service:trms, source:datadog, system:trms, team:windows, winserv:mam",2025-02-02 23:05:10,Datadog agent (v. 7.59.0) started on wpwvd-trms-0.adb.local,info
AwAAAZTHMYlguLAMZgAAABhBWlRITWJOMUFBQmVJU0VhelhUYWE3bXoAAAAkMDE5NGM3NjMtZGMzMC00NWYwLTliYjUtNzAxZTU1Y2IzNTFiAAA6Dw,event,"criticality:prod, dd_agent_key:adb, dd_agent_pythonv:3.12.6, dd_agent_version:7.59.0, domain_name:adb.local, env:prod, host:wpwvd-trms-0.adb.local, ip_subnet2:10.112, ip_subnet3:10.112.126, ip_subnet:10, monitor, os_version:windows_server_2019_datacenter, os_version_release:windows_server_2019_datacenter, os_version_windows:10.0_build_17763, platform:windows, region:azure, risk:financial, role:avd, service:trms, source:alert, system:trms, team:risk, team:windows, winserv:mam",2025-02-02 23:05:00,[Triggered on {host:wpwvd-trms-0.adb.local}] TRMS Hosts Data Dog Agent Check - FIN,error
AwAAAZTFkaSghlBxygAAABhBWlRGa2FoYUFBQnBFWjhhMjlUaXFtejMAAAAkMDE5NGM1YWMtNmMxOC00OGQ1LThhYzgtZjBiYjNhMmJiM2Y5AAA_Ig,event,"check_status:live, check_type:api-dns, ci_execution_rule:blocking, criticality:prod, env:prod, monitor, probe_dc:pl:hq-prod-1-3513f5b522a833600df2309408c22ed3, service:dns, source:alert, team:network",2025-02-02 15:30:44,[Recovered] trms-ui-dev.adb.org DNS resolution via DNS1 - Network,success
AwAAAZTFjRSoKwysOAAAABhBWlRGalJXUEFBQXU4QXNDcE10OWY5WUIAAAAkMDE5NGM1YWMtNmMxOC00OGQ1LThhYzgtZjBiYjNhMmJiM2Y5AAA_HQ,event,"check_status:live, check_type:api-dns, ci_execution_rule:blocking, criticality:prod, env:prod, monitor, probe_dc:pl:hq-prod-1-3513f5b522a833600df2309408c22ed3, service:dns, source:alert, team:network",2025-02-02 15:25:45,[Triggered] trms-ui-dev.adb.org DNS resolution via DNS1 - Network,error
AwAAAZTEGZsAZba5sAAAABhBWlRFR1ozcEFBRHQ0bHRxbnhQWC1Cd2cAAAAkMDE5NGM0ZDAtN2I2OC00MzM4LTkyYmItNGY5MWE1NDc0MzMzAAA5vA,event,"availability-zone:hq, criticality:non-prod, criticality:prod, db:oracle, dd_agent_key:adb, dd_agent_pythonv:3.12.6, dd_agent_version:7.60.1, domain_name:adb.org, env:dev, env:prod, host:lvddb02.adb.org, ip_subnet2:172.22, ip_subnet3:172.22.130, ip_subnet:172, mac_address:00_21_f6, mac_vendor:oracle, machine:x86_64, monitor, os_cpu_cores:8, os_cpu_vcores:8, os_disk_rootc:12gb, os_memory:188gb, os_version:redhat_8.10, os_version_release:redhat_8, os_version_windows:none, platform:linux, risk:financial, role:database, service:alms, service:asiadatamobile, service:cognos, service:cpd, service:eserve, service:glbpymnt, service:ids, service:ifirst, service:jboss, service:jbrms, service:jira, service:myadb, service:non_erp, service:nso, service:odg, service:ods, service:sdbs, service:ssc, service:tacp, service:taportal, service:tms, service:trms, source:alert, system:cognos, team:dba, team:risk, usage:dev_db",2025-02-02 08:40:00,[Recovered on {host:lvddb02.adb.org}] TRMS Hosts Data Dog Agent Check - FIN,success
AwAAAZTDwl74nqNz8gAAABhBWlREd2xfUEFBQkxMSkJUUVItWi1DbkkAAAAkMDE5NGMzZjQtZjgxOC00MDJiLTk4OTUtMGU0NTZjMTJjNzI5AAA2Kw,event,"criticality:prod, dd_agent_key:adb, dd_agent_pythonv:3.12.6, dd_agent_version:7.59.0, domain_name:adb.local, env:prod, host:wpwvd-trms-1.adb.local, ip_subnet2:10.112, ip_subnet3:10.112.126, ip_subnet:10, monitor, os_version:windows_server_2019_datacenter, os_version_release:windows_server_2019_datacenter, os_version_windows:10.0_build_17763, platform:windows, region:azure, risk:financial, role:avd, service:trms, source:alert, system:trms, team:cyber_agents, team:windows",2025-02-02 07:04:43,[Recovered on {host:wpwvd-trms-1.adb.local}] Nessus Agent in Windows Server wpwvd-trms-1.adb.local Stopped Running - Cyber,success
AwAAAZTDwktwuh2ZIAAAABhBWlREd2tfM0FBRC1ORkVRRUplRDhySEwAAAAkMDE5NGMzZjQtZjgxOC00MDJiLTk4OTUtMGU0NTZjMTJjNzI5AAA7aA,event,"criticality:prod, dd_agent_key:adb, dd_agent_pythonv:3.12.6, dd_agent_version:7.59.0, domain_name:adb.local, env:prod, host:wpwvd-trms-1.adb.local, ip_subnet2:10.112, ip_subnet3:10.112.126, ip_subnet:10, monitor, os_version:windows_server_2019_datacenter, os_version_release:windows_server_2019_datacenter, os_version_windows:10.0_build_17763, platform:windows, region:azure, risk:financial, role:avd, service:trms, source:alert, system:trms, team:risk, team:windows",2025-02-02 07:04:38,[P1] [Recovered] Host Uptime Monitor:TRMS - FIN,success
AwAAAZTDwbcAqoCZIAAAABhBWlREd2JxbUFBQzNTTVpkZDJ5bzVTT1MAAAAkMDE5NGMzZjQtZjgxOC00MDJiLTk4OTUtMGU0NTZjMTJjNzI5AAA7Zw,event,"criticality:prod, dd_agent_key:adb, dd_agent_pythonv:3.12.6, dd_agent_version:7.59.0, domain_name:adb.local, env:prod, host:wpwvd-trms-1.adb.local, ip_subnet2:10.112, ip_subnet3:10.112.126, ip_subnet:10, monitor, os_version:windows_server_2019_datacenter, os_version_release:windows_server_2019_datacenter, os_version_windows:10.0_build_17763, platform:windows, region:azure, risk:financial, role:avd, service:trms, source:alert, system:trms, team:risk, team:windows",2025-02-02 07:04:00,[Recovered on {host:wpwvd-trms-1.adb.local}] TRMS Hosts Data Dog Agent Check - FIN,success
AwAAAZTDwWT4ppM5CgAAABhBWlREd1hpQUFBQzgwbWRESERNMDVWTmMAAAAkMDE5NGMzZjQtZjgxOC00MDJiLTk4OTUtMGU0NTZjMTJjNzI5AAAALA,event,"criticality:prod, dd_agent_key:adb, dd_agent_pythonv:3.12.6, dd_agent_version:7.59.0, domain_name:adb.local, env:prod, ip_subnet2:10.112, ip_subnet3:10.112.126, ip_subnet:10, os_version:windows_server_2019_datacenter, os_version_release:windows_server_2019_datacenter, os_version_windows:10.0_build_17763, platform:windows, region:azure, risk:financial, role:avd, service:trms, source:datadog, system:trms, team:windows",2025-02-02 07:03:39,Datadog agent (v. 7.59.0) started on wpwvd-trms-1.adb.local,info
AwAAAZTDjT1oy5fCpgAAABhBWlREalVCcEFBQm0ydTBaWmo0ODlOc2gAAAAkMDE5NGMzZjQtZjgxOC00MDJiLTk4OTUtMGU0NTZjMTJjNzI5AAA12Q,event,"criticality:prod, dd_agent_key:adb, dd_agent_pythonv:3.12.6, dd_agent_version:7.59.0, domain_name:adb.local, env:prod, host:wpwvd-trms-1.adb.local, ip_subnet2:10.112, ip_subnet3:10.112.126, ip_subnet:10, monitor, os_version:windows_server_2019_datacenter, os_version_release:windows_server_2019_datacenter, os_version_windows:10.0_build_17763, platform:windows, region:azure, risk:financial, role:avd, service:trms, source:alert, system:trms, team:cyber_agents, team:windows",2025-02-02 06:06:41,[Re-Triggered on {host:wpwvd-trms-1.adb.local}] Nessus Agent in Windows Server wpwvd-trms-1.adb.local Stopped Running - Cyber,error
AwAAAZTDVlLQq86IFQAAABhBWlREVmxUa0FBQTNFcmJjX0YxeUM4T0oAAAAkMDE5NGMzZjQtZjgxOC00MDJiLTk4OTUtMGU0NTZjMTJjNzI5AAA1ZA,event,"criticality:prod, dd_agent_key:adb, dd_agent_pythonv:3.12.6, dd_agent_version:7.59.0, domain_name:adb.local, env:prod, host:wpwvd-trms-1.adb.local, ip_subnet2:10.112, ip_subnet3:10.112.126, ip_subnet:10, monitor, os_version:windows_server_2019_datacenter, os_version_release:windows_server_2019_datacenter, os_version_windows:10.0_build_17763, platform:windows, region:azure, risk:financial, role:avd, service:trms, source:alert, system:trms, team:cyber_agents, team:windows",2025-02-02 05:06:42,[Re-Triggered on {host:wpwvd-trms-1.adb.local}] Nessus Agent in Windows Server wpwvd-trms-1.adb.local Stopped Running - Cyber,error
AwAAAZTDH2RQmC2pIgAAABhBWlRESDJoSkFBQXpMdGlCSko3RkJNYzQAAAAkMDE5NGMzZjQtZjgxOC00MDJiLTk4OTUtMGU0NTZjMTJjNzI5AAA1Kg,event,"criticality:prod, dd_agent_key:adb, dd_agent_pythonv:3.12.6, dd_agent_version:7.59.0, domain_name:adb.local, env:prod, host:wpwvd-trms-1.adb.local, ip_subnet2:10.112, ip_subnet3:10.112.126, ip_subnet:10, monitor, os_version:windows_server_2019_datacenter, os_version_release:windows_server_2019_datacenter, os_version_windows:10.0_build_17763, platform:windows, region:azure, risk:financial, role:avd, service:trms, source:alert, system:trms, team:cyber_agents, team:windows",2025-02-02 04:06:42,[Re-Triggered on {host:wpwvd-trms-1.adb.local}] Nessus Agent in Windows Server wpwvd-trms-1.adb.local Stopped Running - Cyber,error
AwAAAZTC6HXQnpQjrQAAABhBWlRDNkhrdEFBQmdTOEpyVE9vVU50Q0kAAAAkMDE5NGMzMTktMWFmMC00ZGI0LTg0MjktYTI4MjBhZDRlNzY1AAA7UA,event,"criticality:prod, dd_agent_key:adb, dd_agent_pythonv:3.12.6, dd_agent_version:7.59.0, domain_name:adb.local, env:prod, host:wpwvd-trms-1.adb.local, ip_subnet2:10.112, ip_subnet3:10.112.126, ip_subnet:10, monitor, os_version:windows_server_2019_datacenter, os_version_release:windows_server_2019_datacenter, os_version_windows:10.0_build_17763, platform:windows, region:azure, risk:financial, role:avd, service:trms, source:alert, system:trms, team:cyber_agents, team:windows",2025-02-02 03:06:42,[Re-Triggered on {host:wpwvd-trms-1.adb.local}] Nessus Agent in Windows Server wpwvd-trms-1.adb.local Stopped Running - Cyber,error
AwAAAZTC5RKg_qKt3gAAABhBWlRDNVJXbEFBQXBUM2ZJbmNmNU5ROGEAAAAkMDE5NGMzMTktMWFmMC00ZGI0LTg0MjktYTI4MjBhZDRlNzY1AABAKA,event,"availability-zone:hq, criticality:non-prod, criticality:prod, db:oracle, dd_agent_key:adb, dd_agent_pythonv:3.12.6, dd_agent_version:7.60.1, domain_name:adb.org, env:dev, env:prod, host:lvddb02.adb.org, ip_subnet2:172.22, ip_subnet3:172.22.130, ip_subnet:172, mac_address:00_21_f6, mac_vendor:oracle, machine:x86_64, monitor, os_cpu_cores:8, os_cpu_vcores:8, os_disk_rootc:12gb, os_memory:188gb, os_version:redhat_8.10, os_version_release:redhat_8, os_version_windows:none, platform:linux, risk:financial, role:database, service:alms, service:asiadatamobile, service:cognos, service:cpd, service:eserve, service:glbpymnt, service:ids, service:ifirst, service:jboss, service:jbrms, service:jira, service:myadb, service:non_erp, service:nso, service:odg, service:ods, service:sdbs, service:ssc, service:tacp, service:taportal, service:tms, service:trms, source:alert, system:cognos, team:dba, team:risk, usage:dev_db",2025-02-02 03:03:00,[Triggered on {host:lvddb02.adb.org}] TRMS Hosts Data Dog Agent Check - FIN,error
AwAAAZTCsYNoIJAaKgAAABhBWlRDc1liM0FBQnJSR1h6bmVqNjc3eUcAAAAkMDE5NGMzMTktMWFmMC00ZGI0LTg0MjktYTI4MjBhZDRlNzY1AAA7Fw,event,"criticality:prod, dd_agent_key:adb, dd_agent_pythonv:3.12.6, dd_agent_version:7.59.0, domain_name:adb.local, env:prod, host:wpwvd-trms-1.adb.local, ip_subnet2:10.112, ip_subnet3:10.112.126, ip_subnet:10, monitor, os_version:windows_server_2019_datacenter, os_version_release:windows_server_2019_datacenter, os_version_windows:10.0_build_17763, platform:windows, region:azure, risk:financial, role:avd, service:trms, source:alert, system:trms, team:cyber_agents, team:windows",2025-02-02 02:06:41,[Re-Triggered on {host:wpwvd-trms-1.adb.local}] Nessus Agent in Windows Server wpwvd-trms-1.adb.local Stopped Running - Cyber,error
AwAAAZTCepjQNUAl6QAAABhBWlRDZXBvU0FBQmhTRHdLVThuVEhBeGcAAAAkMDE5NGMzMTktMWFmMC00ZGI0LTg0MjktYTI4MjBhZDRlNzY1AAA68A,event,"criticality:prod, dd_agent_key:adb, dd_agent_pythonv:3.12.6, dd_agent_version:7.59.0, domain_name:adb.local, env:prod, host:wpwvd-trms-1.adb.local, ip_subnet2:10.112, ip_subnet3:10.112.126, ip_subnet:10, monitor, os_version:windows_server_2019_datacenter, os_version_release:windows_server_2019_datacenter, os_version_windows:10.0_build_17763, platform:windows, region:azure, risk:financial, role:avd, service:trms, source:alert, system:trms, team:cyber_agents, team:windows",2025-02-02 01:06:42,[Triggered on {host:wpwvd-trms-1.adb.local}] Nessus Agent in Windows Server wpwvd-trms-1.adb.local Stopped Running - Cyber,error
AwAAAZTCRIUQcn4POwAAABhBWlRDUklsZUFBQkFRMGtCeFp3NHNPSVQAAAAkMDE5NGMzMTktMWFmMC00ZGI0LTg0MjktYTI4MjBhZDRlNzY1AABAEA,event,"criticality:prod, dd_agent_key:adb, dd_agent_pythonv:3.12.6, dd_agent_version:7.59.0, domain_name:adb.local, env:prod, host:wpwvd-trms-1.adb.local, ip_subnet2:10.112, ip_subnet3:10.112.126, ip_subnet:10, monitor, os_version:windows_server_2019_datacenter, os_version_release:windows_server_2019_datacenter, os_version_windows:10.0_build_17763, platform:windows, region:azure, risk:financial, role:avd, service:trms, source:alert, system:trms, team:risk, team:windows",2025-02-02 00:07:38,[P1] [Triggered] Host Uptime Monitor:TRMS - FIN,error
AwAAAZTCQ_CgAX1yiQAAABhBWlRDUV9NbEFBRENITTQwYlVkX2NTQUcAAAAkMDE5NGMzMTktMWFmMC00ZGI0LTg0MjktYTI4MjBhZDRlNzY1AABADQ,event,"criticality:prod, dd_agent_key:adb, dd_agent_pythonv:3.12.6, dd_agent_version:7.59.0, domain_name:adb.local, env:prod, host:wpwvd-trms-1.adb.local, ip_subnet2:10.112, ip_subnet3:10.112.126, ip_subnet:10, monitor, os_version:windows_server_2019_datacenter, os_version_release:windows_server_2019_datacenter, os_version_windows:10.0_build_17763, platform:windows, region:azure, risk:financial, role:avd, service:trms, source:alert, system:trms, team:risk, team:windows",2025-02-02 00:07:00,[Triggered on {host:wpwvd-trms-1.adb.local}] TRMS Hosts Data Dog Agent Check - FIN,error
AwAAAZTBuP5QeMIOSQAAABhBWlRCdVFJWUFBREZrQ05tVm1ZeTF4MEMAAAAkMDE5NGMyM2QtODAzMC00MzlhLTllMGYtY2JlMzc5M2VmN2Y2AAA7fg,event,"check_status:live, check_type:api-dns, ci_execution_rule:blocking, criticality:prod, env:prod, monitor, probe_dc:pl:hq-prod-1-3513f5b522a833600df2309408c22ed3, service:dns, source:alert, team:network",2025-02-01 21:35:14,[Recovered] trms-ui-dev.adb.org DNS resolution via DNS1 - Network,success
AwAAAZTBtGpwiGCEzAAAABhBWlRCdEc0bEFBQzc1U0RrcXhRdnFuUEUAAAAkMDE5NGMyM2QtODAzMC00MzlhLTllMGYtY2JlMzc5M2VmN2Y2AAA7dg,event,"check_status:live, check_type:api-dns, ci_execution_rule:blocking, criticality:prod, env:prod, monitor, probe_dc:pl:hq-prod-1-3513f5b522a833600df2309408c22ed3, service:dns, source:alert, team:network",2025-02-01 21:30:14,[Triggered] trms-ui-dev.adb.org DNS resolution via DNS1 - Network,error
AwAAAZTAatdY9dvhNwAAABhBWlRBYXRsUEFBQl9UQUlLNjhablFDOF8AAAAkMDE5NGMwODYtMTAxOC00NDRhLTk5YzAtODA2OTQ0NjkzZjNmAABAGw,event,"check_status:live, check_type:api-dns, ci_execution_rule:blocking, criticality:prod, env:prod, monitor, probe_dc:pl:hq-prod-1-3513f5b522a833600df2309408c22ed3, service:dns, source:alert, team:network",2025-02-01 15:30:15,[Recovered] trms-ui-dev.adb.org DNS resolution via DNS1 - Network,success
AwAAAZTAZrioLGv-TQAAABhBWlRBWnJtOUFBREw2bFBBejVnQlJGeWMAAAAkMDE5NGMwODYtMTAxOC00NDRhLTk5YzAtODA2OTQ0NjkzZjNmAABAFQ,event,"check_status:live, check_type:api-dns, ci_execution_rule:blocking, criticality:prod, env:prod, monitor, probe_dc:pl:hq-prod-1-3513f5b522a833600df2309408c22ed3, service:dns, source:alert, team:network",2025-02-01 15:25:45,[Triggered] trms-ui-dev.adb.org DNS resolution via DNS1 - Network,error
AwAAAZS_7wQg0hrffwAAABhBWlNfN3djakFBQjJRWWdlRkFGSHdVa1MAAAAkMDE5NGMwODYtMTAxOC00NDRhLTk5YzAtODA2OTQ0NjkzZjNmAAA_Kg,event,"availability-zone:hq, criticality:non-prod, criticality:prod, db:oracle, dd_agent_key:adb, dd_agent_pythonv:3.12.6, dd_agent_version:7.60.1, domain_name:adb.org, env:prod, env:test, host:lvtdb01.adb.org, ip_subnet2:172.22, ip_subnet3:172.22.130, ip_subnet:172, mac_address:00_21_f6, mac_vendor:oracle, machine:x86_64, monitor, os_cpu_cores:8, os_cpu_vcores:8, os_disk_rootc:12gb, os_memory:123gb, os_version:redhat_8.10, os_version_release:redhat_8, os_version_windows:none, platform:linux, risk:financial, role:database, service:alms, service:asiadatamobile, service:cognos, service:eserve, service:filenet, service:gfis-app, service:glbpymnt, service:ids, service:jboss, service:jbrms, service:jira, service:non_erp, service:nso, service:odg, service:ods, service:sdbs, service:ssc, service:tacp, service:taportal, service:tms, service:trms, source:alert, system:cognos, team:dba, team:risk, usage:test_db",2025-02-01 13:15:00,[Recovered on {host:lvtdb01.adb.org}] TRMS Hosts Data Dog Agent Check - FIN,success
AwAAAZS_7wQgo0O24wAAABhBWlNfN3dZcEFBQXVLQ0MtUkJuaXdVWV8AAAAkMDE5NGMwODYtMTAxOC00NDRhLTk5YzAtODA2OTQ0NjkzZjNmAAA_Kw,event,"availability-zone:hq, criticality:non-prod, criticality:prod, dashboard:non-prod, db:oracle, dd_agent_key:adb, dd_agent_pythonv:3.12.6, dd_agent_version:7.60.1, domain_name:adb.org, env:dev, env:prod, host:lvddbfix.adb.org, ip_subnet2:172.22, ip_subnet3:172.22.130, ip_subnet:172, mac_address:00_21_f6, mac_vendor:oracle, machine:x86_64, monitor, os_cpu_cores:4, os_cpu_vcores:4, os_disk_rootc:12gb, os_memory:47gb, os_version:redhat_8.10, os_version_release:redhat_8, os_version_windows:none, platform:linux, risk:financial, role:database, service:alms, service:asiadatamobile, service:cpd, service:eserve, service:glbpymnt, service:ids, service:ifirst, service:jboss, service:jbrms, service:jira, service:myadb, service:non_erp, service:nso, service:odg, service:ods, service:sdbs, service:ssc, service:tacp, service:taportal, service:tms, service:trms, source:alert, system:alms, system:asiadatamobile, system:cpd, system:eserve, system:glbpymnt, system:ids, system:ifirst, system:jboss, system:jbrms, system:jira, system:myadb, system:non_erp, system:nso, system:odg, system:ods, system:sdbs, system:ssc, system:tacp, system:taportal, system:tms, system:trms, team:dba, team:risk",2025-02-01 13:15:00,[Recovered on {host:lvddbfix.adb.org}] TRMS Hosts Data Dog Agent Check - FIN,success
AwAAAZS_7wQgi3QaKgAAABhBWlNfN3dhWkFBQkM0eWo5Z0ZPeDNSN2sAAAAkMDE5NGMwODYtMTAxOC00NDRhLTk5YzAtODA2OTQ0NjkzZjNmAAA_LA,event,"availability-zone:hq, criticality:non-prod, criticality:prod, db:oracle, dd_agent_key:adb, dd_agent_pythonv:3.12.6, dd_agent_version:7.60.1, domain_name:adb.org, env:dev, env:prod, host:lvddb02.adb.org, ip_subnet2:172.22, ip_subnet3:172.22.130, ip_subnet:172, mac_address:00_21_f6, mac_vendor:oracle, machine:x86_64, monitor, os_cpu_cores:8, os_cpu_vcores:8, os_disk_rootc:12gb, os_memory:188gb, os_version:redhat_8.10, os_version_release:redhat_8, os_version_windows:none, platform:linux, risk:financial, role:database, service:alms, service:asiadatamobile, service:cognos, service:cpd, service:eserve, service:glbpymnt, service:ids, service:ifirst, service:jboss, service:jbrms, service:jira, service:myadb, service:non_erp, service:nso, service:odg, service:ods, service:sdbs, service:ssc, service:tacp, service:taportal, service:tms, service:trms, source:alert, system:cognos, team:dba, team:risk, usage:dev_db",2025-02-01 13:15:00,[Recovered on {host:lvddb02.adb.org}] TRMS Hosts Data Dog Agent Check - FIN,success
AwAAAZS_7lBwk3hG3gAAABhBWlNfN2xQUkFBQU5VZm1ueVNUcVNVb0YAAAAkMDE5NGMwODYtMTAxOC00NDRhLTk5YzAtODA2OTQ0NjkzZjNmAAA_jw,event,"check_status:live, check_type:api-dns, ci_execution_rule:blocking, criticality:prod, env:prod, monitor, probe_dc:pl:hq-prod-1-3513f5b522a833600df2309408c22ed3, service:dns, source:alert, team:network",2025-02-01 13:14:14,[Recovered] trms-ui-dev.adb.org DNS resolution via DNS1 - Network,success
AwAAAZS_7hnAKVgQdwAAABhBWlNfN2h4OEFBQm1SRDJLaGdHOWNoVzgAAAAkMDE5NGMwODYtMTAxOC00NDRhLTk5YzAtODA2OTQ0NjkzZjNmAAA-8g,event,"availability-zone:hq, criticality:prod, dashboard:prod, dd_agent_key:adb, dd_agent_pythonv:3.12.6, dd_agent_version:7.59.1, domain_name:asiandevbank.org, env:prod, host:lpdb02.asiandevbank.org, ip_subnet2:172.23, ip_subnet3:172.23.15, ip_subnet:172, mac_address:00_21_f6, mac_vendor:oracle, machine:x86_64, monitor, os_cpu_cores:24, os_cpu_vcores:24, os_disk_rootc:12gb, os_memory:61gb, os_version:redhat_7.9, os_version_release:redhat_7, os_version_windows:none, platform:linux, risk:financial, role:attestation, role:database, service:cognos, service:non_erp, service:tacp, service:trms, source:alert, system:cognos, system:non_erp, system:tacp, system:trms, team:dba, team:risk, team:storage, usage:prod_db",2025-02-01 13:14:00,[Recovered on {host:lpdb02.asiandevbank.org}] TRMS Hosts Data Dog Agent Check - FIN,success
AwAAAZS_7EUAbNFG3gAAABhBWlNfN0VnOUFBREZnSE5jX1lVUW5Na3kAAAAkMDE5NGMwODYtMTAxOC00NDRhLTk5YzAtODA2OTQ0NjkzZjNmAAA-pA,event,"availability-zone:hq, criticality:non-prod, criticality:prod, db:oracle, dd_agent_key:adb, dd_agent_pythonv:3.12.6, dd_agent_version:7.60.1, domain_name:adb.org, env:dev, env:prod, host:lvddb02.adb.org, ip_subnet2:172.22, ip_subnet3:172.22.130, ip_subnet:172, mac_address:00_21_f6, mac_vendor:oracle, machine:x86_64, monitor, os_cpu_cores:8, os_cpu_vcores:8, os_disk_rootc:12gb, os_memory:188gb, os_version:redhat_8.10, os_version_release:redhat_8, os_version_windows:none, platform:linux, risk:financial, role:database, service:alms, service:asiadatamobile, service:cognos, service:cpd, service:eserve, service:glbpymnt, service:ids, service:ifirst, service:jboss, service:jbrms, service:jira, service:myadb, service:non_erp, service:nso, service:odg, service:ods, service:sdbs, service:ssc, service:tacp, service:taportal, service:tms, service:trms, source:alert, system:cognos, team:dba, team:risk, usage:dev_db",2025-02-01 13:12:00,[Triggered on {host:lvddb02.adb.org}] TRMS Hosts Data Dog Agent Check - FIN,error
AwAAAZS_7EUAa-U3KQAAABhBWlNfN0VmQUFBQkJJS25KcGpIeGJoc2EAAAAkMDE5NGMwODYtMTAxOC00NDRhLTk5YzAtODA2OTQ0NjkzZjNmAAA-oQ,event,"availability-zone:hq, criticality:prod, dashboard:prod, dd_agent_key:adb, dd_agent_pythonv:3.12.6, dd_agent_version:7.59.1, domain_name:asiandevbank.org, env:prod, host:lpdb02.asiandevbank.org, ip_subnet2:172.23, ip_subnet3:172.23.15, ip_subnet:172, mac_address:00_21_f6, mac_vendor:oracle, machine:x86_64, monitor, os_cpu_cores:24, os_cpu_vcores:24, os_disk_rootc:12gb, os_memory:61gb, os_version:redhat_7.9, os_version_release:redhat_7, os_version_windows:none, platform:linux, risk:financial, role:attestation, role:database, service:cognos, service:non_erp, service:tacp, service:trms, source:alert, system:cognos, system:non_erp, system:tacp, system:trms, team:dba, team:risk, team:storage, usage:prod_db",2025-02-01 13:12:00,[Triggered on {host:lpdb02.asiandevbank.org}] TRMS Hosts Data Dog Agent Check - FIN,error
AwAAAZS_7EUAX9GBOwAAABhBWlNfN0VlYUFBRE1kejFwaGdJY1lXdlQAAAAkMDE5NGMwODYtMTAxOC00NDRhLTk5YzAtODA2OTQ0NjkzZjNmAAA-og,event,"availability-zone:hq, criticality:non-prod, criticality:prod, dashboard:non-prod, db:oracle, dd_agent_key:adb, dd_agent_pythonv:3.12.6, dd_agent_version:7.60.1, domain_name:adb.org, env:dev, env:prod, host:lvddbfix.adb.org, ip_subnet2:172.22, ip_subnet3:172.22.130, ip_subnet:172, mac_address:00_21_f6, mac_vendor:oracle, machine:x86_64, monitor, os_cpu_cores:4, os_cpu_vcores:4, os_disk_rootc:12gb, os_memory:47gb, os_version:redhat_8.10, os_version_release:redhat_8, os_version_windows:none, platform:linux, risk:financial, role:database, service:alms, service:asiadatamobile, service:cpd, service:eserve, service:glbpymnt, service:ids, service:ifirst, service:jboss, service:jbrms, service:jira, service:myadb, service:non_erp, service:nso, service:odg, service:ods, service:sdbs, service:ssc, service:tacp, service:taportal, service:tms, service:trms, source:alert, system:alms, system:asiadatamobile, system:cpd, system:eserve, system:glbpymnt, system:ids, system:ifirst, system:jboss, system:jbrms, system:jira, system:myadb, system:non_erp, system:nso, system:odg, system:ods, system:sdbs, system:ssc, system:tacp, system:taportal, system:tms, system:trms, team:dba, team:risk",2025-02-01 13:12:00,[Triggered on {host:lvddbfix.adb.org}] TRMS Hosts Data Dog Agent Check - FIN,error
AwAAAZS_7EUALIkInQAAABhBWlNfN0VnTEFBQk54RFVXOHNZbmJ1T2wAAAAkMDE5NGMwODYtMTAxOC00NDRhLTk5YzAtODA2OTQ0NjkzZjNmAAA-ow,event,"availability-zone:hq, criticality:non-prod, criticality:prod, db:oracle, dd_agent_key:adb, dd_agent_pythonv:3.12.6, dd_agent_version:7.60.1, domain_name:adb.org, env:prod, env:test, host:lvtdb01.adb.org, ip_subnet2:172.22, ip_subnet3:172.22.130, ip_subnet:172, mac_address:00_21_f6, mac_vendor:oracle, machine:x86_64, monitor, os_cpu_cores:8, os_cpu_vcores:8, os_disk_rootc:12gb, os_memory:123gb, os_version:redhat_8.10, os_version_release:redhat_8, os_version_windows:none, platform:linux, risk:financial, role:database, service:alms, service:asiadatamobile, service:cognos, service:eserve, service:filenet, service:gfis-app, service:glbpymnt, service:ids, service:jboss, service:jbrms, service:jira, service:non_erp, service:nso, service:odg, service:ods, service:sdbs, service:ssc, service:tacp, service:taportal, service:tms, service:trms, source:alert, system:cognos, team:dba, team:risk, usage:test_db",2025-02-01 13:12:00,[Triggered on {host:lvtdb01.adb.org}] TRMS Hosts Data Dog Agent Check - FIN,error
AwAAAZS_5hMQiAw6UAAAABhBWlNfNWhkV0FBQXFOMjBnX0dSTFQxLUcAAAAkMDE5NGMwODYtMTAxOC00NDRhLTk5YzAtODA2OTQ0NjkzZjNmAAA_hw,event,"check_status:live, check_type:api-dns, ci_execution_rule:blocking, criticality:prod, env:prod, monitor, probe_dc:pl:hq-prod-1-3513f5b522a833600df2309408c22ed3, service:dns, source:alert, team:network",2025-02-01 13:05:14,[Triggered] trms-ui-dev.adb.org DNS resolution via DNS1 - Network,error
AwAAAZS-m_8QxBkInQAAABhBWlMtbkFBSUFBQnNqSXJzcW1TQUJqdTIAAAAkMDE5NGJlY2UtOGM3OC00ZmIxLWFlMDctNDJlMTMxNGY2MWJhAAA1mA,event,"criticality:prod, dd_agent_key:adb, dd_agent_pythonv:3.12.6, dd_agent_version:7.59.0, domain_name:adb.local, env:prod, host:wpwvd-trms-1.adb.local, ip_subnet2:10.112, ip_subnet3:10.112.126, ip_subnet:10, monitor, os_version:windows_server_2019_datacenter, os_version_release:windows_server_2019_datacenter, os_version_windows:10.0_build_17763, platform:windows, region:azure, risk:financial, role:avd, service:trms, source:alert, system:trms, team:cyber_agents, team:windows",2025-02-01 07:04:42,[Recovered on {host:wpwvd-trms-1.adb.local}] Nessus Agent in Windows Server wpwvd-trms-1.adb.local Stopped Running - Cyber,success
AwAAAZS-m-9wR1VAfAAAABhBWlMtbV9RR0FBQm13WXA0alE4Zl9kUTEAAAAkMDE5NGJlY2UtOGM3OC00ZmIxLWFlMDctNDJlMTMxNGY2MWJhAAA7rg,event,"criticality:prod, dd_agent_key:adb, dd_agent_pythonv:3.12.6, dd_agent_version:7.59.0, domain_name:adb.local, env:prod, host:wpwvd-trms-1.adb.local, ip_subnet2:10.112, ip_subnet3:10.112.126, ip_subnet:10, monitor, os_version:windows_server_2019_datacenter, os_version_release:windows_server_2019_datacenter, os_version_windows:10.0_build_17763, platform:windows, region:azure, risk:financial, role:avd, service:trms, source:alert, system:trms, team:risk, team:windows",2025-02-01 07:04:38,[P1] [Recovered] Host Uptime Monitor:TRMS - FIN,success
AwAAAZS-m1sA9hl8NAAAABhBWlMtbTEzbEFBQ0R0dXh4U0ZlVVJWSGkAAAAkMDE5NGJlY2UtOGM3OC00ZmIxLWFlMDctNDJlMTMxNGY2MWJhAAA7rQ,event,"criticality:prod, dd_agent_key:adb, dd_agent_pythonv:3.12.6, dd_agent_version:7.59.0, domain_name:adb.local, env:prod, host:wpwvd-trms-1.adb.local, ip_subnet2:10.112, ip_subnet3:10.112.126, ip_subnet:10, monitor, os_version:windows_server_2019_datacenter, os_version_release:windows_server_2019_datacenter, os_version_windows:10.0_build_17763, platform:windows, region:azure, risk:financial, role:avd, service:trms, source:alert, system:trms, team:risk, team:windows",2025-02-01 07:04:00,[Recovered on {host:wpwvd-trms-1.adb.local}] TRMS Hosts Data Dog Agent Check - FIN,success
AwAAAZS-mwUQcsyKNwAAABhBWlMtbXh5QUFBQm5sdEY1ZFo2akVYRUIAAAAkMDE5NGJlY2UtOGM3OC00ZmIxLWFlMDctNDJlMTMxNGY2MWJhAAAASQ,event,"criticality:prod, dd_agent_key:adb, dd_agent_pythonv:3.12.6, dd_agent_version:7.59.0, domain_name:adb.local, env:prod, ip_subnet2:10.112, ip_subnet3:10.112.126, ip_subnet:10, os_version:windows_server_2019_datacenter, os_version_release:windows_server_2019_datacenter, os_version_windows:10.0_build_17763, platform:windows, region:azure, risk:financial, role:avd, service:trms, source:datadog, system:trms, team:windows",2025-02-01 07:03:38,Datadog agent (v. 7.59.0) started on wpwvd-trms-1.adb.local,info
AwAAAZS-ZuVQ-vFgDwAAABhBWlMtWnVaT0FBQWE1QXhEbXVPTGR1WnQAAAAkMDE5NGJlY2UtOGM3OC00ZmIxLWFlMDctNDJlMTMxNGY2MWJhAAA1cQ,event,"criticality:prod, dd_agent_key:adb, dd_agent_pythonv:3.12.6, dd_agent_version:7.59.0, domain_name:adb.local, env:prod, host:wpwvd-trms-1.adb.local, ip_subnet2:10.112, ip_subnet3:10.112.126, ip_subnet:10, monitor, os_version:windows_server_2019_datacenter, os_version_release:windows_server_2019_datacenter, os_version_windows:10.0_build_17763, platform:windows, region:azure, risk:financial, role:avd, service:trms, source:alert, system:trms, team:cyber_agents, team:windows",2025-02-01 06:06:42,[Re-Triggered on {host:wpwvd-trms-1.adb.local}] Nessus Agent in Windows Server wpwvd-trms-1.adb.local Stopped Running - Cyber,error
AwAAAZS-L_bQKRs6UAAAABhBWlMtTF9tS0FBRGp6bzdDNDNzR2M2aGwAAAAkMDE5NGJlY2UtOGM3OC00ZmIxLWFlMDctNDJlMTMxNGY2MWJhAAA1Tw,event,"criticality:prod, dd_agent_key:adb, dd_agent_pythonv:3.12.6, dd_agent_version:7.59.0, domain_name:adb.local, env:prod, host:wpwvd-trms-1.adb.local, ip_subnet2:10.112, ip_subnet3:10.112.126, ip_subnet:10, monitor, os_version:windows_server_2019_datacenter, os_version_release:windows_server_2019_datacenter, os_version_windows:10.0_build_17763, platform:windows, region:azure, risk:financial, role:avd, service:trms, source:alert, system:trms, team:cyber_agents, team:windows",2025-02-01 05:06:42,[Re-Triggered on {host:wpwvd-trms-1.adb.local}] Nessus Agent in Windows Server wpwvd-trms-1.adb.local Stopped Running - Cyber,error
AwAAAZS9-QhQpCvTeQAAABhBWlM5LVFrdEFBQWJJRmFFUmNYV0xUVk0AAAAkMDE5NGJlY2UtOGM3OC00ZmIxLWFlMDctNDJlMTMxNGY2MWJhAAA1GA,event,"criticality:prod, dd_agent_key:adb, dd_agent_pythonv:3.12.6, dd_agent_version:7.59.0, domain_name:adb.local, env:prod, host:wpwvd-trms-1.adb.local, ip_subnet2:10.112, ip_subnet3:10.112.126, ip_subnet:10, monitor, os_version:windows_server_2019_datacenter, os_version_release:windows_server_2019_datacenter, os_version_windows:10.0_build_17763, platform:windows, region:azure, risk:financial, role:avd, service:trms, source:alert, system:trms, team:cyber_agents, team:windows",2025-02-01 04:06:42,[Re-Triggered on {host:wpwvd-trms-1.adb.local}] Nessus Agent in Windows Server wpwvd-trms-1.adb.local Stopped Running - Cyber,error
AwAAAZS9whnQfxClAQAAABhBWlM5d2h4ZEFBQ1luUmp0QThCc2J6VjYAAAAkMDE5NGJkZjItYmIwOC00YmM4LTljODEtYTAwYmM5MDViODIxAAA3eg,event,"criticality:prod, dd_agent_key:adb, dd_agent_pythonv:3.12.6, dd_agent_version:7.59.0, domain_name:adb.local, env:prod, host:wpwvd-trms-1.adb.local, ip_subnet2:10.112, ip_subnet3:10.112.126, ip_subnet:10, monitor, os_version:windows_server_2019_datacenter, os_version_release:windows_server_2019_datacenter, os_version_windows:10.0_build_17763, platform:windows, region:azure, risk:financial, role:avd, service:trms, source:alert, system:trms, team:cyber_agents, team:windows",2025-02-01 03:06:42,[Re-Triggered on {host:wpwvd-trms-1.adb.local}] Nessus Agent in Windows Server wpwvd-trms-1.adb.local Stopped Running - Cyber,error
AwAAAZS9iytQ8aRNtAAAABhBWlM5aXk0akFBQ1BPMXVVVTdMVjJZb3QAAAAkMDE5NGJkZjItYmIwOC00YmM4LTljODEtYTAwYmM5MDViODIxAAA3Vw,event,"criticality:prod, dd_agent_key:adb, dd_agent_pythonv:3.12.6, dd_agent_version:7.59.0, domain_name:adb.local, env:prod, host:wpwvd-trms-1.adb.local, ip_subnet2:10.112, ip_subnet3:10.112.126, ip_subnet:10, monitor, os_version:windows_server_2019_datacenter, os_version_release:windows_server_2019_datacenter, os_version_windows:10.0_build_17763, platform:windows, region:azure, risk:financial, role:avd, service:trms, source:alert, system:trms, team:cyber_agents, team:windows",2025-02-01 02:06:42,[Re-Triggered on {host:wpwvd-trms-1.adb.local}] Nessus Agent in Windows Server wpwvd-trms-1.adb.local Stopped Running - Cyber,error
AwAAAZS9VDzQHxMSUQAAABhBWlM5VkQ5QkFBQWdXS2syV1JsRDJPZFoAAAAkMDE5NGJkZjItYmIwOC00YmM4LTljODEtYTAwYmM5MDViODIxAAA3NQ,event,"criticality:prod, dd_agent_key:adb, dd_agent_pythonv:3.12.6, dd_agent_version:7.59.0, domain_name:adb.local, env:prod, host:wpwvd-trms-1.adb.local, ip_subnet2:10.112, ip_subnet3:10.112.126, ip_subnet:10, monitor, os_version:windows_server_2019_datacenter, os_version_release:windows_server_2019_datacenter, os_version_windows:10.0_build_17763, platform:windows, region:azure, risk:financial, role:avd, service:trms, source:alert, system:trms, team:cyber_agents, team:windows",2025-02-01 01:06:42,[Triggered on {host:wpwvd-trms-1.adb.local}] Nessus Agent in Windows Server wpwvd-trms-1.adb.local Stopped Running - Cyber,error
AwAAAZS9Lmk4br-BOwAAABhBWlM5TG1wRUFBQk1UUGJ3VEhPdWdUVmUAAAAkMDE5NGJkZjItYmIwOC00YmM4LTljODEtYTAwYmM5MDViODIxAAA9nQ,event,"check_status:live, check_type:api-dns, ci_execution_rule:blocking, criticality:prod, env:prod, monitor, probe_dc:pl:hq-prod-1-3513f5b522a833600df2309408c22ed3, service:dns, source:alert, team:network",2025-02-01 00:25:23,[Recovered] Test on trms-ui-dev.adb.org via WPAD1 - Network,success
AwAAAZS9KkagYDlwEgAAABhBWlM5S2tsLUFBQXlhUHQ1QWpxUG83ZlMAAAAkMDE5NGJkZjItYmIwOC00YmM4LTljODEtYTAwYmM5MDViODIxAAA9lg,event,"check_status:live, check_type:api-dns, ci_execution_rule:blocking, criticality:prod, env:prod, monitor, probe_dc:pl:hq-prod-1-3513f5b522a833600df2309408c22ed3, service:dns, source:alert, team:network",2025-02-01 00:20:52,[Triggered] Test on trms-ui-dev.adb.org via WPAD1 - Network,error
AwAAAZS9IK2Y5ZFldAAAABhBWlM5SUs2Q0FBRFZ4bndHLU9lX1MxYVQAAAAkMDE5NGJkZjItYmIwOC00YmM4LTljODEtYTAwYmM5MDViODIxAAA9ig,event,"check_status:live, check_type:api-dns, ci_execution_rule:blocking, criticality:prod, env:prod, monitor, probe_dc:pl:hq-prod-1-3513f5b522a833600df2309408c22ed3, service:dns, source:alert, team:network",2025-02-01 00:10:23,[Recovered] Test on trms-ui-dev.adb.org via WPAD1 - Network,success
AwAAAZS9Hn8A7VrgHAAAABhBWlM5SG9KbkFBQTUwRDBEcnI5ZjZlNmIAAAAkMDE5NGJkZjItYmIwOC00YmM4LTljODEtYTAwYmM5MDViODIxAAA9NA,event,"criticality:prod, dd_agent_key:adb, dd_agent_pythonv:3.12.6, dd_agent_version:7.59.0, domain_name:adb.local, env:prod, host:wpwvd-trms-1.adb.local, ip_subnet2:10.112, ip_subnet3:10.112.126, ip_subnet:10, monitor, os_version:windows_server_2019_datacenter, os_version_release:windows_server_2019_datacenter, os_version_windows:10.0_build_17763, platform:windows, region:azure, risk:financial, role:avd, service:trms, source:alert, system:trms, team:risk, team:windows",2025-02-01 00:08:00,[Triggered on {host:wpwvd-trms-1.adb.local}] TRMS Hosts Data Dog Agent Check - FIN,error
AwAAAZS9HikQsog6gwAAABhBWlM5SGkwc0FBQmFIaTZ0UDF2UE9tRnkAAAAkMDE5NGJkZjItYmIwOC00YmM4LTljODEtYTAwYmM5MDViODIxAAA9Mw,event,"criticality:prod, dd_agent_key:adb, dd_agent_pythonv:3.12.6, dd_agent_version:7.59.0, domain_name:adb.local, env:prod, host:wpwvd-trms-1.adb.local, ip_subnet2:10.112, ip_subnet3:10.112.126, ip_subnet:10, monitor, os_version:windows_server_2019_datacenter, os_version_release:windows_server_2019_datacenter, os_version_windows:10.0_build_17763, platform:windows, region:azure, risk:financial, role:avd, service:trms, source:alert, system:trms, team:risk, team:windows",2025-02-01 00:07:38,[P1] [Triggered] Host Uptime Monitor:TRMS - FIN,error
AwAAAZS9HI7oB5QXWgAAABhBWlM5SEpBZkFBQ2lBUTZUMTBrQWYwVW4AAAAkMDE5NGJkZjItYmIwOC00YmM4LTljODEtYTAwYmM5MDViODIxAAA9hA,event,"check_status:live, check_type:api-dns, ci_execution_rule:blocking, criticality:prod, env:prod, monitor, probe_dc:pl:hq-prod-1-3513f5b522a833600df2309408c22ed3, service:dns, source:alert, team:network",2025-02-01 00:05:53,[Triggered] Test on trms-ui-dev.adb.org via WPAD1 - Network,error
AwAAAZS85cOQqSxG3gAAABhBWlM4NWNZTkFBQzRNVFNiaGNQYVRKWHoAAAAkMDE5NGJkMTctMjgxOC00ZTVmLWFkYjAtZDBjNWQzNWIwNjcxAAA88A,event,"criticality:prod, dd_agent_key:adb, dd_agent_pythonv:3.12.6, dd_agent_version:7.59.0, domain_name:adb.local, env:prod, host:wpwvd-trms-0.adb.local, ip_subnet2:10.112, ip_subnet3:10.112.126, ip_subnet:10, monitor, os_version:windows_server_2019_datacenter, os_version_release:windows_server_2019_datacenter, os_version_windows:10.0_build_17763, platform:windows, region:azure, risk:financial, role:avd, service:trms, source:alert, system:trms, team:risk, team:windows, winserv:mam",2025-01-31 23:06:02,[Recovered on {host:wpwvd-trms-0.adb.local}] TRMS Hosts Data Dog Agent Check - FIN,success
AwAAAZS85PhwHYvebQAAABhBWlM4NVJld0FBQ29FQkxxUWVvUG9JQXoAAAAkMDE5NGJkMTctMjgxOC00ZTVmLWFkYjAtZDBjNWQzNWIwNjcxAAAAEw,event,"criticality:prod, dd_agent_key:adb, dd_agent_pythonv:3.12.6, dd_agent_version:7.59.0, domain_name:adb.local, env:prod, ip_subnet2:10.112, ip_subnet3:10.112.126, ip_subnet:10, os_version:windows_server_2019_datacenter, os_version_release:windows_server_2019_datacenter, os_version_windows:10.0_build_17763, platform:windows, region:azure, risk:financial, role:avd, service:trms, source:datadog, system:trms, team:windows, winserv:mam",2025-01-31 23:05:10,Datadog agent (v. 7.59.0) started on wpwvd-trms-0.adb.local,info
AwAAAZS85NFgMc4K5gAAABhBWlM4NU5QSUFBQUxHZlYtOWZMOENRZWsAAAAkMDE5NGJkMTctMjgxOC00ZTVmLWFkYjAtZDBjNWQzNWIwNjcxAAA87w,event,"criticality:prod, dd_agent_key:adb, dd_agent_pythonv:3.12.6, dd_agent_version:7.59.0, domain_name:adb.local, env:prod, host:wpwvd-trms-0.adb.local, ip_subnet2:10.112, ip_subnet3:10.112.126, ip_subnet:10, monitor, os_version:windows_server_2019_datacenter, os_version_release:windows_server_2019_datacenter, os_version_windows:10.0_build_17763, platform:windows, region:azure, risk:financial, role:avd, service:trms, source:alert, system:trms, team:risk, team:windows, winserv:mam",2025-01-31 23:05:00,[Triggered on {host:wpwvd-trms-0.adb.local}] TRMS Hosts Data Dog Agent Check - FIN,error
AwAAAZS8t2CQTF0OJwAAABhBWlM4dDJNTkFBQVpjVEVMdWwyVHpLbDMAAAAkMDE5NGJkMTctMjgxOC00ZTVmLWFkYjAtZDBjNWQzNWIwNjcxAAA9fQ,event,"check_status:live, check_type:api-dns, ci_execution_rule:blocking, criticality:prod, env:prod, monitor, probe_dc:pl:hq-prod-1-3513f5b522a833600df2309408c22ed3, service:dns, source:alert, team:network",2025-01-31 22:15:22,[Recovered] Test on trms-ui-dev.adb.org via WPAD1 - Network,success
AwAAAZS8ssywdKZgDwAAABhBWlM4c3RGakFBRGJORFRVTmNjZFN0OEwAAAAkMDE5NGJkMTctMjgxOC00ZTVmLWFkYjAtZDBjNWQzNWIwNjcxAAA9dg,event,"check_status:live, check_type:api-dns, ci_execution_rule:blocking, criticality:prod, env:prod, monitor, probe_dc:pl:hq-prod-1-3513f5b522a833600df2309408c22ed3, service:dns, source:alert, team:network",2025-01-31 22:10:22,[Triggered] Test on trms-ui-dev.adb.org via WPAD1 - Network,error
AwAAAZS8YhxwsXs8NQAAABhBWlM4WWgtZUFBQ24xQ0hFU0I3VERLUjYAAAAkMDE5NGJkMTctMjgxOC00ZTVmLWFkYjAtZDBjNWQzNWIwNjcxAAA54Q,event,"criticality:prod, env:dev, integration:azure, integration:azure_app_services, monitor, name:as-trms-ui-prd-sea, service:_trms, source:alert, team:fin",2025-01-31 20:42:14,[Recovered] [TRMS FIN UI PROD Azure App Service] Response Time Monitor - FIN,success
AwAAAZS8YgjoAMy_bAAAABhBWlM4WWd1R0FBQzRKMHdaOFItcEI4S0kAAAAkMDE5NGJkMTctMjgxOC00ZTVmLWFkYjAtZDBjNWQzNWIwNjcxAAA54A,event,"criticality:prod, env:dev, env:prod, integration:azure, integration:azure_app_services, monitor, name:as-trms-ui-prd-sea, service:_trms, source:alert, team:, team:fin",2025-01-31 20:42:09,[Recovered] [TRMS PROD UI Azure App Service] Response Time Monitor - FIN,success
AwAAAZS8YEewoio6UAAAABhBWlM4WUVzUUFBQmZDR0NDcUlRQlBhUWwAAAAkMDE5NGJkMTctMjgxOC00ZTVmLWFkYjAtZDBjNWQzNWIwNjcxAAA53Q,event,"criticality:prod, env:dev, integration:azure, integration:azure_app_services, monitor, name:as-trms-ui-prd-sea, service:_trms, source:alert, team:fin",2025-01-31 20:40:14,[Warn] [TRMS FIN UI PROD Azure App Service] Response Time Monitor - FIN,warning
AwAAAZS8YDBAGId_UwAAABhBWlM4WURNSkFBQk5xYi1tUWpLLUp1UVYAAAAkMDE5NGJkMTctMjgxOC00ZTVmLWFkYjAtZDBjNWQzNWIwNjcxAAA53A,event,"criticality:prod, env:dev, env:prod, integration:azure, integration:azure_app_services, monitor, name:as-trms-ui-prd-sea, service:_trms, source:alert, team:, team:fin",2025-01-31 20:40:08,[Warn] [TRMS PROD UI Azure App Service] Response Time Monitor - FIN,warning
AwAAAZS8WPSwUULG0AAAABhBWlM4V1BqdUFBQTh2LUNmV3I5T1MzdGYAAAAkMDE5NGJkMTctMjgxOC00ZTVmLWFkYjAtZDBjNWQzNWIwNjcxAAA5yw,event,"criticality:prod, env:dev, integration:azure, integration:azure_app_services, monitor, name:as-trms-ui-prd-sea, service:_trms, source:alert, team:fin",2025-01-31 20:32:14,[Triggered] [TRMS FIN UI PROD Azure App Service] Response Time Monitor - FIN,error
AwAAAZS8WN1AUq7WFAAAABhBWlM4V05fREFBQUo4SFp2SjI3NGJocFQAAAAkMDE5NGJkMTctMjgxOC00ZTVmLWFkYjAtZDBjNWQzNWIwNjcxAAA5yg,event,"criticality:prod, env:dev, env:prod, integration:azure, integration:azure_app_services, monitor, name:as-trms-ui-prd-sea, service:_trms, source:alert, team:, team:fin",2025-01-31 20:32:08,[Triggered] [TRMS PROD UI Azure App Service] Response Time Monitor - FIN,error
AwAAAZS8Vx_wRnoZogAAABhBWlM4VnlRV0FBQzFQTE5UT1FZZkMwRDgAAAAkMDE5NGJkMTctMjgxOC00ZTVmLWFkYjAtZDBjNWQzNWIwNjcxAAA5xg,event,"criticality:prod, env:dev, integration:azure, integration:azure_app_services, monitor, name:as-trms-ui-prd-sea, service:_trms, source:alert, team:fin",2025-01-31 20:30:14,[Warn] [TRMS FIN UI PROD Azure App Service] Response Time Monitor - FIN,warning
AwAAAZS8Vwxoy1PhsQAAABhBWlM4VncwS0FBRFdsR214QjlDYjhyREsAAAAkMDE5NGJkMTctMjgxOC00ZTVmLWFkYjAtZDBjNWQzNWIwNjcxAAA5xQ,event,"criticality:prod, env:dev, env:prod, integration:azure, integration:azure_app_services, monitor, name:as-trms-ui-prd-sea, service:_trms, source:alert, team:, team:fin",2025-01-31 20:30:09,[Warn] [TRMS PROD UI Azure App Service] Response Time Monitor - FIN,warning
AwAAAZS77AIQoJ9wEgAAABhBWlM3N0FVbEFBQ2VBVGFkU2k5R3Jja3oAAAAkMDE5NGJjM2ItNmUxOC00MTQ0LTgxNDAtOTQyZmE3MTBmYmMwAABCJA,event,"criticality:prod, env:dev, integration:azure, integration:azure_app_services, monitor, name:as-trms-ui-prd-sea, service:_trms, source:alert, team:fin",2025-01-31 18:33:14,[Recovered] [TRMS FIN UI PROD Azure App Service] Response Time Monitor - FIN,success
AwAAAZS76-qg-hXjAQAAABhBWlM3Ni03LUFBQlRuaDBDbFRyUjF1VWYAAAAkMDE5NGJjM2ItNmUxOC00MTQ0LTgxNDAtOTQyZmE3MTBmYmMwAABCIw,event,"criticality:prod, env:dev, env:prod, integration:azure, integration:azure_app_services, monitor, name:as-trms-ui-prd-sea, service:_trms, source:alert, team:, team:fin",2025-01-31 18:33:08,[Recovered] [TRMS PROD UI Azure App Service] Response Time Monitor - FIN,success
AwAAAZS76xew2hAv3QAAABhBWlM3NnhzRkFBQldkWEFYWGVwb3RwY3gAAAAkMDE5NGJjM2ItNmUxOC00MTQ0LTgxNDAtOTQyZmE3MTBmYmMwAABCHQ,event,"criticality:prod, env:dev, integration:azure, integration:azure_app_services, monitor, name:as-trms-ui-prd-sea, service:_trms, source:alert, team:fin",2025-01-31 18:32:14,[Warn] [TRMS FIN UI PROD Azure App Service] Response Time Monitor - FIN,warning
AwAAAZS76wQoIg-TXwAAABhBWlM3NndackFBQXNtMEtfRE9BTUpDWEQAAAAkMDE5NGJjM2ItNmUxOC00MTQ0LTgxNDAtOTQyZmE3MTBmYmMwAABCHA,event,"criticality:prod, env:dev, env:prod, integration:azure, integration:azure_app_services, monitor, name:as-trms-ui-prd-sea, service:_trms, source:alert, team:, team:fin",2025-01-31 18:32:09,[Warn] [TRMS PROD UI Azure App Service] Response Time Monitor - FIN,warning
AwAAAZS74tpQ9-lyiQAAABhBWlM3NHQxZUFBQWZRZTdfdDBVVFVqdHMAAAAkMDE5NGJjM2ItNmUxOC00MTQ0LTgxNDAtOTQyZmE3MTBmYmMwAABB5w,event,"criticality:prod, env:dev, integration:azure, integration:azure_app_services, monitor, name:as-trms-ui-prd-sea, service:_trms, source:alert, team:fin",2025-01-31 18:23:14,[Triggered] [TRMS FIN UI PROD Azure App Service] Response Time Monitor - FIN,error
AwAAAZS74sbIGmt3wQAAABhBWlM3NHNlVkFBQ2kyZDVnaW10UFpxZloAAAAkMDE5NGJjM2ItNmUxOC00MTQ0LTgxNDAtOTQyZmE3MTBmYmMwAABB5Q,event,"criticality:prod, env:dev, env:prod, integration:azure, integration:azure_app_services, monitor, name:as-trms-ui-prd-sea, service:_trms, source:alert, team:, team:fin",2025-01-31 18:23:09,[Triggered] [TRMS PROD UI Azure App Service] Response Time Monitor - FIN,error
AwAAAZS74e_wvFYvZgAAABhBWlM3NGZSdEFBQkRWV09fZ3p4aDE1ekkAAAAkMDE5NGJjM2ItNmUxOC00MTQ0LTgxNDAtOTQyZmE3MTBmYmMwAABB4g,event,"criticality:prod, env:dev, integration:azure, integration:azure_app_services, monitor, name:as-trms-ui-prd-sea, service:_trms, source:alert, team:fin",2025-01-31 18:22:14,[Warn] [TRMS FIN UI PROD Azure App Service] Response Time Monitor - FIN,warning
AwAAAZS74diAgMwSUQAAABhBWlM3NGRycUFBQ1BnUklETjhjdEV6TzcAAAAkMDE5NGJjM2ItNmUxOC00MTQ0LTgxNDAtOTQyZmE3MTBmYmMwAABB4Q,event,"criticality:prod, env:dev, env:prod, integration:azure, integration:azure_app_services, monitor, name:as-trms-ui-prd-sea, service:_trms, source:alert, team:, team:fin",2025-01-31 18:22:08,[Warn] [TRMS PROD UI Azure App Service] Response Time Monitor - FIN,warning
AwAAAZS7vk7YKznWFAAAABhBWlM3dmxIZUFBQmdqbTBqc0QzUGF5UFAAAAAkMDE5NGJjM2ItNmUxOC00MTQ0LTgxNDAtOTQyZmE3MTBmYmMwAABAfQ,event,"criticality:prod, env:dev, integration:azure, integration:azure_app_services, monitor, name:as-trms-ui-prd-sea, service:_trms, source:alert, team:fin",2025-01-31 17:43:19,[Recovered] [TRMS FIN UI PROD Azure App Service] Response Time Monitor - FIN,success
AwAAAZS7vifIzq5awQAAABhBWlM3dmltM0FBQlg4RTQwZzRTd1N5LWYAAAAkMDE5NGJjM2ItNmUxOC00MTQ0LTgxNDAtOTQyZmE3MTBmYmMwAABAfA,event,"criticality:prod, env:dev, env:prod, integration:azure, integration:azure_app_services, monitor, name:as-trms-ui-prd-sea, service:_trms, source:alert, team:, team:fin",2025-01-31 17:43:09,[Recovered] [TRMS PROD UI Azure App Service] Response Time Monitor - FIN,success
AwAAAZS7vVDw5llemQAAABhBWlM3dlZSbUFBQUI3OGgzMmVZbGFua3oAAAAkMDE5NGJjM2ItNmUxOC00MTQ0LTgxNDAtOTQyZmE3MTBmYmMwAABAcw,event,"criticality:prod, env:dev, integration:azure, integration:azure_app_services, monitor, name:as-trms-ui-prd-sea, service:_trms, source:alert, team:fin",2025-01-31 17:42:14,[Warn] [TRMS FIN UI PROD Azure App Service] Response Time Monitor - FIN,warning
AwAAAZS7vTmAvsxXWwAAABhBWlM3dlR6ZEFBQkJtZHhDRFBMZE5IVDIAAAAkMDE5NGJjM2ItNmUxOC00MTQ0LTgxNDAtOTQyZmE3MTBmYmMwAABAcg,event,"criticality:prod, env:dev, env:prod, integration:azure, integration:azure_app_services, monitor, name:as-trms-ui-prd-sea, service:_trms, source:alert, team:, team:fin",2025-01-31 17:42:08,[Warn] [TRMS PROD UI Azure App Service] Response Time Monitor - FIN,warning
AwAAAZS7uatY0i8IbwAAABhBWlM3dWF4REFBRE5UWkpEajZRS2VQNm0AAAAkMDE5NGJjM2ItNmUxOC00MTQ0LTgxNDAtOTQyZmE3MTBmYmMwAABAXg,event,"criticality:prod, env:dev, integration:azure, integration:azure_app_services, monitor, name:as-trms-ui-prd-sea, service:_trms, source:alert, team:fin",2025-01-31 17:38:15,[Recovered] [TRMS FIN UI PROD Azure App Service] Response Time Monitor - FIN,success
AwAAAZS7uZPo2m49kQAAABhBWlM3dVpXREFBREprd0RYcjNPOEFGaDgAAAAkMDE5NGJjM2ItNmUxOC00MTQ0LTgxNDAtOTQyZmE3MTBmYmMwAABAXQ,event,"criticality:prod, env:dev, env:prod, integration:azure, integration:azure_app_services, monitor, name:as-trms-ui-prd-sea, service:_trms, source:alert, team:, team:fin",2025-01-31 17:38:09,[Recovered] [TRMS PROD UI Azure App Service] Response Time Monitor - FIN,success
AwAAAZS7uL0QA6mgvgAAABhBWlM3dU1Fb0FBQmVIOF9ZNWVVYm03QmIAAAAkMDE5NGJjM2ItNmUxOC00MTQ0LTgxNDAtOTQyZmE3MTBmYmMwAABAUw,event,"criticality:prod, env:dev, integration:azure, integration:azure_app_services, monitor, name:as-trms-ui-prd-sea, service:_trms, source:alert, team:fin",2025-01-31 17:37:14,[Warn] [TRMS FIN UI PROD Azure App Service] Response Time Monitor - FIN,warning
AwAAAZS7uKmIHOxldAAAABhBWlM3dUtzUkFBRFZEcFVQTWlLUU82SE4AAAAkMDE5NGJjM2ItNmUxOC00MTQ0LTgxNDAtOTQyZmE3MTBmYmMwAABAUg,event,"criticality:prod, env:dev, env:prod, integration:azure, integration:azure_app_services, monitor, name:as-trms-ui-prd-sea, service:_trms, source:alert, team:, team:fin",2025-01-31 17:37:09,[Warn] [TRMS PROD UI Azure App Service] Response Time Monitor - FIN,warning
AwAAAZS7rq7Y_hsppQAAABhBWlM3cnJGR0FBQ19KZEFtWUduSzNGQ0wAAAAkMDE5NGJjM2ItNmUxOC00MTQ0LTgxNDAtOTQyZmE3MTBmYmMwAABAGA,event,"criticality:prod, env:dev, integration:azure, integration:azure_app_services, monitor, name:as-trms-ui-prd-sea, service:_trms, source:alert, team:fin",2025-01-31 17:26:15,[Triggered] [TRMS FIN UI PROD Azure App Service] Response Time Monitor - FIN,error
AwAAAZS7rpOA63Cv6AAAABhBWlM3cnBYakFBQmNXZW4xZmEyS05CY1oAAAAkMDE5NGJjM2ItNmUxOC00MTQ0LTgxNDAtOTQyZmE3MTBmYmMwAABAFw,event,"criticality:prod, env:dev, env:prod, integration:azure, integration:azure_app_services, monitor, name:as-trms-ui-prd-sea, service:_trms, source:alert, team:, team:fin",2025-01-31 17:26:08,[Triggered] [TRMS PROD UI Azure App Service] Response Time Monitor - FIN,error
AwAAAZS7rNYwtN8ZogAAABhBWlM3ck5tc0FBQ2ZvWU1LZ1hxSDFwM2MAAAAkMDE5NGJjM2ItNmUxOC00MTQ0LTgxNDAtOTQyZmE3MTBmYmMwAABAFA,event,"criticality:prod, env:dev, integration:azure, integration:azure_app_services, monitor, name:as-trms-ui-prd-sea, service:_trms, source:alert, team:fin",2025-01-31 17:24:14,[Warn] [TRMS FIN UI PROD Azure App Service] Response Time Monitor - FIN,warning
AwAAAZS7rMKouuuZRQAAABhBWlM3ck1VTEFBQTd4LTVnVUtmSk5oYnYAAAAkMDE5NGJjM2ItNmUxOC00MTQ0LTgxNDAtOTQyZmE3MTBmYmMwAABAEg,event,"criticality:prod, env:dev, env:prod, integration:azure, integration:azure_app_services, monitor, name:as-trms-ui-prd-sea, service:_trms, source:alert, team:, team:fin",2025-01-31 17:24:09,[Warn] [TRMS PROD UI Azure App Service] Response Time Monitor - FIN,warning
AwAAAZS7nFtw2yuE2gAAABhBWlM3bkYtY0FBQ2pybm5HclA2S1JOUHoAAAAkMDE5NGJjM2ItNmUxOC00MTQ0LTgxNDAtOTQyZmE3MTBmYmMwAAA_6w,event,"criticality:prod, env:dev, integration:azure, integration:azure_app_services, monitor, name:as-trms-ui-prd-sea, service:_trms, source:alert, team:fin",2025-01-31 17:06:14,[Recovered] [TRMS FIN UI PROD Azure App Service] Response Time Monitor - FIN,success
AwAAAZS7nEfoczVnIAAAABhBWlM3bkVuUUFBQzhRd0pFMVQ4Tk5RNHgAAAAkMDE5NGJjM2ItNmUxOC00MTQ0LTgxNDAtOTQyZmE3MTBmYmMwAAA_6g,event,"criticality:prod, env:dev, env:prod, integration:azure, integration:azure_app_services, monitor, name:as-trms-ui-prd-sea, service:_trms, source:alert, team:, team:fin",2025-01-31 17:06:09,[Recovered] [TRMS PROD UI Azure App Service] Response Time Monitor - FIN,success
AwAAAZS7l8eQDsVJmgAAABhBWlM3bDh1WEFBRDZ2TE1hazlmVXRRU28AAAAkMDE5NGJjM2ItNmUxOC00MTQ0LTgxNDAtOTQyZmE3MTBmYmMwAAA_3Q,event,"criticality:prod, env:dev, integration:azure, integration:azure_app_services, monitor, name:as-trms-ui-prd-sea, service:_trms, source:alert, team:fin",2025-01-31 17:01:14,[Warn] [TRMS FIN UI PROD Azure App Service] Response Time Monitor - FIN,warning
AwAAAZS7l7AgOpLdGgAAABhBWlM3bDdVWEFBQnBSMlN5RHB1SjFPQTcAAAAkMDE5NGJjM2ItNmUxOC00MTQ0LTgxNDAtOTQyZmE3MTBmYmMwAAA_3A,event,"criticality:prod, env:dev, env:prod, integration:azure, integration:azure_app_services, monitor, name:as-trms-ui-prd-sea, service:_trms, source:alert, team:, team:fin",2025-01-31 17:01:08,[Warn] [TRMS PROD UI Azure App Service] Response Time Monitor - FIN,warning
AwAAAZS7jMsQd5g6UAAAABhBWlM3ak01WUFBQkdUUXY4Slk3TEh0QkEAAAAkMDE5NGJjM2ItNmUxOC00MTQ0LTgxNDAtOTQyZmE3MTBmYmMwAAA_sQ,event,"criticality:prod, env:dev, integration:azure, integration:azure_app_services, monitor, name:as-trms-ui-prd-sea, service:_trms, source:alert, team:fin",2025-01-31 16:49:14,[Recovered] [TRMS FIN UI PROD Azure App Service] Response Time Monitor - FIN,success
AwAAAZS7jLOg1rCYYAAAABhBWlM3akxaOUFBQVNtRHU3RHNRbjBZV1kAAAAkMDE5NGJjM2ItNmUxOC00MTQ0LTgxNDAtOTQyZmE3MTBmYmMwAAA_sA,event,"criticality:prod, env:dev, env:prod, integration:azure, integration:azure_app_services, monitor, name:as-trms-ui-prd-sea, service:_trms, source:alert, team:, team:fin",2025-01-31 16:49:08,[Recovered] [TRMS PROD UI Azure App Service] Response Time Monitor - FIN,success
AwAAAZS7g6NQr8tNtAAAABhBWlM3ZzZiMEFBQU1xLUMzVmxnTGdmZkEAAAAkMDE5NGJjM2ItNmUxOC00MTQ0LTgxNDAtOTQyZmE3MTBmYmMwAAA_kw,event,"criticality:prod, env:dev, integration:azure, integration:azure_app_services, monitor, name:as-trms-ui-prd-sea, service:_trms, source:alert, team:fin",2025-01-31 16:39:14,[Triggered] [TRMS FIN UI PROD Azure App Service] Response Time Monitor - FIN,error
AwAAAZS7g5eYRdADZAAAABhBWlM3ZzVtdkFBQ3p0V3pVYUJhOE51WFgAAAAkMDE5NGJjM2ItNmUxOC00MTQ0LTgxNDAtOTQyZmE3MTBmYmMwAAA_kg,event,"criticality:prod, env:dev, env:prod, integration:azure, integration:azure_app_services, monitor, name:as-trms-ui-prd-sea, service:_trms, source:alert, team:, team:fin",2025-01-31 16:39:11,[Triggered] [TRMS PROD UI Azure App Service] Response Time Monitor - FIN,error
AwAAAZS7W1rQCAFXWwAAABhBWlM3VzE4VUFBQVdNaWU2bnh1WHMySHgAAAAkMDE5NGJiNWYtYjAzMC00Nzg0LWE4YzgtY2E4NWU4YTYzNzY2AABQTQ,event,"criticality:prod, env:dev, integration:azure, integration:azure_app_services, monitor, name:as-trms-ui-prd-sea, service:_trms, source:alert, team:fin",2025-01-31 15:55:14,[Recovered] [TRMS FIN UI PROD Azure App Service] Response Time Monitor - FIN,success
AwAAAZS7W0NgcDuZdQAAABhBWlM3VzBjbEFBQ2dhWFlWTGI4UU9XaFoAAAAkMDE5NGJiNWYtYjAzMC00Nzg0LWE4YzgtY2E4NWU4YTYzNzY2AABQSw,event,"criticality:prod, env:dev, env:prod, integration:azure, integration:azure_app_services, monitor, name:as-trms-ui-prd-sea, service:_trms, source:alert, team:, team:fin",2025-01-31 15:55:08,[Recovered] [TRMS PROD UI Azure App Service] Response Time Monitor - FIN,success
AwAAAZS7WnBwffBwEgAAABhBWlM3V25YVUFBQXNVZHhkQXlBV3VrTkkAAAAkMDE5NGJiNWYtYjAzMC00Nzg0LWE4YzgtY2E4NWU4YTYzNzY2AABQRg,event,"criticality:prod, env:dev, integration:azure, integration:azure_app_services, monitor, name:as-trms-ui-prd-sea, service:_trms, source:alert, team:fin",2025-01-31 15:54:14,[Warn] [TRMS FIN UI PROD Azure App Service] Response Time Monitor - FIN,warning
AwAAAZS7WlkAIaMSUQAAABhBWlM3V2x3c0FBREYzTjlueVVLTlpUUW0AAAAkMDE5NGJiNWYtYjAzMC00Nzg0LWE4YzgtY2E4NWU4YTYzNzY2AABQRQ,event,"criticality:prod, env:dev, env:prod, integration:azure, integration:azure_app_services, monitor, name:as-trms-ui-prd-sea, service:_trms, source:alert, team:, team:fin",2025-01-31 15:54:08,[Warn] [TRMS PROD UI Azure App Service] Response Time Monitor - FIN,warning
AwAAAZS7VsrYMR5wEgAAABhBWlM3VnN5WUFBRFE1SmdLdlUtd0psUDAAAAAkMDE5NGJiNWYtYjAzMC00Nzg0LWE4YzgtY2E4NWU4YTYzNzY2AABQNg,event,"criticality:prod, env:dev, integration:azure, integration:azure_app_services, monitor, name:as-trms-ui-prd-sea, service:_trms, source:alert, team:fin",2025-01-31 15:50:15,[Triggered] [TRMS FIN UI PROD Azure App Service] Response Time Monitor - FIN,error
AwAAAZS7VrNoRt0DZAAAABhBWlM3VnJXQkFBQU4tM0VxWmE4RXRhMzEAAAAkMDE5NGJiNWYtYjAzMC00Nzg0LWE4YzgtY2E4NWU4YTYzNzY2AABQNQ,event,"criticality:prod, env:dev, env:prod, integration:azure, integration:azure_app_services, monitor, name:as-trms-ui-prd-sea, service:_trms, source:alert, team:, team:fin",2025-01-31 15:50:09,[Triggered] [TRMS PROD UI Azure App Service] Response Time Monitor - FIN,error
AwAAAZS7VAu4GToK5gAAABhBWlM3VkF5M0FBQ19KVEtVeEpjYXZ5U1cAAAAkMDE5NGJiNWYtYjAzMC00Nzg0LWE4YzgtY2E4NWU4YTYzNzY2AABQKQ,event,"criticality:prod, env:dev, integration:azure, integration:azure_app_services, monitor, name:as-trms-ui-prd-sea, service:_trms, source:alert, team:fin",2025-01-31 15:47:15,[Warn] [TRMS FIN UI PROD Azure App Service] Response Time Monitor - FIN,warning
AwAAAZS7U_RIhKtG3gAAABhBWlM3VV9XNkFBREo0VTVyamp0Y0tQT2MAAAAkMDE5NGJiNWYtYjAzMC00Nzg0LWE4YzgtY2E4NWU4YTYzNzY2AABQKA,event,"criticality:prod, env:dev, env:prod, integration:azure, integration:azure_app_services, monitor, name:as-trms-ui-prd-sea, service:_trms, source:alert, team:, team:fin",2025-01-31 15:47:09,[Warn] [TRMS PROD UI Azure App Service] Response Time Monitor - FIN,warning
AwAAAZS7OJCQovmVZwAAABhBWlM3T0pTdUFBRFBIMXZQb3Z1Q000ODEAAAAkMDE5NGJiNWYtYjAzMC00Nzg0LWE4YzgtY2E4NWU4YTYzNzY2AABPNQ,event,"criticality:prod, env:dev, integration:azure, integration:azure_app_services, monitor, name:as-trms-ui-prd-sea, service:_trms, source:alert, team:fin",2025-01-31 15:17:14,[Recovered] [TRMS FIN UI PROD Azure App Service] Response Time Monitor - FIN,success
AwAAAZS7OH0IJIGX-AAAABhBWlM3T0g4WEFBRF9jSHZobHUzMnBlZVIAAAAkMDE5NGJiNWYtYjAzMC00Nzg0LWE4YzgtY2E4NWU4YTYzNzY2AABPNA,event,"criticality:prod, env:dev, env:prod, integration:azure, integration:azure_app_services, monitor, name:as-trms-ui-prd-sea, service:_trms, source:alert, team:, team:fin",2025-01-31 15:17:09,[Recovered] [TRMS PROD UI Azure App Service] Response Time Monitor - FIN,success
AwAAAZS7N6YwgadyiQAAABhBWlM3TjZwQkFBQ09Sd1Foc2pkQlVtbDYAAAAkMDE5NGJiNWYtYjAzMC00Nzg0LWE4YzgtY2E4NWU4YTYzNzY2AABPMg,event,"criticality:prod, env:dev, integration:azure, integration:azure_app_services, monitor, name:as-trms-ui-prd-sea, service:_trms, source:alert, team:fin",2025-01-31 15:16:14,[Warn] [TRMS FIN UI PROD Azure App Service] Response Time Monitor - FIN,warning
AwAAAZS7N47Aug6EEAAAABhBWlM3TjVObEFBQmhYemE1M1Qzd01LNDIAAAAkMDE5NGJiNWYtYjAzMC00Nzg0LWE4YzgtY2E4NWU4YTYzNzY2AABPMQ,event,"criticality:prod, env:dev, env:prod, integration:azure, integration:azure_app_services, monitor, name:as-trms-ui-prd-sea, service:_trms, source:alert, team:, team:fin",2025-01-31 15:16:08,[Warn] [TRMS PROD UI Azure App Service] Response Time Monitor - FIN,warning
AwAAAZS7MF7oqBSF8AAAABhBWlM3TUdOR0FBQTdFS3ZZeTViajZWOUIAAAAkMDE5NGJiNWYtYjAzMC00Nzg0LWE4YzgtY2E4NWU4YTYzNzY2AABPJw,event,"criticality:prod, env:dev, integration:azure, integration:azure_app_services, monitor, name:as-trms-ui-prd-sea, service:_trms, source:alert, team:fin",2025-01-31 15:08:17,[Triggered] [TRMS FIN UI PROD Azure App Service] Response Time Monitor - FIN,error
AwAAAZS7MDvAaPFAfAAAABhBWlM3TUQteEFBQTJrODRJenlqTndNZkcAAAAkMDE5NGJiNWYtYjAzMC00Nzg0LWE4YzgtY2E4NWU4YTYzNzY2AABPJQ,event,"criticality:prod, env:dev, env:prod, integration:azure, integration:azure_app_services, monitor, name:as-trms-ui-prd-sea, service:_trms, source:alert, team:, team:fin",2025-01-31 15:08:08,[Triggered] [TRMS PROD UI Azure App Service] Response Time Monitor - FIN,error
AwAAAZS7L2jQpcsvZgAAABhBWlM3TDJ4eUFBQ3dlLVM3X2Y5STBkbm4AAAAkMDE5NGJiNWYtYjAzMC00Nzg0LWE4YzgtY2E4NWU4YTYzNzY2AABPJA,event,"criticality:prod, env:dev, integration:azure, integration:azure_app_services, monitor, name:as-trms-ui-prd-sea, service:_trms, source:alert, team:fin",2025-01-31 15:07:14,[Warn] [TRMS FIN UI PROD Azure App Service] Response Time Monitor - FIN,warning
AwAAAZS7L1VIhwf1dgAAABhBWlM3TDFhY0FBQlJ2ZTRyenV3Y3hTSTkAAAAkMDE5NGJiNWYtYjAzMC00Nzg0LWE4YzgtY2E4NWU4YTYzNzY2AABPIw,event,"criticality:prod, env:dev, env:prod, integration:azure, integration:azure_app_services, monitor, name:as-trms-ui-prd-sea, service:_trms, source:alert, team:, team:fin",2025-01-31 15:07:09,[Warn] [TRMS PROD UI Azure App Service] Response Time Monitor - FIN,warning
AwAAAZS7F574lkEvZgAAABhBWlM3RjZJcEFBRGJzemRDRlBHLXBETDIAAAAkMDE5NGJiNWYtYjAzMC00Nzg0LWE4YzgtY2E4NWU4YTYzNzY2AABOyQ,event,"criticality:prod, env:dev, integration:azure, integration:azure_app_services, monitor, name:as-trms-ui-prd-sea, service:_trms, source:alert, team:fin",2025-01-31 14:41:15,[Recovered] [TRMS FIN UI PROD Azure App Service] Response Time Monitor - FIN,success
AwAAAZS7F4Ogzes3TwAAABhBWlM3RjRkdUFBQXh3LW9tZ003Y3hfSFcAAAAkMDE5NGJiNWYtYjAzMC00Nzg0LWE4YzgtY2E4NWU4YTYzNzY2AABOyA,event,"criticality:prod, env:dev, env:prod, integration:azure, integration:azure_app_services, monitor, name:as-trms-ui-prd-sea, service:_trms, source:alert, team:, team:fin",2025-01-31 14:41:08,[Recovered] [TRMS PROD UI Azure App Service] Response Time Monitor - FIN,success
AwAAAZS7EwsY7gEHEQAAABhBWlM3RXcyVkFBQXVUMXN2R2FqVUdVUVcAAAAkMDE5NGJiNWYtYjAzMC00Nzg0LWE4YzgtY2E4NWU4YTYzNzY2AABOwA,event,"criticality:prod, env:dev, integration:azure, integration:azure_app_services, monitor, name:as-trms-ui-prd-sea, service:_trms, source:alert, team:fin",2025-01-31 14:36:15,[Warn] [TRMS FIN UI PROD Azure App Service] Response Time Monitor - FIN,warning
AwAAAZS7Eu_AmXFgDwAAABhBWlM3RXZMUkFBRFAxY0thS2RYTzl3UFYAAAAkMDE5NGJiNWYtYjAzMC00Nzg0LWE4YzgtY2E4NWU4YTYzNzY2AABOvw,event,"criticality:prod, env:dev, env:prod, integration:azure, integration:azure_app_services, monitor, name:as-trms-ui-prd-sea, service:_trms, source:alert, team:, team:fin",2025-01-31 14:36:08,[Warn] [TRMS PROD UI Azure App Service] Response Time Monitor - FIN,warning
AwAAAZS7Cd9w1dM_ewAAABhBWlM3Q2VIbEFBQzllQWwybUxlTXZJSjgAAAAkMDE5NGJiNWYtYjAzMC00Nzg0LWE4YzgtY2E4NWU4YTYzNzY2AABNWw,event,"criticality:prod, env:dev, integration:azure, integration:azure_app_services, monitor, name:as-trms-ui-prd-sea, service:_trms, source:alert, team:fin",2025-01-31 14:26:14,[Recovered] [TRMS FIN UI PROD Azure App Service] Response Time Monitor - FIN,success
AwAAAZS7CcgAsd0XWgAAABhBWlM3Q2N4UkFBRDNsRVBOVDl0QnBYVkYAAAAkMDE5NGJiNWYtYjAzMC00Nzg0LWE4YzgtY2E4NWU4YTYzNzY2AABNWQ,event,"criticality:prod, env:dev, env:prod, integration:azure, integration:azure_app_services, monitor, name:as-trms-ui-prd-sea, service:_trms, source:alert, team:, team:fin",2025-01-31 14:26:08,[Recovered] [TRMS PROD UI Azure App Service] Response Time Monitor - FIN,success
AwAAAZS7CPUQAN-a-wAAABhBWlM3Q1BsQ0FBRHZMWXczT3FvczQxQkgAAAAkMDE5NGJiNWYtYjAzMC00Nzg0LWE4YzgtY2E4NWU4YTYzNzY2AABNVw,event,"criticality:prod, env:dev, integration:azure, integration:azure_app_services, monitor, name:as-trms-ui-prd-sea, service:_trms, source:alert, team:fin",2025-01-31 14:25:14,[Warn] [TRMS FIN UI PROD Azure App Service] Response Time Monitor - FIN,warning
AwAAAZS7CN2guqh3wQAAABhBWlM3Q09Gb0FBRG1KZGgzV0VOZ0FUOTAAAAAkMDE5NGJiNWYtYjAzMC00Nzg0LWE4YzgtY2E4NWU4YTYzNzY2AABNVg,event,"criticality:prod, env:dev, env:prod, integration:azure, integration:azure_app_services, monitor, name:as-trms-ui-prd-sea, service:_trms, source:alert, team:, team:fin",2025-01-31 14:25:08,[Warn] [TRMS PROD UI Azure App Service] Response Time Monitor - FIN,warning
AwAAAZS7BjnYHq_sJAAAABhBWlM3QmpyZkFBQ2tfYWh1RXNIUFNXV2MAAAAkMDE5NGJiNWYtYjAzMC00Nzg0LWE4YzgtY2E4NWU4YTYzNzY2AABNUA,event,"criticality:prod, env:dev, integration:azure, integration:azure_app_services, monitor, name:as-trms-ui-prd-sea, service:_trms, source:alert, team:fin",2025-01-31 14:22:15,[Triggered] [TRMS FIN UI PROD Azure App Service] Response Time Monitor - FIN,error
AwAAAZS7Bh6AAgD1dgAAABhBWlM3QmlGcEFBQmtlUl9rN1VzOV9FZzYAAAAkMDE5NGJiNWYtYjAzMC00Nzg0LWE4YzgtY2E4NWU4YTYzNzY2AABNTw,event,"criticality:prod, env:dev, env:prod, integration:azure, integration:azure_app_services, monitor, name:as-trms-ui-prd-sea, service:_trms, source:alert, team:, team:fin",2025-01-31 14:22:08,[Triggered] [TRMS PROD UI Azure App Service] Response Time Monitor - FIN,error
AwAAAZS7BGUYRukQdwAAABhBWlM3QkdjNkFBQk5DaFJuVnBsT2NUaXgAAAAkMDE5NGJiNWYtYjAzMC00Nzg0LWE4YzgtY2E4NWU4YTYzNzY2AABNTA,event,"criticality:prod, env:dev, integration:azure, integration:azure_app_services, monitor, name:as-trms-ui-prd-sea, service:_trms, source:alert, team:fin",2025-01-31 14:20:15,[Warn] [TRMS FIN UI PROD Azure App Service] Response Time Monitor - FIN,warning
AwAAAZS7BEnAA7R3wQAAABhBWlM3QkUzS0FBQ3J4bm96bHZlSzU3UzQAAAAkMDE5NGJiNWYtYjAzMC00Nzg0LWE4YzgtY2E4NWU4YTYzNzY2AABNSw,event,"criticality:prod, env:dev, env:prod, integration:azure, integration:azure_app_services, monitor, name:as-trms-ui-prd-sea, service:_trms, source:alert, team:, team:fin",2025-01-31 14:20:08,[Warn] [TRMS PROD UI Azure App Service] Response Time Monitor - FIN,warning
AwAAAZS7ALuYypx8jgAAABhBWlM3QUx6OUFBQ01MS1ZKOGQxOFFNeV8AAAAkMDE5NGJiNWYtYjAzMC00Nzg0LWE4YzgtY2E4NWU4YTYzNzY2AABNRQ,event,"criticality:prod, env:dev, integration:azure, integration:azure_app_services, monitor, name:as-trms-ui-prd-sea, service:_trms, source:alert, team:fin",2025-01-31 14:16:15,[Triggered] [TRMS FIN UI PROD Azure App Service] Response Time Monitor - FIN,error
AwAAAZS7AKBAD18OJwAAABhBWlM3QUtQNkFBRHBCQVFZUVNwODlObHAAAAAkMDE5NGJiNWYtYjAzMC00Nzg0LWE4YzgtY2E4NWU4YTYzNzY2AABNRA,event,"criticality:prod, env:dev, env:prod, integration:azure, integration:azure_app_services, monitor, name:as-trms-ui-prd-sea, service:_trms, source:alert, team:, team:fin",2025-01-31 14:16:08,[Triggered] [TRMS PROD UI Azure App Service] Response Time Monitor - FIN,error
AwAAAZS6_9kISxh7MQAAABhBWlM2XzlzSUFBQ1kwa09ZaldnOWRPa2YAAAAkMDE5NGJiNWYtYjAzMC00Nzg0LWE4YzgtY2E4NWU4YTYzNzY2AABNQw,event,"criticality:prod, env:dev, integration:azure, integration:azure_app_services, monitor, name:as-trms-ui-prd-sea, service:_trms, source:alert, team:fin",2025-01-31 14:15:17,[Warn] [TRMS FIN UI PROD Azure App Service] Response Time Monitor - FIN,warning
AwAAAZS6_7nIFNI6UAAAABhBWlM2Xzd3Y0FBQll0emlMLW5MT2Nsd3QAAAAkMDE5NGJiNWYtYjAzMC00Nzg0LWE4YzgtY2E4NWU4YTYzNzY2AABNQg,event,"criticality:prod, env:dev, env:prod, integration:azure, integration:azure_app_services, monitor, name:as-trms-ui-prd-sea, service:_trms, source:alert, team:, team:fin",2025-01-31 14:15:09,[Warn] [TRMS PROD UI Azure App Service] Response Time Monitor - FIN,warning
AwAAAZS6_Q4wk9c3TwAAABhBWlM2X1JCaEFBRFNZRGpyZGtzVjJ1X2YAAAAkMDE5NGJiNWYtYjAzMC00Nzg0LWE4YzgtY2E4NWU4YTYzNzY2AABNPQ,event,"criticality:prod, env:dev, integration:azure, integration:azure_app_services, monitor, name:as-trms-ui-prd-sea, service:_trms, source:alert, team:fin",2025-01-31 14:12:14,[Recovered] [TRMS FIN UI PROD Azure App Service] Response Time Monitor - FIN,success
AwAAAZS6_PbAO2MppQAAABhBWlM2X1BxTkFBQmxmRTRTZDBzRjNibFYAAAAkMDE5NGJiNWYtYjAzMC00Nzg0LWE4YzgtY2E4NWU4YTYzNzY2AABNOw,event,"criticality:prod, env:dev, env:prod, integration:azure, integration:azure_app_services, monitor, name:as-trms-ui-prd-sea, service:_trms, source:alert, team:, team:fin",2025-01-31 14:12:08,[Recovered] [TRMS PROD UI Azure App Service] Response Time Monitor - FIN,success
AwAAAZS6-k8QAswIbwAAABhBWlM2LWxPdEFBRHVUTUphMWR1MWZ4eFQAAAAkMDE5NGJiNWYtYjAzMC00Nzg0LWE4YzgtY2E4NWU4YTYzNzY2AABNOQ,event,"criticality:prod, env:dev, integration:azure, integration:azure_app_services, monitor, name:as-trms-ui-prd-sea, service:_trms, source:alert, team:fin",2025-01-31 14:09:14,[Warn] [TRMS FIN UI PROD Azure App Service] Response Time Monitor - FIN,warning
AwAAAZS6-juILByVZwAAABhBWlM2LWoybUFBQXNQRGVLT09QWmdkSFoAAAAkMDE5NGJiNWYtYjAzMC00Nzg0LWE4YzgtY2E4NWU4YTYzNzY2AABNOA,event,"criticality:prod, env:dev, env:prod, integration:azure, integration:azure_app_services, monitor, name:as-trms-ui-prd-sea, service:_trms, source:alert, team:, team:fin",2025-01-31 14:09:09,[Warn] [TRMS PROD UI Azure App Service] Response Time Monitor - FIN,warning
AwAAAZS6pSow-dWF8AAAABhBWlM2cFM0dkFBQ0s0VUI0SjQtT2czbl8AAAAkMDE5NGJiNWYtYjAzMC00Nzg0LWE4YzgtY2E4NWU4YTYzNzY2AABKiw,event,"criticality:prod, env:dev, integration:azure, integration:azure_app_services, monitor, name:as-trms-ui-prd-sea, service:_trms, source:alert, team:fin",2025-01-31 12:36:14,[Recovered] [TRMS FIN UI PROD Azure App Service] Response Time Monitor - FIN,success
AwAAAZS6pRLAQrgXWgAAABhBWlM2cFJjdkFBQk1yNnRwQmFSVlVNX0YAAAAkMDE5NGJiNWYtYjAzMC00Nzg0LWE4YzgtY2E4NWU4YTYzNzY2AABKig,event,"criticality:prod, env:dev, env:prod, integration:azure, integration:azure_app_services, monitor, name:as-trms-ui-prd-sea, service:_trms, source:alert, team:, team:fin",2025-01-31 12:36:08,[Recovered] [TRMS PROD UI Azure App Service] Response Time Monitor - FIN,success
AwAAAZS6pEO4O_51bAAAABhBWlM2cEVVT0FBQ3N1c1ppbkpvR0VQMG4AAAAkMDE5NGJiNWYtYjAzMC00Nzg0LWE4YzgtY2E4NWU4YTYzNzY2AABKhw,event,"criticality:prod, env:dev, integration:azure, integration:azure_app_services, monitor, name:as-trms-ui-prd-sea, service:_trms, source:alert, team:fin",2025-01-31 12:35:15,[Warn] [TRMS FIN UI PROD Azure App Service] Response Time Monitor - FIN,warning
AwAAAZS6pCxIPs_oDgAAABhBWlM2cEMwVEFBQ3VjdU5WMzVUdUdpN24AAAAkMDE5NGJiNWYtYjAzMC00Nzg0LWE4YzgtY2E4NWU4YTYzNzY2AABKhg,event,"criticality:prod, env:dev, env:prod, integration:azure, integration:azure_app_services, monitor, name:as-trms-ui-prd-sea, service:_trms, source:alert, team:, team:fin",2025-01-31 12:35:09,[Warn] [TRMS PROD UI Azure App Service] Response Time Monitor - FIN,warning
AwAAAZS6ndcwquoDZAAAABhBWlM2bmRwNEFBRDZQUjM5N0s1QjExS1UAAAAkMDE5NGJiNWYtYjAzMC00Nzg0LWE4YzgtY2E4NWU4YTYzNzY2AABKdQ,event,"criticality:prod, env:dev, integration:azure, integration:azure_app_services, monitor, name:as-trms-ui-prd-sea, service:_trms, source:alert, team:fin",2025-01-31 12:28:14,[Recovered] [TRMS FIN UI PROD Azure App Service] Response Time Monitor - FIN,success
AwAAAZS6nb_AULsHEQAAABhBWlM2bmNKUUFBQ0RXZVlSeE91YWx2OUUAAAAkMDE5NGJiNWYtYjAzMC00Nzg0LWE4YzgtY2E4NWU4YTYzNzY2AABKdA,event,"criticality:prod, env:dev, env:prod, integration:azure, integration:azure_app_services, monitor, name:as-trms-ui-prd-sea, service:_trms, source:alert, team:, team:fin",2025-01-31 12:28:08,[Recovered] [TRMS PROD UI Azure App Service] Response Time Monitor - FIN,success
AwAAAZS6mxgQLt71dgAAABhBWlM2bXh1TEFBQ2s2bEdyTTZKbmc4dTQAAAAkMDE5NGJiNWYtYjAzMC00Nzg0LWE4YzgtY2E4NWU4YTYzNzY2AABKbg,event,"criticality:prod, env:dev, integration:azure, integration:azure_app_services, monitor, name:as-trms-ui-prd-sea, service:_trms, source:alert, team:fin",2025-01-31 12:25:14,[Warn] [TRMS FIN UI PROD Azure App Service] Response Time Monitor - FIN,warning
AwAAAZS6mwSIOssppQAAABhBWlM2bXdWc0FBRDVNU3FYMUtDVl9GZ3AAAAAkMDE5NGJiNWYtYjAzMC00Nzg0LWE4YzgtY2E4NWU4YTYzNzY2AABKbQ,event,"criticality:prod, env:dev, env:prod, integration:azure, integration:azure_app_services, monitor, name:as-trms-ui-prd-sea, service:_trms, source:alert, team:, team:fin",2025-01-31 12:25:09,[Warn] [TRMS PROD UI Azure App Service] Response Time Monitor - FIN,warning
AwAAAZS6kQXwWFWZdQAAABhBWlM2a1FsX0FBRHVia0dKcDFOSGNTaXgAAAAkMDE5NGJiNWYtYjAzMC00Nzg0LWE4YzgtY2E4NWU4YTYzNzY2AABKMg,event,"criticality:prod, env:dev, integration:azure, integration:azure_app_services, monitor, name:as-trms-ui-prd-sea, service:_trms, source:alert, team:fin",2025-01-31 12:14:14,[Triggered] [TRMS FIN UI PROD Azure App Service] Response Time Monitor - FIN,error
AwAAAZS6kPJoXJEIbwAAABhBWlM2a1BRSkFBRC1fU3YzZVZYcXVFRksAAAAkMDE5NGJiNWYtYjAzMC00Nzg0LWE4YzgtY2E4NWU4YTYzNzY2AABKMQ,event,"criticality:prod, env:dev, env:prod, integration:azure, integration:azure_app_services, monitor, name:as-trms-ui-prd-sea, service:_trms, source:alert, team:, team:fin",2025-01-31 12:14:09,[Triggered] [TRMS PROD UI Azure App Service] Response Time Monitor - FIN,error
AwAAAZS6kCdIms4DZAAAABhBWlM2a0NoOEFBQk1qVEkzVktmOVpEUUIAAAAkMDE5NGJiNWYtYjAzMC00Nzg0LWE4YzgtY2E4NWU4YTYzNzY2AABKLg,event,"criticality:prod, env:dev, integration:azure, integration:azure_app_services, monitor, name:as-trms-ui-prd-sea, service:_trms, source:alert, team:fin",2025-01-31 12:13:17,[Warn] [TRMS FIN UI PROD Azure App Service] Response Time Monitor - FIN,warning
AwAAAZS6kAQgeW6VZwAAABhBWlM2a0FiTkFBRGJCZmVVVTkxWlVYN2wAAAAkMDE5NGJiNWYtYjAzMC00Nzg0LWE4YzgtY2E4NWU4YTYzNzY2AABKLQ,event,"criticality:prod, env:dev, env:prod, integration:azure, integration:azure_app_services, monitor, name:as-trms-ui-prd-sea, service:_trms, source:alert, team:, team:fin",2025-01-31 12:13:08,[Warn] [TRMS PROD UI Azure App Service] Response Time Monitor - FIN,warning
AwAAAZS6jzEwPWkcVQAAABhBWlM2anpUX0FBREVIdlB2RzgyemZzMlEAAAAkMDE5NGJiNWYtYjAzMC00Nzg0LWE4YzgtY2E4NWU4YTYzNzY2AABKKA,event,"criticality:prod, env:dev, integration:azure, integration:azure_app_services, monitor, name:as-trms-ui-prd-sea, service:_trms, source:alert, team:fin",2025-01-31 12:12:14,[Recovered] [TRMS FIN UI PROD Azure App Service] Response Time Monitor - FIN,success
AwAAAZS6jxnALpwvZgAAABhBWlM2anh2MkFBQmdLQlNVUk5HYXBJZjIAAAAkMDE5NGJiNWYtYjAzMC00Nzg0LWE4YzgtY2E4NWU4YTYzNzY2AABKJg,event,"criticality:prod, env:dev, env:prod, integration:azure, integration:azure_app_services, monitor, name:as-trms-ui-prd-sea, service:_trms, source:alert, team:, team:fin",2025-01-31 12:12:08,[Recovered] [TRMS PROD UI Azure App Service] Response Time Monitor - FIN,success
AwAAAZS6jWBY3RyE2gAAABhBWlM2aldKd0FBQnJCVmVNZ2gxejZSN2UAAAAkMDE5NGJiNWYtYjAzMC00Nzg0LWE4YzgtY2E4NWU4YTYzNzY2AABJyw,event,"criticality:prod, env:dev, integration:azure, integration:azure_app_services, monitor, name:as-trms-ui-prd-sea, service:_trms, source:alert, team:fin",2025-01-31 12:10:15,[Warn] [TRMS FIN UI PROD Azure App Service] Response Time Monitor - FIN,warning
AwAAAZS6jVxwNJw6gwAAABhBWlM2aldBdUFBQnJmMm5kcjdmUUdWc3EAAAAkMDE5NGJiNWYtYjAzMC00Nzg0LWE4YzgtY2E4NWU4YTYzNzY2AABQnw,event,"check_status:live, check_type:api-dns, ci_execution_rule:blocking, criticality:prod, env:prod, monitor, probe_dc:pl:hq-prod-1-3513f5b522a833600df2309408c22ed3, service:dns, source:alert, team:network",2025-01-31 12:10:14,[Recovered] trms-ui-dev.adb.org DNS resolution via DNS1 - Network,success
AwAAAZS6jUUAmxUv3QAAABhBWlM2alVoOEFBQnJ2T0xrd3RadTA2b2kAAAAkMDE5NGJiNWYtYjAzMC00Nzg0LWE4YzgtY2E4NWU4YTYzNzY2AABJxg,event,"criticality:prod, env:dev, env:prod, integration:azure, integration:azure_app_services, monitor, name:as-trms-ui-prd-sea, service:_trms, source:alert, team:, team:fin",2025-01-31 12:10:08,[Warn] [TRMS PROD UI Azure App Service] Response Time Monitor - FIN,warning
AwAAAZS6ibLwdp9XWwAAABhBWlM2aWJibkFBQS1yd1A1UklFWC1zSDgAAAAkMDE5NGJiNWYtYjAzMC00Nzg0LWE4YzgtY2E4NWU4YTYzNzY2AABJiw,event,"criticality:prod, env:dev, integration:azure, integration:azure_app_services, monitor, name:as-trms-ui-prd-sea, service:_trms, source:alert, team:fin",2025-01-31 12:06:14,[Recovered] [TRMS FIN UI PROD Azure App Service] Response Time Monitor - FIN,success
AwAAAZS6iZuAVF-UXQAAABhBWlM2aVpfdEFBRGlPNnl6WjVVZWYyUnoAAAAkMDE5NGJiNWYtYjAzMC00Nzg0LWE4YzgtY2E4NWU4YTYzNzY2AABJhw,event,"criticality:prod, env:dev, env:prod, integration:azure, integration:azure_app_services, monitor, name:as-trms-ui-prd-sea, service:_trms, source:alert, team:, team:fin",2025-01-31 12:06:08,[Recovered] [TRMS PROD UI Azure App Service] Response Time Monitor - FIN,success
AwAAAZS6iUGoALh8jgAAABhBWlM2aVVOS0FBQ0d1dy1taWF5OTZkb0sAAAAkMDE5NGJiNWYtYjAzMC00Nzg0LWE4YzgtY2E4NWU4YTYzNzY2AABQmw,event,"check_status:live, check_type:api-dns, ci_execution_rule:blocking, criticality:prod, env:prod, monitor, probe_dc:pl:hq-prod-1-3513f5b522a833600df2309408c22ed3, service:dns, source:alert, team:network",2025-01-31 12:05:45,[Triggered] trms-ui-dev.adb.org DNS resolution via DNS1 - Network,error
AwAAAZS6gXWQPXZ3wQAAABhBWlM2Z1hoUkFBQXdKeDRTY1ptQl81T2QAAAAkMDE5NGJhODMtZmExOC00M2VlLTg5NTktZjNiYmZhYjc0YTA1AAA_rQ,event,"criticality:prod, env:dev, integration:azure, integration:azure_app_services, monitor, name:as-trms-ui-prd-sea, service:_trms, source:alert, team:fin",2025-01-31 11:57:14,[Warn] [TRMS FIN UI PROD Azure App Service] Response Time Monitor - FIN,warning
AwAAAZS6gWII9VB7MQAAABhBWlM2Z1dMUEFBQVpoaUpnWTNhZ3kweS0AAAAkMDE5NGJhODMtZmExOC00M2VlLTg5NTktZjNiYmZhYjc0YTA1AAA_rA,event,"criticality:prod, env:dev, env:prod, integration:azure, integration:azure_app_services, monitor, name:as-trms-ui-prd-sea, service:_trms, source:alert, team:, team:fin",2025-01-31 11:57:09,[Warn] [TRMS PROD UI Azure App Service] Response Time Monitor - FIN,warning
AwAAAZS6e_dQrCwvZgAAABhBWlM2ZV9uTUFBQzBnbXZMQWU0UVNOSmIAAAAkMDE5NGJhODMtZmExOC00M2VlLTg5NTktZjNiYmZhYjc0YTA1AAA-iA,event,"criticality:prod, env:dev, integration:azure, integration:azure_app_services, monitor, name:as-trms-ui-prd-sea, service:_trms, source:alert, team:fin",2025-01-31 11:51:14,[Recovered] [TRMS FIN UI PROD Azure App Service] Response Time Monitor - FIN,success
AwAAAZS6e9_gXuHTeQAAABhBWlM2ZS1NQkFBQnVqYXBqejRhNWVPY3MAAAAkMDE5NGJhODMtZmExOC00M2VlLTg5NTktZjNiYmZhYjc0YTA1AAA-hw,event,"criticality:prod, env:dev, env:prod, integration:azure, integration:azure_app_services, monitor, name:as-trms-ui-prd-sea, service:_trms, source:alert, team:, team:fin",2025-01-31 11:51:08,[Recovered] [TRMS PROD UI Azure App Service] Response Time Monitor - FIN,success
AwAAAZS6eiKQqKwppQAAABhBWlM2ZWlWQkFBQ0Vjb2xZSTJJMGFaMXIAAAAkMDE5NGJhODMtZmExOC00M2VlLTg5NTktZjNiYmZhYjc0YTA1AAA-hA,event,"criticality:prod, env:dev, integration:azure, integration:azure_app_services, monitor, name:as-trms-ui-prd-sea, service:_trms, source:alert, team:fin",2025-01-31 11:49:14,[Warn] [TRMS FIN UI PROD Azure App Service] Response Time Monitor - FIN,warning
AwAAAZS6egsgFua_bAAAABhBWlM2ZWc1UEFBREV3cmhLeXdTSjA1dXcAAAAkMDE5NGJhODMtZmExOC00M2VlLTg5NTktZjNiYmZhYjc0YTA1AAA-gw,event,"criticality:prod, env:dev, env:prod, integration:azure, integration:azure_app_services, monitor, name:as-trms-ui-prd-sea, service:_trms, source:alert, team:, team:fin",2025-01-31 11:49:08,[Warn] [TRMS PROD UI Azure App Service] Response Time Monitor - FIN,warning
AwAAAZS6ctdg8b09kQAAABhBWlM2Y3RnekFBQkRGUVM1ZkhIRmdVc2sAAAAkMDE5NGJhODMtZmExOC00M2VlLTg5NTktZjNiYmZhYjc0YTA1AAA-eA,event,"criticality:prod, env:dev, integration:azure, integration:azure_app_services, monitor, name:as-trms-ui-prd-sea, service:_trms, source:alert, team:fin",2025-01-31 11:41:16,[Triggered] [TRMS FIN UI PROD Azure App Service] Response Time Monitor - FIN,error
AwAAAZS6crggC_W2hgAAABhBWlM2Y3J1Y0FBQS1iMWxWN3RVUnFrS2YAAAAkMDE5NGJhODMtZmExOC00M2VlLTg5NTktZjNiYmZhYjc0YTA1AAA-dw,event,"criticality:prod, env:dev, env:prod, integration:azure, integration:azure_app_services, monitor, name:as-trms-ui-prd-sea, service:_trms, source:alert, team:, team:fin",2025-01-31 11:41:08,[Triggered] [TRMS PROD UI Azure App Service] Response Time Monitor - FIN,error
AwAAAZS6cQKglyqX-AAAABhBWlM2Y1FUYUFBQUZmNWI0cUI0T2s4dlIAAAAkMDE5NGJhODMtZmExOC00M2VlLTg5NTktZjNiYmZhYjc0YTA1AAA-cw,event,"criticality:prod, env:dev, integration:azure, integration:azure_app_services, monitor, name:as-trms-ui-prd-sea, service:_trms, source:alert, team:fin",2025-01-31 11:39:16,[Warn] [TRMS FIN UI PROD Azure App Service] Response Time Monitor - FIN,warning
AwAAAZS6cONg3Uv1dgAAABhBWlM2Y09XNkFBQmJqeDRjWktoSlRGQzUAAAAkMDE5NGJhODMtZmExOC00M2VlLTg5NTktZjNiYmZhYjc0YTA1AAA-cg,event,"criticality:prod, env:dev, env:prod, integration:azure, integration:azure_app_services, monitor, name:as-trms-ui-prd-sea, service:_trms, source:alert, team:, team:fin",2025-01-31 11:39:08,[Warn] [TRMS PROD UI Azure App Service] Response Time Monitor - FIN,warning
AwAAAZS6WS0Qev-t3gAAABhBWlM2V1RIRUFBQ3FrcXJDa29SRXhkTVAAAAAkMDE5NGJhODMtZmExOC00M2VlLTg5NTktZjNiYmZhYjc0YTA1AAA-Ng,event,"criticality:prod, env:dev, integration:azure, integration:azure_app_services, monitor, name:as-trms-ui-prd-sea, service:_trms, source:alert, team:fin",2025-01-31 11:13:14,[Recovered] [TRMS FIN UI PROD Azure App Service] Response Time Monitor - FIN,success
AwAAAZS6WRWgq418NAAAABhBWlM2V1JwYUFBQkI5LUlNOWNaY0FGbnEAAAAkMDE5NGJhODMtZmExOC00M2VlLTg5NTktZjNiYmZhYjc0YTA1AAA-NQ,event,"criticality:prod, env:dev, env:prod, integration:azure, integration:azure_app_services, monitor, name:as-trms-ui-prd-sea, service:_trms, source:alert, team:, team:fin",2025-01-31 11:13:08,[Recovered] [TRMS PROD UI Azure App Service] Response Time Monitor - FIN,success
AwAAAZS6WEKwxOWE2gAAABhBWlM2V0VWb0FBQmpMelZCQlR2VGV5NG8AAAAkMDE5NGJhODMtZmExOC00M2VlLTg5NTktZjNiYmZhYjc0YTA1AAA-NA,event,"criticality:prod, env:dev, integration:azure, integration:azure_app_services, monitor, name:as-trms-ui-prd-sea, service:_trms, source:alert, team:fin",2025-01-31 11:12:14,[Warn] [TRMS FIN UI PROD Azure App Service] Response Time Monitor - FIN,warning
AwAAAZS6WCtAEAUaKgAAABhBWlM2V0M3aEFBQXVicFg4TzdjN043RFUAAAAkMDE5NGJhODMtZmExOC00M2VlLTg5NTktZjNiYmZhYjc0YTA1AAA-MQ,event,"criticality:prod, env:dev, env:prod, integration:azure, integration:azure_app_services, monitor, name:as-trms-ui-prd-sea, service:_trms, source:alert, team:, team:fin",2025-01-31 11:12:08,[Warn] [TRMS PROD UI Azure App Service] Response Time Monitor - FIN,warning
AwAAAZS6UAVQ5Q-6egAAABhBWlM2VUFtc0FBQml1ejN1RHlCMUtGRHgAAAAkMDE5NGJhODMtZmExOC00M2VlLTg5NTktZjNiYmZhYjc0YTA1AAA-Dw,event,"criticality:prod, env:dev, integration:azure, integration:azure_app_services, monitor, name:as-trms-ui-prd-sea, service:_trms, source:alert, team:fin",2025-01-31 11:03:14,[Triggered] [TRMS FIN UI PROD Azure App Service] Response Time Monitor - FIN,error
AwAAAZS6T-3gHQkqHAAAABhBWlM2VF9CbkFBRHhPWHFOMWNvRTJLZUsAAAAkMDE5NGJhODMtZmExOC00M2VlLTg5NTktZjNiYmZhYjc0YTA1AAA-DQ,event,"criticality:prod, env:dev, env:prod, integration:azure, integration:azure_app_services, monitor, name:as-trms-ui-prd-sea, service:_trms, source:alert, team:, team:fin",2025-01-31 11:03:08,[Triggered] [TRMS PROD UI Azure App Service] Response Time Monitor - FIN,error
AwAAAZS6TxrwzICTXwAAABhBWlM2VHg1WUFBQkRyUVF0LS0xNXFXbl8AAAAkMDE5NGJhODMtZmExOC00M2VlLTg5NTktZjNiYmZhYjc0YTA1AAA-Bg,event,"criticality:prod, env:dev, integration:azure, integration:azure_app_services, monitor, name:as-trms-ui-prd-sea, service:_trms, source:alert, team:fin",2025-01-31 11:02:14,[Warn] [TRMS FIN UI PROD Azure App Service] Response Time Monitor - FIN,warning
AwAAAZS6TwdowxFEBwAAABhBWlM2VHdtdEFBRHhHQkhvQTRuTkdxYnQAAAAkMDE5NGJhODMtZmExOC00M2VlLTg5NTktZjNiYmZhYjc0YTA1AAA-BA,event,"criticality:prod, env:dev, env:prod, integration:azure, integration:azure_app_services, monitor, name:as-trms-ui-prd-sea, service:_trms, source:alert, team:, team:fin",2025-01-31 11:02:09,[Warn] [TRMS PROD UI Azure App Service] Response Time Monitor - FIN,warning
AwAAAZS6MOSQOtYl6QAAABhBWlM2TU9rMEFBQUIzeFZ2QXNWeU1KSDUAAAAkMDE5NGJhODMtZmExOC00M2VlLTg5NTktZjNiYmZhYjc0YTA1AAA9Cw,event,"criticality:prod, env:dev, integration:azure, integration:azure_app_services, monitor, name:as-trms-ui-prd-sea, service:_trms, source:alert, team:fin",2025-01-31 10:29:14,[Recovered] [TRMS FIN UI PROD Azure App Service] Response Time Monitor - FIN,success
AwAAAZS6MM0gcTGyXgAAABhBWlM2TU5GYUFBRHJ3b2lZUEhwdW8tMUYAAAAkMDE5NGJhODMtZmExOC00M2VlLTg5NTktZjNiYmZhYjc0YTA1AAA9CQ,event,"criticality:prod, env:dev, env:prod, integration:azure, integration:azure_app_services, monitor, name:as-trms-ui-prd-sea, service:_trms, source:alert, team:, team:fin",2025-01-31 10:29:08,[Recovered] [TRMS PROD UI Azure App Service] Response Time Monitor - FIN,success
AwAAAZS6JBc4Iag_ewAAABhBWlM2SkJpckFBREdFaHk1eHppcEo3OFIAAAAkMDE5NGJhODMtZmExOC00M2VlLTg5NTktZjNiYmZhYjc0YTA1AAA80Q,event,"criticality:prod, env:dev, integration:azure, integration:azure_app_services, monitor, name:as-trms-ui-prd-sea, service:_trms, source:alert, team:fin",2025-01-31 10:15:15,[Triggered] [TRMS FIN UI PROD Azure App Service] Response Time Monitor - FIN,error
AwAAAZS6I_vgj9iE2gAAABhBWlM2SV8tMEFBREs5My1XZi1kV2lCWkQAAAAkMDE5NGJhODMtZmExOC00M2VlLTg5NTktZjNiYmZhYjc0YTA1AAA80A,event,"criticality:prod, env:dev, env:prod, integration:azure, integration:azure_app_services, monitor, name:as-trms-ui-prd-sea, service:_trms, source:alert, team:, team:fin",2025-01-31 10:15:08,[Triggered] [TRMS PROD UI Azure App Service] Response Time Monitor - FIN,error
AwAAAZS6GgUYHG86gwAAABhBWlM2R2o0Z0FBQ3BFX2pfTlBLeGppa3UAAAAkMDE5NGJhODMtZmExOC00M2VlLTg5NTktZjNiYmZhYjc0YTA1AAA8eg,event,"criticality:prod, env:dev, integration:azure, integration:azure_app_services, monitor, name:as-trms-ui-prd-sea, service:_trms, source:alert, team:fin",2025-01-31 10:04:15,[Recovered] [TRMS FIN UI PROD Azure App Service] Response Time Monitor - FIN,success
AwAAAZS6Ge2on3CyXgAAABhBWlM2R2pOSEFBQWxNWDktczJ1OUlrMm4AAAAkMDE5NGJhODMtZmExOC00M2VlLTg5NTktZjNiYmZhYjc0YTA1AAA8eQ,event,"criticality:prod, env:dev, env:prod, integration:azure, integration:azure_app_services, monitor, name:as-trms-ui-prd-sea, service:_trms, source:alert, team:, team:fin",2025-01-31 10:04:09,[Recovered] [TRMS PROD UI Azure App Service] Response Time Monitor - FIN,success
AwAAAZS6GDRA9646gwAAABhBWlM2R0RiZ0FBQi1LZ0h3SWhjb2tudnMAAAAkMDE5NGJhODMtZmExOC00M2VlLTg5NTktZjNiYmZhYjc0YTA1AAA8dA,event,"criticality:prod, env:dev, integration:azure, integration:azure_app_services, monitor, name:as-trms-ui-prd-sea, service:_trms, source:alert, team:fin",2025-01-31 10:02:16,[Warn] [TRMS FIN UI PROD Azure App Service] Response Time Monitor - FIN,warning
AwAAAZS6GBUApVPG0AAAABhBWlM2R0JsOUFBQWpOS3NGcWs0SnRnWkEAAAAkMDE5NGJhODMtZmExOC00M2VlLTg5NTktZjNiYmZhYjc0YTA1AAA8cw,event,"criticality:prod, env:dev, env:prod, integration:azure, integration:azure_app_services, monitor, name:as-trms-ui-prd-sea, service:_trms, source:alert, team:, team:fin",2025-01-31 10:02:08,[Warn] [TRMS PROD UI Azure App Service] Response Time Monitor - FIN,warning
AwAAAZS6C1sw-YU3KQAAABhBWlM2QzEtc0FBQnZSTnlvSEVTNDFQTmQAAAAkMDE5NGJhODMtZmExOC00M2VlLTg5NTktZjNiYmZhYjc0YTA1AAA8XQ,event,"criticality:prod, env:dev, integration:azure, integration:azure_app_services, monitor, name:as-trms-ui-prd-sea, service:_trms, source:alert, team:fin",2025-01-31 09:48:14,[Recovered] [TRMS FIN UI PROD Azure App Service] Response Time Monitor - FIN,success
AwAAAZS6C0PATHKt3gAAABhBWlM2QzBhTEFBQ3I5WjFaMWxoNXlIc2IAAAAkMDE5NGJhODMtZmExOC00M2VlLTg5NTktZjNiYmZhYjc0YTA1AAA8XA,event,"criticality:prod, env:dev, env:prod, integration:azure, integration:azure_app_services, monitor, name:as-trms-ui-prd-sea, service:_trms, source:alert, team:, team:fin",2025-01-31 09:48:08,[Recovered] [TRMS PROD UI Azure App Service] Response Time Monitor - FIN,success
AwAAAZS6CnS49Pl3wQAAABhBWlM2Q25XNEFBRGZFbFJsTUk2WGItWUwAAAAkMDE5NGJhODMtZmExOC00M2VlLTg5NTktZjNiYmZhYjc0YTA1AAA8Wg,event,"criticality:prod, env:dev, integration:azure, integration:azure_app_services, monitor, name:as-trms-ui-prd-sea, service:_trms, source:alert, team:fin",2025-01-31 09:47:15,[Warn] [TRMS FIN UI PROD Azure App Service] Response Time Monitor - FIN,warning
AwAAAZS6Cl1IYu9XWwAAABhBWlM2Q2xfWkFBQUZvU0s5WWhIQW1rUUkAAAAkMDE5NGJhODMtZmExOC00M2VlLTg5NTktZjNiYmZhYjc0YTA1AAA8WQ,event,"criticality:prod, env:dev, env:prod, integration:azure, integration:azure_app_services, monitor, name:as-trms-ui-prd-sea, service:_trms, source:alert, team:, team:fin",2025-01-31 09:47:09,[Warn] [TRMS PROD UI Azure App Service] Response Time Monitor - FIN,warning
AwAAAZS5_3RQZEsl6QAAABhBWlM1XzNkM0FBQWhYTDh2X3Z5alE1bmIAAAAkMDE5NGJhODMtZmExOC00M2VlLTg5NTktZjNiYmZhYjc0YTA1AAA8Rw,event,"criticality:prod, env:dev, integration:azure, integration:azure_app_services, monitor, name:as-trms-ui-prd-sea, service:_trms, source:alert, team:fin",2025-01-31 09:35:14,[Triggered] [TRMS FIN UI PROD Azure App Service] Response Time Monitor - FIN,error
AwAAAZS5_2DIYcEl6QAAABhBWlM1XzJFMUFBQ2JVNE9yY1BndVNvaDkAAAAkMDE5NGJhODMtZmExOC00M2VlLTg5NTktZjNiYmZhYjc0YTA1AAA8Rg,event,"criticality:prod, env:dev, env:prod, integration:azure, integration:azure_app_services, monitor, name:as-trms-ui-prd-sea, service:_trms, source:alert, team:, team:fin",2025-01-31 09:35:09,[Triggered] [TRMS PROD UI Azure App Service] Response Time Monitor - FIN,error
AwAAAZS5_pWoaW4yKAAAABhBWlM1X3BjbEFBQnZqMjV3YTBaaV9PQjgAAAAkMDE5NGJhODMtZmExOC00M2VlLTg5NTktZjNiYmZhYjc0YTA1AAA8RQ,event,"criticality:prod, env:dev, integration:azure, integration:azure_app_services, monitor, name:as-trms-ui-prd-sea, service:_trms, source:alert, team:fin",2025-01-31 09:34:17,[Warn] [TRMS FIN UI PROD Azure App Service] Response Time Monitor - FIN,warning
AwAAAZS5_npQylT1dgAAABhBWlM1X250RkFBQVpHXzJQQm04eG9wdjMAAAAkMDE5NGJhODMtZmExOC00M2VlLTg5NTktZjNiYmZhYjc0YTA1AAA8RA,event,"criticality:prod, env:dev, env:prod, integration:azure, integration:azure_app_services, monitor, name:as-trms-ui-prd-sea, service:_trms, source:alert, team:, team:fin",2025-01-31 09:34:10,[Warn] [TRMS PROD UI Azure App Service] Response Time Monitor - FIN,warning
AwAAAZS5_gE4_rRnIAAAABhBWlM1X2c0YUFBRDZ6N0d3UlVxb1VOeXMAAAAkMDE5NGJhODMtZmExOC00M2VlLTg5NTktZjNiYmZhYjc0YTA1AAAD7w,event,"application.id:9d610c30-9341-4037-97b2-88631f3f0bf9, application_id:9d610c30-9341-4037-97b2-88631f3f0bf9, browser.name:edge, browser.version:132.0.0.0, browser.version_major:132, browser:edge, country_name:philippines, data_source:rum, device.brand:, device.model:, device.type:desktop, device_category:desktop, env:uat, error.handling:unhandled, error.is_crash:false, error.source:report, error_source:report, geo.continent:asia, geo.country:philippines, geo.country_iso_code:ph, issue_id:6aabdbc582de89e57564395359d27eb3, os.name:windows, os.version:10, os.version_major:10, os_family:windows, path:/home, pathgroup:/home, service:trms, session.id:ebf64854-3889-4208-aecc-2f8ae062b500, source:browser, source:error_tracking, usr.email:undefined, usr.id:undefined, usr.name:undefined, view.id:354232af-fed0-43fe-892b-2e149564c7d9, view.name:/home, view.url_path:/home, view.url_path_group:/home, view_id:354232af-fed0-43fe-892b-2e149564c7d9, view_name:/home",2025-01-31 09:33:39,[Error Tracking][RUM] New JAVASCRIPT issue detected: csp_violation: 'https://res.cdn.avepointonlineservices.com/apaui/fonts/opensans/v28/opensans.css' blocked by 'style-src-elem' directive,info
AwAAAZS57Si4qpIK5gAAABhBWlM1N1N0TUFBQm1RbVZwdWxyYXptd2QAAAAkMDE5NGJhODMtZmExOC00M2VlLTg5NTktZjNiYmZhYjc0YTA1AAA76Q,event,"criticality:prod, env:dev, integration:azure, integration:azure_app_services, monitor, name:as-trms-ui-prd-sea, service:_trms, source:alert, team:fin",2025-01-31 09:15:15,[Recovered] [TRMS FIN UI PROD Azure App Service] Response Time Monitor - FIN,success
AwAAAZS57Q1gO852CwAAABhBWlM1N1JBOEFBRG5sR2NPR0swbTU3a04AAAAkMDE5NGJhODMtZmExOC00M2VlLTg5NTktZjNiYmZhYjc0YTA1AAA76A,event,"criticality:prod, env:dev, env:prod, integration:azure, integration:azure_app_services, monitor, name:as-trms-ui-prd-sea, service:_trms, source:alert, team:, team:fin",2025-01-31 09:15:08,[Recovered] [TRMS PROD UI Azure App Service] Response Time Monitor - FIN,success
AwAAAZS55OtYSaf0EQAAABhBWlM1NU94NkFBQ3c4VDRFZ1Y5NE9ZTEoAAAAkMDE5NGJhODMtZmExOC00M2VlLTg5NTktZjNiYmZhYjc0YTA1AAA7qA,event,"criticality:prod, env:dev, integration:azure, integration:azure_app_services, monitor, name:as-trms-ui-prd-sea, service:_trms, source:alert, team:fin",2025-01-31 09:06:15,[Warn] [TRMS FIN UI PROD Azure App Service] Response Time Monitor - FIN,warning
AwAAAZS55NPo6eF_UwAAABhBWlM1NU5YUkFBQ25hSEJjMjRvZ0V2WHMAAAAkMDE5NGJhODMtZmExOC00M2VlLTg5NTktZjNiYmZhYjc0YTA1AAA7pQ,event,"criticality:prod, env:dev, env:prod, integration:azure, integration:azure_app_services, monitor, name:as-trms-ui-prd-sea, service:_trms, source:alert, team:, team:fin",2025-01-31 09:06:09,[Warn] [TRMS PROD UI Azure App Service] Response Time Monitor - FIN,warning
AwAAAZS5yXAwbyR2CwAAABhBWlM1eVhTaEFBQm9CUmV1bEZ5X2ZoeWMAAAAkMDE5NGJhODMtZmExOC00M2VlLTg5NTktZjNiYmZhYjc0YTA1AAA7aQ,event,"criticality:prod, env:dev, integration:azure, integration:azure_app_services, monitor, name:as-trms-ui-prd-sea, service:_trms, source:alert, team:fin",2025-01-31 08:36:14,[Recovered] [TRMS FIN UI PROD Azure App Service] Response Time Monitor - FIN,success
AwAAAZS5yVyowyrffwAAABhBWlM1eVY1Y0FBREFzdzh5cVNHZ3JNcUcAAAAkMDE5NGJhODMtZmExOC00M2VlLTg5NTktZjNiYmZhYjc0YTA1AAA7aA,event,"criticality:prod, env:dev, env:prod, integration:azure, integration:azure_app_services, monitor, name:as-trms-ui-prd-sea, service:_trms, source:alert, team:, team:fin",2025-01-31 08:36:09,[Recovered] [TRMS PROD UI Azure App Service] Response Time Monitor - FIN,success
AwAAAZS5wExYKUuVZwAAABhBWlM1d0UyOEFBQ2FHeEhJRUlDQ3dkdTkAAAAkMDE5NGJhODMtZmExOC00M2VlLTg5NTktZjNiYmZhYjc0YTA1AAA7Rg,event,"criticality:prod, env:dev, integration:azure, integration:azure_app_services, monitor, name:as-trms-ui-prd-sea, service:_trms, source:alert, team:fin",2025-01-31 08:26:15,[Triggered] [TRMS FIN UI PROD Azure App Service] Response Time Monitor - FIN,error
AwAAAZS5wDToiS5zdAAAABhBWlM1d0RaYkFBQ1owZDZ4Qmpndnpua0kAAAAkMDE5NGJhODMtZmExOC00M2VlLTg5NTktZjNiYmZhYjc0YTA1AAA7RQ,event,"criticality:prod, env:dev, env:prod, integration:azure, integration:azure_app_services, monitor, name:as-trms-ui-prd-sea, service:_trms, source:alert, team:, team:fin",2025-01-31 08:26:09,[Triggered] [TRMS PROD UI Azure App Service] Response Time Monitor - FIN,error
AwAAAZS5v2H46VOMfwAAABhBWlM1djJYU0FBQlNydUlPVkFzMGlwanYAAAAkMDE5NGJhODMtZmExOC00M2VlLTg5NTktZjNiYmZhYjc0YTA1AAA7Qw,event,"criticality:prod, env:dev, integration:azure, integration:azure_app_services, monitor, name:as-trms-ui-prd-sea, service:_trms, source:alert, team:fin",2025-01-31 08:25:15,[Warn] [TRMS FIN UI PROD Azure App Service] Response Time Monitor - FIN,warning
AwAAAZS5v0agDPcxqwAAABhBWlM1djBqNUFBQ3U1em1KX25ZcFlVZ1oAAAAkMDE5NGJhODMtZmExOC00M2VlLTg5NTktZjNiYmZhYjc0YTA1AAA7Qg,event,"criticality:prod, env:dev, env:prod, integration:azure, integration:azure_app_services, monitor, name:as-trms-ui-prd-sea, service:_trms, source:alert, team:, team:fin",2025-01-31 08:25:08,[Warn] [TRMS PROD UI Azure App Service] Response Time Monitor - FIN,warning
AwAAAZS5daMQHbWA7QAAABhBWlM1ZGFUb0FBQm01REl4dV9IVGpUbWkAAAAkMDE5NGI5YTgtNDAxOC00YTU3LTg0Y2ItODBmYTMwNmEzOTgyAAA0Ig,event,"criticality:prod, dd_agent_key:adb, dd_agent_pythonv:3.12.6, dd_agent_version:7.59.0, domain_name:adb.local, env:prod, host:wpwvd-trms-1.adb.local, ip_subnet2:10.112, ip_subnet3:10.112.126, ip_subnet:10, monitor, os_version:windows_server_2019_datacenter, os_version_release:windows_server_2019_datacenter, os_version_windows:10.0_build_17763, platform:windows, region:azure, risk:financial, role:avd, service:trms, source:alert, system:trms, team:cyber_agents, team:windows",2025-01-31 07:04:42,[Recovered on {host:wpwvd-trms-1.adb.local}] Nessus Agent in Windows Server wpwvd-trms-1.adb.local Stopped Running - Cyber,success
AwAAAZS5dZNwYfUv3QAAABhBWlM1ZFpkQ0FBQkFRcG1xQjdmcTdFUy0AAAAkMDE5NGI5YTgtNDAxOC00YTU3LTg0Y2ItODBmYTMwNmEzOTgyAAA5Wg,event,"criticality:prod, dd_agent_key:adb, dd_agent_pythonv:3.12.6, dd_agent_version:7.59.0, domain_name:adb.local, env:prod, host:wpwvd-trms-1.adb.local, ip_subnet2:10.112, ip_subnet3:10.112.126, ip_subnet:10, monitor, os_version:windows_server_2019_datacenter, os_version_release:windows_server_2019_datacenter, os_version_windows:10.0_build_17763, platform:windows, region:azure, risk:financial, role:avd, service:trms, source:alert, system:trms, team:risk, team:windows",2025-01-31 07:04:38,[P1] [Recovered] Host Uptime Monitor:TRMS - FIN,success
AwAAAZS5dP8AqtGX-AAAABhBWlM1ZFFHc0FBQXAxOUwyUng5c1hHQi0AAAAkMDE5NGI5YTgtNDAxOC00YTU3LTg0Y2ItODBmYTMwNmEzOTgyAAA5WQ,event,"criticality:prod, dd_agent_key:adb, dd_agent_pythonv:3.12.6, dd_agent_version:7.59.0, domain_name:adb.local, env:prod, host:wpwvd-trms-1.adb.local, ip_subnet2:10.112, ip_subnet3:10.112.126, ip_subnet:10, monitor, os_version:windows_server_2019_datacenter, os_version_release:windows_server_2019_datacenter, os_version_windows:10.0_build_17763, platform:windows, region:azure, risk:financial, role:avd, service:trms, source:alert, system:trms, team:risk, team:windows",2025-01-31 07:04:00,[Recovered on {host:wpwvd-trms-1.adb.local}] TRMS Hosts Data Dog Agent Check - FIN,success
AwAAAZS5dNAgTuxaqQAAABhBWlM1ZFBOSUFBRG4yUU1IRVY3WTlUMzUAAAAkMDE5NGI5YTgtNDAxOC00YTU3LTg0Y2ItODBmYTMwNmEzOTgyAAAAJQ,event,"criticality:prod, dd_agent_key:adb, dd_agent_pythonv:3.12.6, dd_agent_version:7.59.0, domain_name:adb.local, env:prod, ip_subnet2:10.112, ip_subnet3:10.112.126, ip_subnet:10, os_version:windows_server_2019_datacenter, os_version_release:windows_server_2019_datacenter, os_version_windows:10.0_build_17763, platform:windows, region:azure, risk:financial, role:avd, service:trms, source:datadog, system:trms, team:windows",2025-01-31 07:03:48,Datadog agent (v. 7.59.0) started on wpwvd-trms-1.adb.local,info
AwAAAZS5X0CYq_r-TQAAABhBWlM1WDBKRkFBQWttWWkzYm9KMFEtNmYAAAAkMDE5NGI5YTgtNDAxOC00YTU3LTg0Y2ItODBmYTMwNmEzOTgyAAA5yw,event,"check_status:live, check_type:api-dns, ci_execution_rule:blocking, criticality:prod, env:prod, monitor, probe_dc:pl:hq-prod-1-3513f5b522a833600df2309408c22ed3, service:dns, source:alert, team:network",2025-01-31 06:40:15,[Recovered] trms-ui-dev.adb.org DNS resolution via DNS1 - Network,success
AwAAAZS5WqjQB0EI-AAAABhBWlM1V3ExREFBQXpFYl9Za01uc0htV28AAAAkMDE5NGI5YTgtNDAxOC00YTU3LTg0Y2ItODBmYTMwNmEzOTgyAAA5xw,event,"check_status:live, check_type:api-dns, ci_execution_rule:blocking, criticality:prod, env:prod, monitor, probe_dc:pl:hq-prod-1-3513f5b522a833600df2309408c22ed3, service:dns, source:alert, team:network",2025-01-31 06:35:14,[Triggered] trms-ui-dev.adb.org DNS resolution via DNS1 - Network,error
AwAAAZS5QIVoXmFemQAAABhBWlM1UUlpakFBRGMxeUwzU0xIMHNUXzMAAAAkMDE5NGI5YTgtNDAxOC00YTU3LTg0Y2ItODBmYTMwNmEzOTgyAAAz_Q,event,"criticality:prod, dd_agent_key:adb, dd_agent_pythonv:3.12.6, dd_agent_version:7.59.0, domain_name:adb.local, env:prod, host:wpwvd-trms-1.adb.local, ip_subnet2:10.112, ip_subnet3:10.112.126, ip_subnet:10, monitor, os_version:windows_server_2019_datacenter, os_version_release:windows_server_2019_datacenter, os_version_windows:10.0_build_17763, platform:windows, region:azure, risk:financial, role:avd, service:trms, source:alert, system:trms, team:cyber_agents, team:windows",2025-01-31 06:06:41,[Re-Triggered on {host:wpwvd-trms-1.adb.local}] Nessus Agent in Windows Server wpwvd-trms-1.adb.local Stopped Running - Cyber,error
AwAAAZS5CZbowICHYwAAABhBWlM1Q1p0RUFBRHhNMW5TYXpVNmVDdG0AAAAkMDE5NGI5YTgtNDAxOC00YTU3LTg0Y2ItODBmYTMwNmEzOTgyAAAz3w,event,"criticality:prod, dd_agent_key:adb, dd_agent_pythonv:3.12.6, dd_agent_version:7.59.0, domain_name:adb.local, env:prod, host:wpwvd-trms-1.adb.local, ip_subnet2:10.112, ip_subnet3:10.112.126, ip_subnet:10, monitor, os_version:windows_server_2019_datacenter, os_version_release:windows_server_2019_datacenter, os_version_windows:10.0_build_17763, platform:windows, region:azure, risk:financial, role:avd, service:trms, source:alert, system:trms, team:cyber_agents, team:windows",2025-01-31 05:06:41,[Re-Triggered on {host:wpwvd-trms-1.adb.local}] Nessus Agent in Windows Server wpwvd-trms-1.adb.local Stopped Running - Cyber,error
AwAAAZS40qxQKz31dgAAABhBWlM0MHExb0FBRFR4TjN4bWhZbDZGLUsAAAAkMDE5NGI5YTgtNDAxOC00YTU3LTg0Y2ItODBmYTMwNmEzOTgyAAAzvQ,event,"criticality:prod, dd_agent_key:adb, dd_agent_pythonv:3.12.6, dd_agent_version:7.59.0, domain_name:adb.local, env:prod, host:wpwvd-trms-1.adb.local, ip_subnet2:10.112, ip_subnet3:10.112.126, ip_subnet:10, monitor, os_version:windows_server_2019_datacenter, os_version_release:windows_server_2019_datacenter, os_version_windows:10.0_build_17763, platform:windows, region:azure, risk:financial, role:avd, service:trms, source:alert, system:trms, team:cyber_agents, team:windows",2025-01-31 04:06:42,[Re-Triggered on {host:wpwvd-trms-1.adb.local}] Nessus Agent in Windows Server wpwvd-trms-1.adb.local Stopped Running - Cyber,error
AwAAAZS4wKMgjyyMJwAAABhBWlM0d0tYU0FBQXB2cFk3Qk8wODhiN2IAAAAkMDE5NGI4Y2MtNTczOC00MmU0LWEyYTctODBjNWM3MTZkYjc5AAA_7Q,event,"criticality:prod, dd_agent_key:adb, dd_agent_pythonv:3.11.8, dd_agent_version:7.57.1, domain_name:adb.local, env:prod, host:wpormtd2.adb.local, ip_subnet2:10.113, ip_subnet3:10.113.10, ip_subnet:10, mac_address:00_50_56, mac_vendor:vmware, machine:x86_64, monitor, os_cpu_cores:4, os_cpu_vcores:4, os_disk_rootc:80gb, os_memory:8gb, os_version:windows_server_2016_standard, os_version_release:windows_server_2016, os_version_windows:10.0_build_14393, platform:windows, region:azure, role:appserver, service:fxrates, service:trms, source:alert, system:fxrates, system:trms, team:risk, team:windows, winserv:bitviseserver",2025-01-31 03:47:00,[Recovered on {host:WPORMTD2.adb.local}] TRMS Hosts Data Dog Agent Check - FIN,success
AwAAAZS4v8R4vJ0qHAAAABhBWlM0djhWVUFBQU9QV2F5a3IxdnQzZWcAAAAkMDE5NGI4Y2MtNTczOC00MmU0LWEyYTctODBjNWM3MTZkYjc5AAA_6w,event,"criticality:prod, dd_agent_key:adb, dd_agent_pythonv:3.11.8, dd_agent_version:7.57.1, domain_name:adb.local, env:prod, host:wpormtd2.adb.local, ip_subnet2:10.113, ip_subnet3:10.113.10, ip_subnet:10, mac_address:00_50_56, mac_vendor:vmware, machine:x86_64, monitor, os_cpu_cores:4, os_cpu_vcores:4, os_disk_rootc:80gb, os_memory:8gb, os_version:windows_server_2016_standard, os_version_release:windows_server_2016, os_version_windows:10.0_build_14393, platform:windows, region:azure, role:appserver, service:fxrates, service:trms, source:alert, system:fxrates, system:trms, team:risk, team:windows, winserv:bitviseserver",2025-01-31 03:46:03,[Triggered on {host:WPORMTD2.adb.local}] TRMS Hosts Data Dog Agent Check - FIN,error
AwAAAZS4m7no2yocVQAAABhBWlM0bTc1dUFBQUNvemtKdUhUOUNZY28AAAAkMDE5NGI4Y2MtNTczOC00MmU0LWEyYTctODBjNWM3MTZkYjc5AAA7Rw,event,"criticality:prod, dd_agent_key:adb, dd_agent_pythonv:3.12.6, dd_agent_version:7.59.0, domain_name:adb.local, env:prod, host:wpwvd-trms-1.adb.local, ip_subnet2:10.112, ip_subnet3:10.112.126, ip_subnet:10, monitor, os_version:windows_server_2019_datacenter, os_version_release:windows_server_2019_datacenter, os_version_windows:10.0_build_17763, platform:windows, region:azure, risk:financial, role:avd, service:trms, source:alert, system:trms, team:cyber_agents, team:windows",2025-01-31 03:06:41,[Re-Triggered on {host:wpwvd-trms-1.adb.local}] Nessus Agent in Windows Server wpwvd-trms-1.adb.local Stopped Running - Cyber,error
AwAAAZS4ZMtoh9flXAAAABhBWlM0Wk04SEFBQXNmRkFUd1F1bEx6N0EAAAAkMDE5NGI4Y2MtNTczOC00MmU0LWEyYTctODBjNWM3MTZkYjc5AAA7Kw,event,"criticality:prod, dd_agent_key:adb, dd_agent_pythonv:3.12.6, dd_agent_version:7.59.0, domain_name:adb.local, env:prod, host:wpwvd-trms-1.adb.local, ip_subnet2:10.112, ip_subnet3:10.112.126, ip_subnet:10, monitor, os_version:windows_server_2019_datacenter, os_version_release:windows_server_2019_datacenter, os_version_windows:10.0_build_17763, platform:windows, region:azure, risk:financial, role:avd, service:trms, source:alert, system:trms, team:cyber_agents, team:windows",2025-01-31 02:06:41,[Re-Triggered on {host:wpwvd-trms-1.adb.local}] Nessus Agent in Windows Server wpwvd-trms-1.adb.local Stopped Running - Cyber,error
AwAAAZS4LdzoGAqglgAAABhBWlM0TGVCekFBRHNGMFRUVTJVbVdodjMAAAAkMDE5NGI4Y2MtNTczOC00MmU0LWEyYTctODBjNWM3MTZkYjc5AAA7EQ,event,"criticality:prod, dd_agent_key:adb, dd_agent_pythonv:3.12.6, dd_agent_version:7.59.0, domain_name:adb.local, env:prod, host:wpwvd-trms-1.adb.local, ip_subnet2:10.112, ip_subnet3:10.112.126, ip_subnet:10, monitor, os_version:windows_server_2019_datacenter, os_version_release:windows_server_2019_datacenter, os_version_windows:10.0_build_17763, platform:windows, region:azure, risk:financial, role:avd, service:trms, source:alert, system:trms, team:cyber_agents, team:windows",2025-01-31 01:06:41,[Triggered on {host:wpwvd-trms-1.adb.local}] Nessus Agent in Windows Server wpwvd-trms-1.adb.local Stopped Running - Cyber,error
AwAAAZS3980Q3mp0uQAAABhBWlMzOTlHTEFBQzZyanFaM2VPMV9mU3IAAAAkMDE5NGI4Y2MtNTczOC00MmU0LWEyYTctODBjNWM3MTZkYjc5AAA_0w,event,"criticality:prod, dd_agent_key:adb, dd_agent_pythonv:3.12.6, dd_agent_version:7.59.0, domain_name:adb.local, env:prod, host:wpwvd-trms-1.adb.local, ip_subnet2:10.112, ip_subnet3:10.112.126, ip_subnet:10, monitor, os_version:windows_server_2019_datacenter, os_version_release:windows_server_2019_datacenter, os_version_windows:10.0_build_17763, platform:windows, region:azure, risk:financial, role:avd, service:trms, source:alert, system:trms, team:risk, team:windows",2025-01-31 00:07:38,[P1] [Triggered] Host Uptime Monitor:TRMS - FIN,error
AwAAAZS39zigZXhbUwAAABhBWlMzOXp1aUFBQUxIY29KZ0JpVGxLOXoAAAAkMDE5NGI4Y2MtNTczOC00MmU0LWEyYTctODBjNWM3MTZkYjc5AAA_0g,event,"criticality:prod, dd_agent_key:adb, dd_agent_pythonv:3.12.6, dd_agent_version:7.59.0, domain_name:adb.local, env:prod, host:wpwvd-trms-1.adb.local, ip_subnet2:10.112, ip_subnet3:10.112.126, ip_subnet:10, monitor, os_version:windows_server_2019_datacenter, os_version_release:windows_server_2019_datacenter, os_version_windows:10.0_build_17763, platform:windows, region:azure, risk:financial, role:avd, service:trms, source:alert, system:trms, team:risk, team:windows",2025-01-31 00:07:00,[Triggered on {host:wpwvd-trms-1.adb.local}] TRMS Hosts Data Dog Agent Check - FIN,error
AwAAAZS36iEQfU5GewAAABhBWlMzNmlUR0FBRFVFMDBxRGhLX00tWWgAAAAkMDE5NGI3ZjAtYjRhOC00ZmE3LWFmMGEtODBkZmExNzhjYzE4AAA71g,event,"availability-zone:hq, criticality:non-prod, db:oracle, dd_agent_key:adb, dd_agent_pythonv:3.12.6, dd_agent_version:7.60.1, device:/mnt/trms, domain_name:adb.org, env:dev, env:prod, env:test, host:ltazdb1.adb.org, ip_subnet2:10.114, ip_subnet3:10.114.12, ip_subnet:10, monitor, os_version:redhat_8.10, os_version_release:redhat_8, os_version_windows:none, platform:linux, role:database, service:gfis-app, service:non_erp, service:tacp, service:unix, source:alert, system:tacp, team:dba, team:unix",2025-01-30 23:52:42,[Recovered on {host:ltazdb1.adb.org}] NFS Mount Check for /mnt/trms - Unix,success
AwAAAZS36beYFQa6egAAABhBWlMzNmJxLUFBRHN2TklWanZfSW1qM0IAAAAkMDE5NGI3ZjAtYjRhOC00ZmE3LWFmMGEtODBkZmExNzhjYzE4AAA71A,event,"availability-zone:hq, criticality:non-prod, criticality:prod, db:oracle, dd_agent_key:adb, dd_agent_pythonv:3.12.6, dd_agent_version:7.60.1, device:/mnt/trms, domain_name:adb.org, env:dev, env:prod, env:test, host:ltazdb1.adb.org, ip_subnet2:10.114, ip_subnet3:10.114.12, ip_subnet:10, monitor, os_version:redhat_8.10, os_version_release:redhat_8, os_version_windows:none, platform:linux, role:database, service:_trms, service:gfis-app, service:non_erp, service:tacp, source:alert, system:tacp, team:, team:dba",2025-01-30 23:52:15,[Recovered on {host:ltazdb1.adb.org}] TRMS Disk Usage of /mnt/trms - RISK - FIN,success
AwAAAZS36ExQwguC2gAAABhBWlMzNkU3OEFBRDRMRkdSQ2Z1eDZIS0oAAAAkMDE5NGI3ZjAtYjRhOC00ZmE3LWFmMGEtODBkZmExNzhjYzE4AAA70Q,event,"availability-zone:hq, criticality:non-prod, db:oracle, dd_agent_key:adb, dd_agent_pythonv:3.12.6, dd_agent_version:7.60.1, device:/mnt/trms, domain_name:adb.org, env:dev, env:prod, env:test, host:ltazdb1.adb.org, ip_subnet2:10.114, ip_subnet3:10.114.12, ip_subnet:10, monitor, os_version:redhat_8.10, os_version_release:redhat_8, os_version_windows:none, platform:linux, role:database, service:gfis-app, service:non_erp, service:tacp, service:unix, source:alert, system:tacp, team:dba, team:unix",2025-01-30 23:50:42,[No data on {host:ltazdb1.adb.org}] NFS Mount Check for /mnt/trms - Unix,error
AwAAAZS35-bAG6sczwAAABhBWlMzNS1mTEFBQXhDeEItSkQ5elZodlQAAAAkMDE5NGI3ZjAtYjRhOC00ZmE3LWFmMGEtODBkZmExNzhjYzE4AAA7zw,event,"availability-zone:hq, criticality:non-prod, criticality:prod, db:oracle, dd_agent_key:adb, dd_agent_pythonv:3.12.6, dd_agent_version:7.60.1, device:/mnt/trms, domain_name:adb.org, env:dev, env:prod, env:test, host:ltazdb1.adb.org, ip_subnet2:10.114, ip_subnet3:10.114.12, ip_subnet:10, monitor, os_version:redhat_8.10, os_version_release:redhat_8, os_version_windows:none, platform:linux, role:database, service:_trms, service:gfis-app, service:non_erp, service:tacp, source:alert, system:tacp, team:, team:dba",2025-01-30 23:50:16,[No data on {host:ltazdb1.adb.org}] TRMS Disk Usage of /mnt/trms - RISK - FIN,error
AwAAAZS3Pn-Q6oQMnQAAABhBWlMzUG9RQkFBQmdreE5fYjdZQ2xIRGEAAAAkMDE5NGI3ZjAtYjRhOC00ZmE3LWFmMGEtODBkZmExNzhjYzE4AAA8Mg,event,"check_status:live, check_type:api-dns, ci_execution_rule:blocking, criticality:prod, env:prod, monitor, probe_dc:pl:hq-prod-1-3513f5b522a833600df2309408c22ed3, service:dns, source:alert, team:network",2025-01-30 20:45:14,[Recovered] trms-ui-dev.adb.org DNS resolution via DNS1 - Network,success
AwAAAZS3OmTI4gmTNQAAABhBWlMzT21iaEFBQi1BQl9QaG1FYV94U2oAAAAkMDE5NGI3ZjAtYjRhOC00ZmE3LWFmMGEtODBkZmExNzhjYzE4AAA8LA,event,"check_status:live, check_type:api-dns, ci_execution_rule:blocking, criticality:prod, env:prod, monitor, probe_dc:pl:hq-prod-1-3513f5b522a833600df2309408c22ed3, service:dns, source:alert, team:network",2025-01-30 20:40:45,[Triggered] trms-ui-dev.adb.org DNS resolution via DNS1 - Network,error
AwAAAZS3B5EQJ2obzQAAABhBWlMzQjVUY0FBQ0xCd09Pejh1aTVoQmwAAAAkMDE5NGI3MTQtZjJkOC00NGQzLTk4YjMtMDY3ZTk5YTM0YmI5AABCnw,event,"check_status:live, check_type:api-dns, ci_execution_rule:blocking, criticality:prod, env:prod, monitor, probe_dc:pl:hq-prod-1-3513f5b522a833600df2309408c22ed3, service:dns, source:alert, team:network",2025-01-30 19:45:14,[Recovered] trms-ui-dev.adb.org DNS resolution via DNS1 - Network,success
AwAAAZS3Av0w0ekvAQAAABhBWlMzQXdGOEFBQmt5WXkwbEg3NFc4N2wAAAAkMDE5NGI3MTQtZjJkOC00NGQzLTk4YjMtMDY3ZTk5YTM0YmI5AABCmA,event,"check_status:live, check_type:api-dns, ci_execution_rule:blocking, criticality:prod, env:prod, monitor, probe_dc:pl:hq-prod-1-3513f5b522a833600df2309408c22ed3, service:dns, source:alert, team:network",2025-01-30 19:40:14,[Triggered] trms-ui-dev.adb.org DNS resolution via DNS1 - Network,error
AwAAAZS29udwpQwvAQAAABhBWlMyOXVoM0FBQkI3M20tQjVqZk9EV00AAAAkMDE5NGI3MTQtZjJkOC00NGQzLTk4YjMtMDY3ZTk5YTM0YmI5AABB8w,event,"availability-zone:hq, criticality:non-prod, criticality:prod, db:oracle, dd_agent_key:adb, dd_agent_pythonv:3.12.6, dd_agent_version:7.60.1, domain_name:adb.org, env:dev, env:prod, host:lvddb02.adb.org, ip_subnet2:172.22, ip_subnet3:172.22.130, ip_subnet:172, mac_address:00_21_f6, mac_vendor:oracle, machine:x86_64, monitor, os_cpu_cores:8, os_cpu_vcores:8, os_disk_rootc:12gb, os_memory:188gb, os_version:redhat_8.10, os_version_release:redhat_8, os_version_windows:none, platform:linux, risk:financial, role:database, service:alms, service:asiadatamobile, service:cognos, service:cpd, service:eserve, service:glbpymnt, service:ids, service:ifirst, service:jboss, service:jbrms, service:jira, service:myadb, service:non_erp, service:nso, service:odg, service:ods, service:sdbs, service:ssc, service:tacp, service:taportal, service:tms, service:trms, source:alert, system:cognos, team:dba, team:risk, usage:dev_db",2025-01-30 19:27:02,[Recovered on {host:lvddb02.adb.org}] TRMS Hosts Data Dog Agent Check - FIN,success
AwAAAZS24rtgvJkzFwAAABhBWlMyNHI0VUFBQnVXeFlYOXZzRnpkY2MAAAAkMDE5NGI3MTQtZjJkOC00NGQzLTk4YjMtMDY3ZTk5YTM0YmI5AABB4Q,event,"availability-zone:hq, criticality:non-prod, criticality:prod, db:oracle, dd_agent_key:adb, dd_agent_pythonv:3.12.6, dd_agent_version:7.60.1, domain_name:adb.org, env:dev, env:prod, host:lvddb02.adb.org, ip_subnet2:172.22, ip_subnet3:172.22.130, ip_subnet:172, mac_address:00_21_f6, mac_vendor:oracle, machine:x86_64, monitor, os_cpu_cores:8, os_cpu_vcores:8, os_disk_rootc:12gb, os_memory:188gb, os_version:redhat_8.10, os_version_release:redhat_8, os_version_windows:none, platform:linux, risk:financial, role:database, service:alms, service:asiadatamobile, service:cognos, service:cpd, service:eserve, service:glbpymnt, service:ids, service:ifirst, service:jboss, service:jbrms, service:jira, service:myadb, service:non_erp, service:nso, service:odg, service:ods, service:sdbs, service:ssc, service:tacp, service:taportal, service:tms, service:trms, source:alert, system:cognos, team:dba, team:risk, usage:dev_db",2025-01-30 19:05:00,[Triggered on {host:lvddb02.adb.org}] TRMS Hosts Data Dog Agent Check - FIN,error
AwAAAZS2BzgQnsDJRgAAABhBWlMyQnpxaEFBQmM3QnAzV3dXR2ZYbHgAAAAkMDE5NGI2MzktNTgxOC00ZDcwLWJmZDMtY2VhOTYyNDVlMDRmAABJjA,event,"check_status:live, check_type:api-dns, ci_execution_rule:blocking, criticality:prod, env:prod, monitor, probe_dc:pl:hq-prod-1-3513f5b522a833600df2309408c22ed3, service:dns, source:alert, team:network",2025-01-30 15:05:14,[Recovered] trms-ui-dev.adb.org DNS resolution via DNS1 - Network,success
AwAAAZS1-fWIJ8J4mAAAABhBWlMxLWZlMUFBQTNtWGNrR3hJX2JudjQAAAAkMDE5NGI2MzktNTgxOC00ZDcwLWJmZDMtY2VhOTYyNDVlMDRmAABJdg,event,"check_status:live, check_type:api-dns, ci_execution_rule:blocking, criticality:prod, env:prod, monitor, probe_dc:pl:hq-prod-1-3513f5b522a833600df2309408c22ed3, service:dns, source:alert, team:network",2025-01-30 14:50:45,[Triggered] trms-ui-dev.adb.org DNS resolution via DNS1 - Network,error
AwAAAZS18Mng_DabvgAAABhBWlMxOE0wSUFBQ0ZVZ0FUYy14Uy1KTkwAAAAkMDE5NGI2MzktNTgxOC00ZDcwLWJmZDMtY2VhOTYyNDVlMDRmAABJYg,event,"check_status:live, check_type:api-dns, ci_execution_rule:blocking, criticality:prod, env:prod, monitor, probe_dc:pl:hq-prod-1-3513f5b522a833600df2309408c22ed3, service:dns, source:alert, team:network",2025-01-30 14:40:44,[Recovered] trms-ui-dev.adb.org DNS resolution via DNS1 - Network,success
AwAAAZS18HfYrakoDwAAABhBWlMxOEhqZ0FBQThCaHg3OTZHY3pZQ18AAAAkMDE5NGI2MzktNTgxOC00ZDcwLWJmZDMtY2VhOTYyNDVlMDRmAABJXQ,event,"check_status:live, check_type:api-dns, ci_execution_rule:blocking, criticality:prod, env:prod, monitor, probe_dc:pl:hq-prod-1-3513f5b522a833600df2309408c22ed3, service:dns, source:alert, team:network",2025-01-30 14:40:23,[Recovered] Test on trms-ui-dev.adb.org via WPAD1 - Network,success
AwAAAZS17DYAxuuzxgAAABhBWlMxN0RrN0FBQm0xOTlsNkVpNVZqeGgAAAAkMDE5NGI2MzktNTgxOC00ZDcwLWJmZDMtY2VhOTYyNDVlMDRmAABJVg,event,"check_status:live, check_type:api-dns, ci_execution_rule:blocking, criticality:prod, env:prod, monitor, probe_dc:pl:hq-prod-1-3513f5b522a833600df2309408c22ed3, service:dns, source:alert, team:network",2025-01-30 14:35:44,[Triggered] trms-ui-dev.adb.org DNS resolution via DNS1 - Network,error
AwAAAZS158VIuCbJggAAABhBWlMxNThiVkFBQ3B3d0l6YzhnYVZsVUoAAAAkMDE5NGI2MzktNTgxOC00ZDcwLWJmZDMtY2VhOTYyNDVlMDRmAABJUA,event,"check_status:live, check_type:api-dns, ci_execution_rule:blocking, criticality:prod, env:prod, monitor, probe_dc:pl:hq-prod-1-3513f5b522a833600df2309408c22ed3, service:dns, source:alert, team:network",2025-01-30 14:30:53,[Triggered] Test on trms-ui-dev.adb.org via WPAD1 - Network,error
AwAAAZS15zDYfIV4mAAAABhBWlMxNXpJU0FBQm9oczdwLXVMSC1oazgAAAAkMDE5NGI2MzktNTgxOC00ZDcwLWJmZDMtY2VhOTYyNDVlMDRmAABJSw,event,"check_status:live, check_type:api-dns, ci_execution_rule:blocking, criticality:prod, env:prod, monitor, probe_dc:pl:hq-prod-1-3513f5b522a833600df2309408c22ed3, service:dns, source:alert, team:network",2025-01-30 14:30:15,[Recovered] trms-ui-dev.adb.org DNS resolution via DNS1 - Network,success
AwAAAZS13gUwQf150QAAABhBWlMxM2dvdUFBRFlwblQxLWEta1ZZcjkAAAAkMDE5NGI2MzktNTgxOC00ZDcwLWJmZDMtY2VhOTYyNDVlMDRmAABJMQ,event,"check_status:live, check_type:api-dns, ci_execution_rule:blocking, criticality:prod, env:prod, monitor, probe_dc:pl:hq-prod-1-3513f5b522a833600df2309408c22ed3, service:dns, source:alert, team:network",2025-01-30 14:20:14,[Triggered] trms-ui-dev.adb.org DNS resolution via DNS1 - Network,error
AwAAAZS10EmQYlMiLwAAABhBWlMxMEUwQ0FBQzJmSVpSckxFUEQ2RjMAAAAkMDE5NGI2MzktNTgxOC00ZDcwLWJmZDMtY2VhOTYyNDVlMDRmAABJGg,event,"check_status:live, check_type:api-dns, ci_execution_rule:blocking, criticality:prod, env:prod, monitor, probe_dc:pl:hq-prod-1-3513f5b522a833600df2309408c22ed3, service:dns, source:alert, team:network",2025-01-30 14:05:14,[Recovered] trms-ui-dev.adb.org DNS resolution via DNS1 - Network,success
AwAAAZS1zKP4LUGw5wAAABhBWlMxektlQkFBQ0pOcVBsYlp4RG95cWgAAAAkMDE5NGI2MzktNTgxOC00ZDcwLWJmZDMtY2VhOTYyNDVlMDRmAABFkQ,event,"criticality:prod, env:dev, integration:azure, integration:azure_app_services, monitor, name:as-trms-ui-prd-sea, service:_trms, source:alert, team:fin",2025-01-30 14:01:15,[Recovered] [TRMS FIN UI PROD Azure App Service] Response Time Monitor - FIN,success
AwAAAZS1zIigtb_6bQAAABhBWlMxekkweUFBRDE3MjZPX1BISFdRekIAAAAkMDE5NGI2MzktNTgxOC00ZDcwLWJmZDMtY2VhOTYyNDVlMDRmAABFkA,event,"criticality:prod, env:dev, env:prod, integration:azure, integration:azure_app_services, monitor, name:as-trms-ui-prd-sea, service:_trms, source:alert, team:, team:fin",2025-01-30 14:01:08,[Recovered] [TRMS PROD UI Azure App Service] Response Time Monitor - FIN,success
AwAAAZS1yeDw9bP-vAAAABhBWlMxeWVWSUFBRDlEMHZEc3hWUDR3dzkAAAAkMDE5NGI2MzktNTgxOC00ZDcwLWJmZDMtY2VhOTYyNDVlMDRmAABFjA,event,"criticality:prod, env:dev, integration:azure, integration:azure_app_services, monitor, name:as-trms-ui-prd-sea, service:_trms, source:alert, team:fin",2025-01-30 13:58:14,[Warn] [TRMS FIN UI PROD Azure App Service] Response Time Monitor - FIN,warning
AwAAAZS1ycmAvj1tIwAAABhBWlMxeWN3TEFBQ3hMbTVlNHZtUGlNQk8AAAAkMDE5NGI2MzktNTgxOC00ZDcwLWJmZDMtY2VhOTYyNDVlMDRmAABFiw,event,"criticality:prod, env:dev, env:prod, integration:azure, integration:azure_app_services, monitor, name:as-trms-ui-prd-sea, service:_trms, source:alert, team:, team:fin",2025-01-30 13:58:08,[Warn] [TRMS PROD UI Azure App Service] Response Time Monitor - FIN,warning
AwAAAZS1x5cAFwd5vQAAABhBWlMxeDVtN0FBQTdtaDJPYXU2ZjZtSzkAAAAkMDE5NGI2MzktNTgxOC00ZDcwLWJmZDMtY2VhOTYyNDVlMDRmAABJCg,event,"check_status:live, check_type:api-dns, ci_execution_rule:blocking, criticality:prod, env:prod, monitor, probe_dc:pl:hq-prod-1-3513f5b522a833600df2309408c22ed3, service:dns, source:alert, team:network",2025-01-30 13:55:44,[Triggered] trms-ui-dev.adb.org DNS resolution via DNS1 - Network,error
AwAAAZS1wwMg0M5sqAAAABhBWlMxd3dkVUFBQ3hGOUhiV1ViOC16M0cAAAAkMDE5NGI2MzktNTgxOC00ZDcwLWJmZDMtY2VhOTYyNDVlMDRmAABI_w,event,"check_status:live, check_type:api-dns, ci_execution_rule:blocking, criticality:prod, env:prod, monitor, probe_dc:pl:hq-prod-1-3513f5b522a833600df2309408c22ed3, service:dns, source:alert, team:network",2025-01-30 13:50:44,[Recovered] trms-ui-dev.adb.org DNS resolution via DNS1 - Network,success
AwAAAZS1vnMondFXhQAAABhBWlMxdm5UUEFBREJaRnFsS3BuT09XSU4AAAAkMDE5NGI2MzktNTgxOC00ZDcwLWJmZDMtY2VhOTYyNDVlMDRmAABI8w,event,"check_status:live, check_type:api-dns, ci_execution_rule:blocking, criticality:prod, env:prod, monitor, probe_dc:pl:hq-prod-1-3513f5b522a833600df2309408c22ed3, service:dns, source:alert, team:network",2025-01-30 13:45:45,[Triggered] trms-ui-dev.adb.org DNS resolution via DNS1 - Network,error
AwAAAZS1vhlQnoLCbAAAABhBWlMxdmh3YUFBQnpUa2w4cWtzdTdoM0UAAAAkMDE5NGI2MzktNTgxOC00ZDcwLWJmZDMtY2VhOTYyNDVlMDRmAABI8A,event,"check_status:live, check_type:api-dns, ci_execution_rule:blocking, criticality:prod, env:prod, monitor, probe_dc:pl:hq-prod-1-3513f5b522a833600df2309408c22ed3, service:dns, source:alert, team:network",2025-01-30 13:45:22,[Recovered] Test on trms-ui-dev.adb.org via WPAD1 - Network,success
AwAAAZS1ufqgwkgLugAAABhBWlMxdWYxQUFBQzZTNFlDWWVZcUpHSnEAAAAkMDE5NGI2MzktNTgxOC00ZDcwLWJmZDMtY2VhOTYyNDVlMDRmAABI5w,event,"check_status:live, check_type:api-dns, ci_execution_rule:blocking, criticality:prod, env:prod, monitor, probe_dc:pl:hq-prod-1-3513f5b522a833600df2309408c22ed3, service:dns, source:alert, team:network",2025-01-30 13:40:52,[Triggered] Test on trms-ui-dev.adb.org via WPAD1 - Network,error
AwAAAZS1uWYwuD1S7wAAABhBWlMxdVdwM0FBQlFQN3AzYmNLRUc3OGwAAAAkMDE5NGI2MzktNTgxOC00ZDcwLWJmZDMtY2VhOTYyNDVlMDRmAABI3g,event,"check_status:live, check_type:api-dns, ci_execution_rule:blocking, criticality:prod, env:prod, monitor, probe_dc:pl:hq-prod-1-3513f5b522a833600df2309408c22ed3, service:dns, source:alert, team:network",2025-01-30 13:40:14,[Recovered] trms-ui-dev.adb.org DNS resolution via DNS1 - Network,success
AwAAAZS1uIOgBInZGQAAABhBWlMxdUlkQkFBQW1ZT2REMnlZYjRQLW4AAAAkMDE5NGI2MzktNTgxOC00ZDcwLWJmZDMtY2VhOTYyNDVlMDRmAABFZw,event,"criticality:prod, env:dev, integration:azure, integration:azure_app_services, monitor, name:as-trms-ui-prd-sea, service:_trms, source:alert, team:fin",2025-01-30 13:39:16,[Triggered] [TRMS FIN UI PROD Azure App Service] Response Time Monitor - FIN,error
AwAAAZS1uGRg8hcL7gAAABhBWlMxdUdkMUFBRHowVkYyVUI5VVA2WEwAAAAkMDE5NGI2MzktNTgxOC00ZDcwLWJmZDMtY2VhOTYyNDVlMDRmAABFZg,event,"criticality:prod, env:dev, env:prod, integration:azure, integration:azure_app_services, monitor, name:as-trms-ui-prd-sea, service:_trms, source:alert, team:, team:fin",2025-01-30 13:39:08,[Triggered] [TRMS PROD UI Azure App Service] Response Time Monitor - FIN,error
AwAAAZS1tWbAyeI_ewAAABhBWlMxdFdsS0FBQnN3Z0phczV2blV2RTMAAAAkMDE5NGI2MzktNTgxOC00ZDcwLWJmZDMtY2VhOTYyNDVlMDRmAABI1A,event,"check_status:live, check_type:api-dns, ci_execution_rule:blocking, criticality:prod, env:prod, monitor, probe_dc:pl:hq-prod-1-3513f5b522a833600df2309408c22ed3, service:dns, source:alert, team:network",2025-01-30 13:35:52,[Recovered] Test on trms-ui-dev.adb.org via WPAD1 - Network,success
AwAAAZS1tNY4qDoD2gAAABhBWlMxdE5laUFBQ09FaWlwbDJuY0tTeDAAAAAkMDE5NGI2MzktNTgxOC00ZDcwLWJmZDMtY2VhOTYyNDVlMDRmAABI0A,event,"check_status:live, check_type:api-dns, ci_execution_rule:blocking, criticality:prod, env:prod, monitor, probe_dc:pl:hq-prod-1-3513f5b522a833600df2309408c22ed3, service:dns, source:alert, team:network",2025-01-30 13:35:15,[Triggered] trms-ui-dev.adb.org DNS resolution via DNS1 - Network,error
AwAAAZS1swF42lNxlAAAABhBWlMxc3dUZEFBRHBCX0MySXVOUVhObjkAAAAkMDE5NGI2MzktNTgxOC00ZDcwLWJmZDMtY2VhOTYyNDVlMDRmAABFTg,event,"criticality:prod, env:dev, integration:azure, integration:azure_app_services, monitor, name:as-trms-ui-prd-sea, service:_trms, source:alert, team:fin",2025-01-30 13:33:15,[Warn] [TRMS FIN UI PROD Azure App Service] Response Time Monitor - FIN,warning
AwAAAZS1suoIFgkyIAAAABhBWlMxc3V6Z0FBREhGc2dWVlZaN1FwTFIAAAAkMDE5NGI2MzktNTgxOC00ZDcwLWJmZDMtY2VhOTYyNDVlMDRmAABFTQ,event,"criticality:prod, env:dev, env:prod, integration:azure, integration:azure_app_services, monitor, name:as-trms-ui-prd-sea, service:_trms, source:alert, team:, team:fin",2025-01-30 13:33:09,[Warn] [TRMS PROD UI Azure App Service] Response Time Monitor - FIN,warning
AwAAAZS1rB_APFcFqwAAABhBWlMxckNHdUFBQWVFemw1THg0a3VOTjYAAAAkMDE5NGI2MzktNTgxOC00ZDcwLWJmZDMtY2VhOTYyNDVlMDRmAABIuA,event,"check_status:live, check_type:api-dns, ci_execution_rule:blocking, criticality:prod, env:prod, monitor, probe_dc:pl:hq-prod-1-3513f5b522a833600df2309408c22ed3, service:dns, source:alert, team:network",2025-01-30 13:25:44,[Recovered] trms-ui-dev.adb.org DNS resolution via DNS1 - Network,success
AwAAAZS1qAEQO2eOFwAAABhBWlMxcUFRZEFBQjRyUkEtanY4ZXlWX3IAAAAkMDE5NGI2MzktNTgxOC00ZDcwLWJmZDMtY2VhOTYyNDVlMDRmAABFIg,event,"criticality:prod, env:dev, integration:azure, integration:azure_app_services, monitor, name:as-trms-ui-prd-sea, service:_trms, source:alert, team:fin",2025-01-30 13:21:14,[Recovered] [TRMS FIN UI PROD Azure App Service] Response Time Monitor - FIN,success
AwAAAZS1p-mgwSizqgAAABhBWlMxcC0ySUFBQWJTRnBMLWpTNUtTd1IAAAAkMDE5NGI2MzktNTgxOC00ZDcwLWJmZDMtY2VhOTYyNDVlMDRmAABFIQ,event,"criticality:prod, env:dev, env:prod, integration:azure, integration:azure_app_services, monitor, name:as-trms-ui-prd-sea, service:_trms, source:alert, team:, team:fin",2025-01-30 13:21:08,[Recovered] [TRMS PROD UI Azure App Service] Response Time Monitor - FIN,success
AwAAAZS1p4vgX0MtCAAAABhBWlMxcDQ2ekFBQkNfUkRSNDJ0ZlZfbS0AAAAkMDE5NGI2MzktNTgxOC00ZDcwLWJmZDMtY2VhOTYyNDVlMDRmAABIqQ,event,"check_status:live, check_type:api-dns, ci_execution_rule:blocking, criticality:prod, env:prod, monitor, probe_dc:pl:hq-prod-1-3513f5b522a833600df2309408c22ed3, service:dns, source:alert, team:network",2025-01-30 13:20:44,[Triggered] trms-ui-dev.adb.org DNS resolution via DNS1 - Network,error
AwAAAZS1pUXYIBR5vQAAABhBWlMxcFVqN0FBQUxSTzBhNE9XbEFVbUMAAAAkMDE5NGI2MzktNTgxOC00ZDcwLWJmZDMtY2VhOTYyNDVlMDRmAABFHA,event,"criticality:prod, env:dev, integration:azure, integration:azure_app_services, monitor, name:as-trms-ui-prd-sea, service:_trms, source:alert, team:fin",2025-01-30 13:18:15,[Warn] [TRMS FIN UI PROD Azure App Service] Response Time Monitor - FIN,warning
AwAAAZS1pS5oo9w4_AAAABhBWlMxcFNfTUFBRGk0Szh0emo1VC05cXYAAAAkMDE5NGI2MzktNTgxOC00ZDcwLWJmZDMtY2VhOTYyNDVlMDRmAABFGw,event,"criticality:prod, env:dev, env:prod, integration:azure, integration:azure_app_services, monitor, name:as-trms-ui-prd-sea, service:_trms, source:alert, team:, team:fin",2025-01-30 13:18:09,[Warn] [TRMS PROD UI Azure App Service] Response Time Monitor - FIN,warning
AwAAAZS1ooLQMsBBzQAAABhBWlMxb29WNUFBREhXbFNHT1IwUWRGd00AAAAkMDE5NGI2MzktNTgxOC00ZDcwLWJmZDMtY2VhOTYyNDVlMDRmAABIlA,event,"check_status:live, check_type:api-dns, ci_execution_rule:blocking, criticality:prod, env:prod, monitor, probe_dc:pl:hq-prod-1-3513f5b522a833600df2309408c22ed3, service:dns, source:alert, team:network",2025-01-30 13:15:14,[Recovered] trms-ui-dev.adb.org DNS resolution via DNS1 - Network,success
AwAAAZS1nfLYNuDVaQAAABhBWlMxbmZTU0FBRFAybmVQeHdJd0xvT0kAAAAkMDE5NGI2MzktNTgxOC00ZDcwLWJmZDMtY2VhOTYyNDVlMDRmAABIjA,event,"check_status:live, check_type:api-dns, ci_execution_rule:blocking, criticality:prod, env:prod, monitor, probe_dc:pl:hq-prod-1-3513f5b522a833600df2309408c22ed3, service:dns, source:alert, team:network",2025-01-30 13:10:15,[Triggered] trms-ui-dev.adb.org DNS resolution via DNS1 - Network,error
AwAAAZS1mX44yEtKHAAAABhBWlMxbVlBQUFBQVROVm51cUNYRXRRZ0wAAAAkMDE5NGI2MzktNTgxOC00ZDcwLWJmZDMtY2VhOTYyNDVlMDRmAABIhA,event,"check_status:live, check_type:api-dns, ci_execution_rule:blocking, criticality:prod, env:prod, monitor, probe_dc:pl:hq-prod-1-3513f5b522a833600df2309408c22ed3, service:dns, source:alert, team:network",2025-01-30 13:05:23,[Triggered] Test on trms-ui-dev.adb.org via WPAD1 - Network,error
AwAAAZS1bIKYewbCAgAAABhBWlMxYklObkFBRHNWY2djZmRta0lQMWwAAAAkMDE5NGI2MzktNTgxOC00ZDcwLWJmZDMtY2VhOTYyNDVlMDRmAABDMQ,event,"criticality:prod, env:dev, integration:azure, integration:azure_app_services, monitor, name:as-trms-ui-prd-sea, service:_trms, source:alert, team:fin",2025-01-30 12:16:15,[Recovered] [TRMS FIN UI PROD Azure App Service] Response Time Monitor - FIN,success
AwAAAZS1bGso4rTBQQAAABhBWlMxYkd4T0FBQW91Ty14T213ZVR2LVYAAAAkMDE5NGI2MzktNTgxOC00ZDcwLWJmZDMtY2VhOTYyNDVlMDRmAABDLw,event,"criticality:prod, env:dev, env:prod, integration:azure, integration:azure_app_services, monitor, name:as-trms-ui-prd-sea, service:_trms, source:alert, team:, team:fin",2025-01-30 12:16:09,[Recovered] [TRMS PROD UI Azure App Service] Response Time Monitor - FIN,success
AwAAAZS1arWoHfyMBQAAABhBWlMxYXJZLUFBQ1kzLWlaUkF3ZEh2TUYAAAAkMDE5NGI2MzktNTgxOC00ZDcwLWJmZDMtY2VhOTYyNDVlMDRmAABDGw,event,"criticality:prod, env:dev, integration:azure, integration:azure_app_services, monitor, name:as-trms-ui-prd-sea, service:_trms, source:alert, team:fin",2025-01-30 12:14:17,[Warn] [TRMS FIN UI PROD Azure App Service] Response Time Monitor - FIN,warning
AwAAAZS1apZotRYjqgAAABhBWlMxYXBnckFBQ2dMWDFjR1lnb2diOG0AAAAkMDE5NGI2MzktNTgxOC00ZDcwLWJmZDMtY2VhOTYyNDVlMDRmAABDGQ,event,"criticality:prod, env:dev, env:prod, integration:azure, integration:azure_app_services, monitor, name:as-trms-ui-prd-sea, service:_trms, source:alert, team:, team:fin",2025-01-30 12:14:09,[Warn] [TRMS PROD UI Azure App Service] Response Time Monitor - FIN,warning
AwAAAZS1ZEFQBBPMrQAAABhBWlMxWkVReEFBQXFLeFRRNVBBdDl1N0kAAAAkMDE5NGI2MzktNTgxOC00ZDcwLWJmZDMtY2VhOTYyNDVlMDRmAABC9g,event,"criticality:prod, env:dev, integration:azure, integration:azure_app_services, monitor, name:as-trms-ui-prd-sea, service:_trms, source:alert, team:fin",2025-01-30 12:07:14,[Triggered] [TRMS FIN UI PROD Azure App Service] Response Time Monitor - FIN,error
AwAAAZS1ZC3IYfqcKQAAABhBWlMxWkRCckFBQlh6TjNvQ09oRVhuVEwAAAAkMDE5NGI2MzktNTgxOC00ZDcwLWJmZDMtY2VhOTYyNDVlMDRmAABC8w,event,"criticality:prod, env:dev, env:prod, integration:azure, integration:azure_app_services, monitor, name:as-trms-ui-prd-sea, service:_trms, source:alert, team:, team:fin",2025-01-30 12:07:09,[Triggered] [TRMS PROD UI Azure App Service] Response Time Monitor - FIN,error
AwAAAZS1YYYYLvtgFAAAABhBWlMxWVllNkFBQzNMNkxVeVh2SWlkWnkAAAAkMDE5NGI2MzktNTgxOC00ZDcwLWJmZDMtY2VhOTYyNDVlMDRmAABCQg,event,"criticality:prod, env:dev, integration:azure, integration:azure_app_services, monitor, name:as-trms-ui-prd-sea, service:_trms, source:alert, team:fin",2025-01-30 12:04:15,[Warn] [TRMS FIN UI PROD Azure App Service] Response Time Monitor - FIN,warning
AwAAAZS1YWrAyuoFqwAAABhBWlMxWVc0REFBQ1lkNE1uYmUtcC1JVVIAAAAkMDE5NGI2MzktNTgxOC00ZDcwLWJmZDMtY2VhOTYyNDVlMDRmAABCQQ,event,"criticality:prod, env:dev, env:prod, integration:azure, integration:azure_app_services, monitor, name:as-trms-ui-prd-sea, service:_trms, source:alert, team:, team:fin",2025-01-30 12:04:08,[Warn] [TRMS PROD UI Azure App Service] Response Time Monitor - FIN,warning
AwAAAZS1UB0QtaJ5_gAAABhBWlMxVUNFUkFBRGU3amk5XzYwOF9WYkkAAAAkMDE5NGI1NWQtOWEzMC00ZDIxLTg1ZWEtNmUzNWVhNjMyYTNiAABAIw,event,"criticality:prod, env:dev, integration:azure, integration:azure_app_services, monitor, name:as-trms-ui-prd-sea, service:_trms, source:alert, team:fin",2025-01-30 11:45:14,[Recovered] [TRMS FIN UI PROD Azure App Service] Response Time Monitor - FIN,success
AwAAAZS1UAWg1ngElAAAABhBWlMxVUFpYkFBQzRnOU45Z3FjQ2NrSDgAAAAkMDE5NGI1NWQtOWEzMC00ZDIxLTg1ZWEtNmUzNWVhNjMyYTNiAABAIg,event,"criticality:prod, env:dev, env:prod, integration:azure, integration:azure_app_services, monitor, name:as-trms-ui-prd-sea, service:_trms, source:alert, team:, team:fin",2025-01-30 11:45:08,[Recovered] [TRMS PROD UI Azure App Service] Response Time Monitor - FIN,success
AwAAAZS1TV3wLgvPcwAAABhBWlMxVFdKa0FBQXhUY1VDTmlIaXFxOUcAAAAkMDE5NGI1NWQtOWEzMC00ZDIxLTg1ZWEtNmUzNWVhNjMyYTNiAABAEw,event,"criticality:prod, env:dev, integration:azure, integration:azure_app_services, monitor, name:as-trms-ui-prd-sea, service:_trms, source:alert, team:fin",2025-01-30 11:42:14,[Warn] [TRMS FIN UI PROD Azure App Service] Response Time Monitor - FIN,warning
AwAAAZS1TUaADaRURAAAABhBWlMxVFVsREFBQTJWekMwTXgzd1RYMkYAAAAkMDE5NGI1NWQtOWEzMC00ZDIxLTg1ZWEtNmUzNWVhNjMyYTNiAABAEQ,event,"criticality:prod, env:dev, env:prod, integration:azure, integration:azure_app_services, monitor, name:as-trms-ui-prd-sea, service:_trms, source:alert, team:, team:fin",2025-01-30 11:42:08,[Warn] [TRMS PROD UI Azure App Service] Response Time Monitor - FIN,warning
AwAAAZS1RSR4aPMFqwAAABhBWlMxUlNZOEFBQ01OTHE3Y245a2Voel8AAAAkMDE5NGI1NWQtOWEzMC00ZDIxLTg1ZWEtNmUzNWVhNjMyYTNiAAA_-g,event,"criticality:prod, env:dev, integration:azure, integration:azure_app_services, monitor, name:as-trms-ui-prd-sea, service:_trms, source:alert, team:fin",2025-01-30 11:33:15,[Triggered] [TRMS FIN UI PROD Azure App Service] Response Time Monitor - FIN,error
AwAAAZS1RQkgYMZURAAAABhBWlMxUlExcEFBQWdDY3Y4d0Y5VVJqeVUAAAAkMDE5NGI1NWQtOWEzMC00ZDIxLTg1ZWEtNmUzNWVhNjMyYTNiAAA_-Q,event,"criticality:prod, env:dev, env:prod, integration:azure, integration:azure_app_services, monitor, name:as-trms-ui-prd-sea, service:_trms, source:alert, team:, team:fin",2025-01-30 11:33:08,[Triggered] [TRMS PROD UI Azure App Service] Response Time Monitor - FIN,error
AwAAAZS1RDoY4ZuhpQAAABhBWlMxUkQxOEFBRGhJNUlaUVdIdXg0M1UAAAAkMDE5NGI1NWQtOWEzMC00ZDIxLTg1ZWEtNmUzNWVhNjMyYTNiAAA_9w,event,"criticality:prod, env:dev, integration:azure, integration:azure_app_services, monitor, name:as-trms-ui-prd-sea, service:_trms, source:alert, team:fin",2025-01-30 11:32:15,[Warn] [TRMS FIN UI PROD Azure App Service] Response Time Monitor - FIN,warning
AwAAAZS1RCKo8n98SwAAABhBWlMxUkNNV0FBQVBNSFh0MUtaTTNmZ3UAAAAkMDE5NGI1NWQtOWEzMC00ZDIxLTg1ZWEtNmUzNWVhNjMyYTNiAAA_9g,event,"criticality:prod, env:dev, env:prod, integration:azure, integration:azure_app_services, monitor, name:as-trms-ui-prd-sea, service:_trms, source:alert, team:, team:fin",2025-01-30 11:32:09,[Warn] [TRMS PROD UI Azure App Service] Response Time Monitor - FIN,warning
AwAAAZS1M7twp_9xIAAAABhBWlMxTTc3dUFBQU51bnE2MG5nUjlvSEkAAAAkMDE5NGI1NWQtOWEzMC00ZDIxLTg1ZWEtNmUzNWVhNjMyYTNiAAA_vA,event,"criticality:prod, env:dev, integration:azure, integration:azure_app_services, monitor, name:as-trms-ui-prd-sea, service:_trms, source:alert, team:fin",2025-01-30 11:14:14,[Recovered] [TRMS FIN UI PROD Azure App Service] Response Time Monitor - FIN,success
AwAAAZS1M6fo5QSbvgAAABhBWlMxTTZqWkFBQmdhSGMweF9xRmlnc1gAAAAkMDE5NGI1NWQtOWEzMC00ZDIxLTg1ZWEtNmUzNWVhNjMyYTNiAAA_ug,event,"criticality:prod, env:dev, env:prod, integration:azure, integration:azure_app_services, monitor, name:as-trms-ui-prd-sea, service:_trms, source:alert, team:, team:fin",2025-01-30 11:14:09,[Recovered] [TRMS PROD UI Azure App Service] Response Time Monitor - FIN,success
AwAAAZS1LeNY3KEDKAAAABhBWlMxTGVhYUFBQ1lGN3JjcE1RWC1uSHYAAAAkMDE5NGI1NWQtOWEzMC00ZDIxLTg1ZWEtNmUzNWVhNjMyYTNiAAA8NQ,event,"env:dev, location:azure, monitor, service:_trms, source:alert, team:fin",2025-01-30 11:07:51,[P2] [Recovered] [TRMS Azure AppService API] Log Error Monitor - FIN,success
AwAAAZS1LQSwZNRqewAAABhBWlMxTFFkTUFBQzNUZHV3d05xWW53dC0AAAAkMDE5NGI1NWQtOWEzMC00ZDIxLTg1ZWEtNmUzNWVhNjMyYTNiAAA8NA,event,"env:dev, location:azure, monitor, service:_trms, source:alert, team:fin",2025-01-30 11:06:54,[P2] [Warn] [TRMS Azure AppService API] Log Error Monitor - FIN,warning
AwAAAZS1LGxY1fzubAAAABhBWlMxTEc0REFBRHA1TExCd012bmkwbk8AAAAkMDE5NGI1NWQtOWEzMC00ZDIxLTg1ZWEtNmUzNWVhNjMyYTNiAAA_hg,event,"criticality:prod, env:dev, integration:azure, integration:azure_app_services, monitor, name:as-trms-ui-prd-sea, service:_trms, source:alert, team:fin",2025-01-30 11:06:15,[Triggered] [TRMS FIN UI PROD Azure App Service] Response Time Monitor - FIN,error
AwAAAZS1LFTo2kIErwAAABhBWlMxTEZaVEFBQmJXdnhyQmxaSXhqWncAAAAkMDE5NGI1NWQtOWEzMC00ZDIxLTg1ZWEtNmUzNWVhNjMyYTNiAAA_gA,event,"criticality:prod, env:dev, env:prod, integration:azure, integration:azure_app_services, monitor, name:as-trms-ui-prd-sea, service:_trms, source:alert, team:, team:fin",2025-01-30 11:06:09,[Triggered] [TRMS PROD UI Azure App Service] Response Time Monitor - FIN,error
AwAAAZS1KqNQ80V50QAAABhBWlMxS3FlNEFBRGRzVWhCODA4dmxXZ18AAAAkMDE5NGI1NWQtOWEzMC00ZDIxLTg1ZWEtNmUzNWVhNjMyYTNiAAA_Yw,event,"criticality:prod, env:dev, integration:azure, integration:azure_app_services, monitor, name:as-trms-ui-prd-sea, service:_trms, source:alert, team:fin",2025-01-30 11:04:18,[Warn] [TRMS FIN UI PROD Azure App Service] Response Time Monitor - FIN,warning
AwAAAZS1KnxAXZI_uAAAABhBWlMxS24tWkFBRExHS3R4NGh4czJJb2EAAAAkMDE5NGI1NWQtOWEzMC00ZDIxLTg1ZWEtNmUzNWVhNjMyYTNiAAA_Yg,event,"criticality:prod, env:dev, env:prod, integration:azure, integration:azure_app_services, monitor, name:as-trms-ui-prd-sea, service:_trms, source:alert, team:, team:fin",2025-01-30 11:04:08,[Warn] [TRMS PROD UI Azure App Service] Response Time Monitor - FIN,warning
AwAAAZS1JpRA4O-x2wAAABhBWlMxSnBjUEFBQUpwbW4xbGpKcnRtN1QAAAAkMDE5NGI1NWQtOWEzMC00ZDIxLTg1ZWEtNmUzNWVhNjMyYTNiAAA8Lg,event,"env:dev, location:azure, monitor, service:_trms, source:alert, team:fin",2025-01-30 10:59:52,[P2] [Triggered] [TRMS Azure AppService API] Log Error Monitor - FIN,error
AwAAAZS1JangeW_HngAAABhBWlMxSmEzTUFBQjF5OU92RkZSMXFSLUwAAAAkMDE5NGI1NWQtOWEzMC00ZDIxLTg1ZWEtNmUzNWVhNjMyYTNiAAA8Kw,event,"env:dev, location:azure, monitor, service:_trms, source:alert, team:fin",2025-01-30 10:58:52,[P2] [Warn] [TRMS Azure AppService API] Log Error Monitor - FIN,warning
AwAAAZS1DUewHkVzwAAAABhBWlMxRFV0c0FBQlJ3cUw1TW13SkRNUkgAAAAkMDE5NGI1NWQtOWEzMC00ZDIxLTg1ZWEtNmUzNWVhNjMyYTNiAAA_LQ,event,"criticality:prod, env:dev, integration:azure, integration:azure_app_services, monitor, name:as-trms-ui-prd-sea, service:_trms, source:alert, team:fin",2025-01-30 10:32:14,[Recovered] [TRMS FIN UI PROD Azure App Service] Response Time Monitor - FIN,success
AwAAAZS1DTBAO33LVQAAABhBWlMxRFRPa0FBQmVqYW5KR0lqVE5HS0YAAAAkMDE5NGI1NWQtOWEzMC00ZDIxLTg1ZWEtNmUzNWVhNjMyYTNiAAA_LA,event,"criticality:prod, env:dev, env:prod, integration:azure, integration:azure_app_services, monitor, name:as-trms-ui-prd-sea, service:_trms, source:alert, team:, team:fin",2025-01-30 10:32:08,[Recovered] [TRMS PROD UI Azure App Service] Response Time Monitor - FIN,success
AwAAAZS1BgRQliGuqAAAABhBWlMxQmdobUFBQy1HWW44ajJJTVBvMUkAAAAkMDE5NGI1NWQtOWEzMC00ZDIxLTg1ZWEtNmUzNWVhNjMyYTNiAAA_Cg,event,"criticality:prod, env:dev, integration:azure, integration:azure_app_services, monitor, name:as-trms-ui-prd-sea, service:_trms, source:alert, team:fin",2025-01-30 10:24:18,[Warn] [TRMS FIN UI PROD Azure App Service] Response Time Monitor - FIN,warning
AwAAAZS1Bd1A6I8L7gAAABhBWlMxQmVDUkFBQ0NCbXNoSm1fTGFzS3MAAAAkMDE5NGI1NWQtOWEzMC00ZDIxLTg1ZWEtNmUzNWVhNjMyYTNiAAA_CQ,event,"criticality:prod, env:dev, env:prod, integration:azure, integration:azure_app_services, monitor, name:as-trms-ui-prd-sea, service:_trms, source:alert, team:, team:fin",2025-01-30 10:24:08,[Warn] [TRMS PROD UI Azure App Service] Response Time Monitor - FIN,warning
AwAAAZS1AHpY9rAMtAAAABhBWlMxQUhzeEFBQnhWMDREcm51d0dYRVgAAAAkMDE5NGI1NWQtOWEzMC00ZDIxLTg1ZWEtNmUzNWVhNjMyYTNiAAA-9g,event,"criticality:prod, env:dev, integration:azure, integration:azure_app_services, monitor, name:as-trms-ui-prd-sea, service:_trms, source:alert, team:fin",2025-01-30 10:18:15,[Recovered] [TRMS FIN UI PROD Azure App Service] Response Time Monitor - FIN,success
AwAAAZS1AF8AXhCMBQAAABhBWlMxQUdLV0FBQlEwOW1xREZJaWZVcF8AAAAkMDE5NGI1NWQtOWEzMC00ZDIxLTg1ZWEtNmUzNWVhNjMyYTNiAAA-9A,event,"criticality:prod, env:dev, env:prod, integration:azure, integration:azure_app_services, monitor, name:as-trms-ui-prd-sea, service:_trms, source:alert, team:, team:fin",2025-01-30 10:18:08,[Recovered] [TRMS PROD UI Azure App Service] Response Time Monitor - FIN,success
AwAAAZS0_bs4fMJCFQAAABhBWlMwX2J5bEFBQTcyWlB1SmhlME05UDkAAAAkMDE5NGI1NWQtOWEzMC00ZDIxLTg1ZWEtNmUzNWVhNjMyYTNiAAA-3g,event,"criticality:prod, env:dev, integration:azure, integration:azure_app_services, monitor, name:as-trms-ui-prd-sea, service:_trms, source:alert, team:fin",2025-01-30 10:15:15,[Warn] [TRMS FIN UI PROD Azure App Service] Response Time Monitor - FIN,warning
AwAAAZS0_Z_g-nrCwgAAABhBWlMwX2FOa0FBQTJTRXU0RGEwRDBQRkcAAAAkMDE5NGI1NWQtOWEzMC00ZDIxLTg1ZWEtNmUzNWVhNjMyYTNiAAA-3A,event,"criticality:prod, env:dev, env:prod, integration:azure, integration:azure_app_services, monitor, name:as-trms-ui-prd-sea, service:_trms, source:alert, team:, team:fin",2025-01-30 10:15:08,[Warn] [TRMS PROD UI Azure App Service] Response Time Monitor - FIN,warning
AwAAAZS0_NyQf9MjqgAAABhBWlMwX04xRUFBQkNPYzZMZ1JLU1BBU1gAAAAkMDE5NGI1NWQtOWEzMC00ZDIxLTg1ZWEtNmUzNWVhNjMyYTNiAAA-1Q,event,"criticality:prod, env:dev, integration:azure, integration:azure_app_services, monitor, name:as-trms-ui-prd-sea, service:_trms, source:alert, team:fin",2025-01-30 10:14:18,[Triggered] [TRMS FIN UI PROD Azure App Service] Response Time Monitor - FIN,error
AwAAAZS0_LlogR1MvQAAABhBWlMwX0xwQkFBQ0h5VUpaTXhvaE5uYm8AAAAkMDE5NGI1NWQtOWEzMC00ZDIxLTg1ZWEtNmUzNWVhNjMyYTNiAAA-1A,event,"criticality:prod, env:dev, env:prod, integration:azure, integration:azure_app_services, monitor, name:as-trms-ui-prd-sea, service:_trms, source:alert, team:, team:fin",2025-01-30 10:14:09,[Triggered] [TRMS PROD UI Azure App Service] Response Time Monitor - FIN,error
AwAAAZS0-UaYJ2ezxgAAABhBWlMwLVVoVEFBRE9IRS10YlYzRlhGSGcAAAAkMDE5NGI1NWQtOWEzMC00ZDIxLTg1ZWEtNmUzNWVhNjMyYTNiAABBAg,event,"check_status:live, check_type:api-dns, ci_execution_rule:blocking, criticality:prod, env:prod, monitor, probe_dc:pl:hq-prod-1-3513f5b522a833600df2309408c22ed3, service:dns, source:alert, team:network",2025-01-30 10:10:23,[Recovered] Test on trms-ui-dev.adb.org via WPAD1 - Network,success
AwAAAZS0-SNwa4J5_gAAABhBWlMwLVNhdkFBQnd0c1FBTWlsNmZxNHQAAAAkMDE5NGI1NWQtOWEzMC00ZDIxLTg1ZWEtNmUzNWVhNjMyYTNiAAA-wA,event,"criticality:prod, env:dev, integration:azure, integration:azure_app_services, monitor, name:as-trms-ui-prd-sea, service:_trms, source:alert, team:fin",2025-01-30 10:10:14,[Warn] [TRMS FIN UI PROD Azure App Service] Response Time Monitor - FIN,warning
AwAAAZS0-Q_oJcjMrQAAABhBWlMwLVJEUEFBRHBwc29ybTRRQkdQNVQAAAAkMDE5NGI1NWQtOWEzMC00ZDIxLTg1ZWEtNmUzNWVhNjMyYTNiAAA-vg,event,"criticality:prod, env:dev, env:prod, integration:azure, integration:azure_app_services, monitor, name:as-trms-ui-prd-sea, service:_trms, source:alert, team:, team:fin",2025-01-30 10:10:09,[Warn] [TRMS PROD UI Azure App Service] Response Time Monitor - FIN,warning
AwAAAZS09Sfof4v6bQAAABhBWlMwOVNuMUFBQ3QwZTd4Z0NEM2Vlbk4AAAAkMDE5NGI1NWQtOWEzMC00ZDIxLTg1ZWEtNmUzNWVhNjMyYTNiAABA_A,event,"check_status:live, check_type:api-dns, ci_execution_rule:blocking, criticality:prod, env:prod, monitor, probe_dc:pl:hq-prod-1-3513f5b522a833600df2309408c22ed3, service:dns, source:alert, team:network",2025-01-30 10:05:53,[Triggered] Test on trms-ui-dev.adb.org via WPAD1 - Network,error
AwAAAZS086kYUdFDRwAAABhBWlMwODZzREFBQjBBRWhOdUpwbmtkVUoAAAAkMDE5NGI1NWQtOWEzMC00ZDIxLTg1ZWEtNmUzNWVhNjMyYTNiAAA-ew,event,"criticality:prod, env:dev, integration:azure, integration:azure_app_services, monitor, name:as-trms-ui-prd-sea, service:_trms, source:alert, team:fin",2025-01-30 10:04:15,[Recovered] [TRMS FIN UI PROD Azure App Service] Response Time Monitor - FIN,success
AwAAAZS085GoakkpfgAAABhBWlMwODVTOEFBQ1lnUGI2M0xrLVd0MTYAAAAkMDE5NGI1NWQtOWEzMC00ZDIxLTg1ZWEtNmUzNWVhNjMyYTNiAAA-eg,event,"criticality:prod, env:dev, env:prod, integration:azure, integration:azure_app_services, monitor, name:as-trms-ui-prd-sea, service:_trms, source:alert, team:, team:fin",2025-01-30 10:04:09,[Recovered] [TRMS PROD UI Azure App Service] Response Time Monitor - FIN,success
AwAAAZS08r64iv8iLwAAABhBWlMwOHNPV0FBRDFOaFEyN2JPR01PN2QAAAAkMDE5NGI1NWQtOWEzMC00ZDIxLTg1ZWEtNmUzNWVhNjMyYTNiAAA-eA,event,"criticality:prod, env:dev, integration:azure, integration:azure_app_services, monitor, name:as-trms-ui-prd-sea, service:_trms, source:alert, team:fin",2025-01-30 10:03:15,[Warn] [TRMS FIN UI PROD Azure App Service] Response Time Monitor - FIN,warning
AwAAAZS08qNgk79URAAAABhBWlMwOHFYeEFBQ2c4b0xETFcyWnZ1aWIAAAAkMDE5NGI1NWQtOWEzMC00ZDIxLTg1ZWEtNmUzNWVhNjMyYTNiAAA-dw,event,"criticality:prod, env:dev, env:prod, integration:azure, integration:azure_app_services, monitor, name:as-trms-ui-prd-sea, service:_trms, source:alert, team:, team:fin",2025-01-30 10:03:08,[Warn] [TRMS PROD UI Azure App Service] Response Time Monitor - FIN,warning
AwAAAZS062fQokoD2gAAABhBWlMwNjJxc0FBQldIY0htWUV1R0tWSXQAAAAkMDE5NGI1NWQtOWEzMC00ZDIxLTg1ZWEtNmUzNWVhNjMyYTNiAAA-ag,event,"criticality:prod, env:dev, integration:azure, integration:azure_app_services, monitor, name:as-trms-ui-prd-sea, service:_trms, source:alert, team:fin",2025-01-30 09:55:14,[Triggered] [TRMS FIN UI PROD Azure App Service] Response Time Monitor - FIN,error
AwAAAZS061RI39dAbAAAABhBWlMwNjFacEFBQm9EQnAwTUtCNkpUXzgAAAAkMDE5NGI1NWQtOWEzMC00ZDIxLTg1ZWEtNmUzNWVhNjMyYTNiAAA-aQ,event,"criticality:prod, env:dev, env:prod, integration:azure, integration:azure_app_services, monitor, name:as-trms-ui-prd-sea, service:_trms, source:alert, team:, team:fin",2025-01-30 09:55:09,[Triggered] [TRMS PROD UI Azure App Service] Response Time Monitor - FIN,error
AwAAAZS06qho4AtqewAAABhBWlMwNnF3eEFBQWZmd3F1aHBISDRxMW8AAAAkMDE5NGI1NWQtOWEzMC00ZDIxLTg1ZWEtNmUzNWVhNjMyYTNiAAA-Zg,event,"criticality:prod, env:dev, integration:azure, integration:azure_app_services, monitor, name:as-trms-ui-prd-sea, service:_trms, source:alert, team:fin",2025-01-30 09:54:25,[Warn] [TRMS FIN UI PROD Azure App Service] Response Time Monitor - FIN,warning
AwAAAZS06mYAyNSbvgAAABhBWlMwNm1vREFBQzRCSEZSZnpfM1RueUMAAAAkMDE5NGI1NWQtOWEzMC00ZDIxLTg1ZWEtNmUzNWVhNjMyYTNiAAA-ZA,event,"criticality:prod, env:dev, env:prod, integration:azure, integration:azure_app_services, monitor, name:as-trms-ui-prd-sea, service:_trms, source:alert, team:, team:fin",2025-01-30 09:54:08,[Warn] [TRMS PROD UI Azure App Service] Response Time Monitor - FIN,warning
AwAAAZS05tfYLtmCHwAAABhBWlMwNXpfa0FBRFVsSUFBYkhROXk4c0MAAAAkMDE5NGI1NWQtOWEzMC00ZDIxLTg1ZWEtNmUzNWVhNjMyYTNiAABA7w,event,"check_status:live, check_type:api-dns, ci_execution_rule:blocking, criticality:prod, env:prod, monitor, probe_dc:pl:hq-prod-1-3513f5b522a833600df2309408c22ed3, service:dns, source:alert, team:network",2025-01-30 09:50:15,[Recovered] trms-ui-dev.adb.org DNS resolution via DNS1 - Network,success
AwAAAZS05emQ72hElQAAABhBWlMwNWV4cUFBRFlLWWVGaVA1Y05NbDgAAAAkMDE5NGI1NWQtOWEzMC00ZDIxLTg1ZWEtNmUzNWVhNjMyYTNiAAA-WA,event,"criticality:prod, env:dev, integration:azure, integration:azure_app_services, monitor, name:as-trms-ui-prd-sea, service:_trms, source:alert, team:fin",2025-01-30 09:49:14,[Recovered] [TRMS FIN UI PROD Azure App Service] Response Time Monitor - FIN,success
AwAAAZS05dIgL2oD2gAAABhBWlMwNWRUWUFBQy1xLTVBcDNoOHZob2MAAAAkMDE5NGI1NWQtOWEzMC00ZDIxLTg1ZWEtNmUzNWVhNjMyYTNiAAA-Vw,event,"criticality:prod, env:dev, env:prod, integration:azure, integration:azure_app_services, monitor, name:as-trms-ui-prd-sea, service:_trms, source:alert, team:, team:fin",2025-01-30 09:49:08,[Recovered] [TRMS PROD UI Azure App Service] Response Time Monitor - FIN,success
AwAAAZS05Bi4mtXWFAAAABhBWlMwNUJ3REFBQkhLTTh5OEpBeWl4OEMAAAAkMDE5NGI1NWQtOWEzMC00ZDIxLTg1ZWEtNmUzNWVhNjMyYTNiAAA-VA,event,"criticality:prod, env:dev, integration:azure, integration:azure_app_services, monitor, name:as-trms-ui-prd-sea, service:_trms, source:alert, team:fin",2025-01-30 09:47:15,[Warn] [TRMS FIN UI PROD Azure App Service] Response Time Monitor - FIN,warning
AwAAAZS04_1gdhkjqgAAABhBWlMwNUFEbkFBQjNfN3JOamlvcW9NNmkAAAAkMDE5NGI1NWQtOWEzMC00ZDIxLTg1ZWEtNmUzNWVhNjMyYTNiAAA-Uw,event,"criticality:prod, env:dev, env:prod, integration:azure, integration:azure_app_services, monitor, name:as-trms-ui-prd-sea, service:_trms, source:alert, team:, team:fin",2025-01-30 09:47:08,[Warn] [TRMS PROD UI Azure App Service] Response Time Monitor - FIN,warning
AwAAAZS04kAQzX2MBQAAABhBWlMwNGtKLUFBRDYzLWwwMDU0YzZWaDIAAAAkMDE5NGI1NWQtOWEzMC00ZDIxLTg1ZWEtNmUzNWVhNjMyYTNiAABA6Q,event,"check_status:live, check_type:api-dns, ci_execution_rule:blocking, criticality:prod, env:prod, monitor, probe_dc:pl:hq-prod-1-3513f5b522a833600df2309408c22ed3, service:dns, source:alert, team:network",2025-01-30 09:45:14,[Triggered] trms-ui-dev.adb.org DNS resolution via DNS1 - Network,error
AwAAAZS03paQHdpQdwAAABhBWlMwM3BycEFBRHJwQ3M1cnVkcWxkN0cAAAAkMDE5NGI1NWQtOWEzMC00ZDIxLTg1ZWEtNmUzNWVhNjMyYTNiAAA-RQ,event,"criticality:prod, env:dev, integration:azure, integration:azure_app_services, monitor, name:as-trms-ui-prd-sea, service:_trms, source:alert, team:fin",2025-01-30 09:41:14,[Triggered] [TRMS FIN UI PROD Azure App Service] Response Time Monitor - FIN,error
AwAAAZS03n8gFvbp4gAAABhBWlMwM29JYUFBQl9hT01fajFYdVFvbDQAAAAkMDE5NGI1NWQtOWEzMC00ZDIxLTg1ZWEtNmUzNWVhNjMyYTNiAAA-RA,event,"criticality:prod, env:dev, env:prod, integration:azure, integration:azure_app_services, monitor, name:as-trms-ui-prd-sea, service:_trms, source:alert, team:, team:fin",2025-01-30 09:41:08,[Triggered] [TRMS PROD UI Azure App Service] Response Time Monitor - FIN,error
AwAAAZS03bvQZ4-CHwAAABhBWlMwM2VsX0FBRHdhSU9zR21IWGRJRmgAAAAkMDE5NGI1NWQtOWEzMC00ZDIxLTg1ZWEtNmUzNWVhNjMyYTNiAAA-Qw,event,"criticality:prod, env:dev, integration:azure, integration:azure_app_services, monitor, name:as-trms-ui-prd-sea, service:_trms, source:alert, team:fin",2025-01-30 09:40:18,[Warn] [TRMS FIN UI PROD Azure App Service] Response Time Monitor - FIN,warning
AwAAAZS03ZTAZNcGVgAAABhBWlMwM2RhUUFBQ3JRRXc2QUpsTjhtbVQAAAAkMDE5NGI1NWQtOWEzMC00ZDIxLTg1ZWEtNmUzNWVhNjMyYTNiAAA-QQ,event,"criticality:prod, env:dev, env:prod, integration:azure, integration:azure_app_services, monitor, name:as-trms-ui-prd-sea, service:_trms, source:alert, team:, team:fin",2025-01-30 09:40:08,[Warn] [TRMS PROD UI Azure App Service] Response Time Monitor - FIN,warning
AwAAAZS029tY9kulAQAAABhBWlMwMjl6VkFBQ0llc3ZHZ05fMUhVbjgAAAAkMDE5NGI1NWQtOWEzMC00ZDIxLTg1ZWEtNmUzNWVhNjMyYTNiAAA-Pw,event,"criticality:prod, env:dev, integration:azure, integration:azure_app_services, monitor, name:as-trms-ui-prd-sea, service:_trms, source:alert, team:fin",2025-01-30 09:38:15,[Triggered] [TRMS FIN UI PROD Azure App Service] Response Time Monitor - FIN,error
AwAAAZS028PouOLq-QAAABhBWlMwMjhVdEFBRGdmc1NNN3l1QUFfRDEAAAAkMDE5NGI1NWQtOWEzMC00ZDIxLTg1ZWEtNmUzNWVhNjMyYTNiAAA-Pg,event,"criticality:prod, env:dev, env:prod, integration:azure, integration:azure_app_services, monitor, name:as-trms-ui-prd-sea, service:_trms, source:alert, team:, team:fin",2025-01-30 09:38:09,[Triggered] [TRMS PROD UI Azure App Service] Response Time Monitor - FIN,error
AwAAAZS02vD4xS2OFwAAABhBWlMwMnZNSkFBREQ5LXgwXzlLRkptRDgAAAAkMDE5NGI1NWQtOWEzMC00ZDIxLTg1ZWEtNmUzNWVhNjMyYTNiAAA-PQ,event,"criticality:prod, env:dev, integration:azure, integration:azure_app_services, monitor, name:as-trms-ui-prd-sea, service:_trms, source:alert, team:fin",2025-01-30 09:37:15,[Warn] [TRMS FIN UI PROD Azure App Service] Response Time Monitor - FIN,warning
AwAAAZS02tWgkUxqewAAABhBWlMwMnRoM0FBQnpwbmttUENNam9KcFYAAAAkMDE5NGI1NWQtOWEzMC00ZDIxLTg1ZWEtNmUzNWVhNjMyYTNiAAA-PA,event,"criticality:prod, env:dev, env:prod, integration:azure, integration:azure_app_services, monitor, name:as-trms-ui-prd-sea, service:_trms, source:alert, team:, team:fin",2025-01-30 09:37:08,[Warn] [TRMS PROD UI Azure App Service] Response Time Monitor - FIN,warning
AwAAAZS02gKwrp6OFwAAABhBWlMwMmdlckFBRHJ2VGZGVEhoS2lINFAAAAAkMDE5NGI1NWQtOWEzMC00ZDIxLTg1ZWEtNmUzNWVhNjMyYTNiAAA-MQ,event,"criticality:prod, env:dev, integration:azure, integration:azure_app_services, monitor, name:as-trms-ui-prd-sea, service:_trms, source:alert, team:fin",2025-01-30 09:36:14,[Recovered] [TRMS FIN UI PROD Azure App Service] Response Time Monitor - FIN,success
AwAAAZS02etA6emuqAAAABhBWlMwMmU4bEFBQWFycnUxZG80NjVzdmkAAAAkMDE5NGI1NWQtOWEzMC00ZDIxLTg1ZWEtNmUzNWVhNjMyYTNiAAA-MA,event,"criticality:prod, env:dev, env:prod, integration:azure, integration:azure_app_services, monitor, name:as-trms-ui-prd-sea, service:_trms, source:alert, team:, team:fin",2025-01-30 09:36:08,[Recovered] [TRMS PROD UI Azure App Service] Response Time Monitor - FIN,success
AwAAAZS01W7QWNXJggAAABhBWlMwMVhJakFBRGpBR1JBeWtiNFFveVoAAAAkMDE5NGI1NWQtOWEzMC00ZDIxLTg1ZWEtNmUzNWVhNjMyYTNiAAA-KQ,event,"criticality:prod, env:dev, integration:azure, integration:azure_app_services, monitor, name:as-trms-ui-prd-sea, service:_trms, source:alert, team:fin",2025-01-30 09:31:14,[Warn] [TRMS FIN UI PROD Azure App Service] Response Time Monitor - FIN,warning
AwAAAZS01VtIrXWV7gAAABhBWlMwMVZ2NUFBQkNoZHVtN2dRTW1ZRloAAAAkMDE5NGI1NWQtOWEzMC00ZDIxLTg1ZWEtNmUzNWVhNjMyYTNiAAA-KA,event,"criticality:prod, env:dev, env:prod, integration:azure, integration:azure_app_services, monitor, name:as-trms-ui-prd-sea, service:_trms, source:alert, team:, team:fin",2025-01-30 09:31:09,[Warn] [TRMS PROD UI Azure App Service] Response Time Monitor - FIN,warning
AwAAAZS0rhSYDJlS7wAAABhBWlMwcmhhc0FBQkNqNG9SZ3BUSGZtSTcAAAAkMDE5NGI1NWQtOWEzMC00ZDIxLTg1ZWEtNmUzNWVhNjMyYTNiAAA9iw,event,"criticality:prod, env:dev, integration:azure, integration:azure_app_services, monitor, name:as-trms-ui-prd-sea, service:_trms, source:alert, team:fin",2025-01-30 08:48:15,[Recovered] [TRMS FIN UI PROD Azure App Service] Response Time Monitor - FIN,success
AwAAAZS0rf0om-9BzQAAABhBWlMwcmY5NkFBQk5waV9CR0p1cnhQQmoAAAAkMDE5NGI1NWQtOWEzMC00ZDIxLTg1ZWEtNmUzNWVhNjMyYTNiAAA9ig,event,"criticality:prod, env:dev, env:prod, integration:azure, integration:azure_app_services, monitor, name:as-trms-ui-prd-sea, service:_trms, source:alert, team:, team:fin",2025-01-30 08:48:09,[Recovered] [TRMS PROD UI Azure App Service] Response Time Monitor - FIN,success
AwAAAZS0psGYESGzxgAAABhBWlMwcHNRZEFBQjZCdnJwQmVJOEVhZkQAAAAkMDE5NGI1NWQtOWEzMC00ZDIxLTg1ZWEtNmUzNWVhNjMyYTNiAAA9eg,event,"criticality:prod, env:dev, integration:azure, integration:azure_app_services, monitor, name:as-trms-ui-prd-sea, service:_trms, source:alert, team:fin",2025-01-30 08:40:15,[Warn] [TRMS FIN UI PROD Azure App Service] Response Time Monitor - FIN,warning
AwAAAZS0pqZAucEElAAAABhBWlMwcHFtVkFBQ2FfcU1IdVZWekdaNHAAAAAkMDE5NGI1NWQtOWEzMC00ZDIxLTg1ZWEtNmUzNWVhNjMyYTNiAAA9eQ,event,"criticality:prod, env:dev, env:prod, integration:azure, integration:azure_app_services, monitor, name:as-trms-ui-prd-sea, service:_trms, source:alert, team:, team:fin",2025-01-30 08:40:08,[Warn] [TRMS PROD UI Azure App Service] Response Time Monitor - FIN,warning
AwAAAZS0mtbQE7R4mAAAABhBWlMwbXRvU0FBQjZPV0Y3SmROeFJ2ZVoAAAAkMDE5NGI1NWQtOWEzMC00ZDIxLTg1ZWEtNmUzNWVhNjMyYTNiAAA9Xg,event,"criticality:prod, env:dev, integration:azure, integration:azure_app_services, monitor, name:as-trms-ui-prd-sea, service:_trms, source:alert, team:fin",2025-01-30 08:27:14,[Recovered] [TRMS FIN UI PROD Azure App Service] Response Time Monitor - FIN,success
AwAAAZS0msNIw5X6bQAAABhBWlMwbXNUTUFBQzhzVUZuM0JNV3dVMmkAAAAkMDE5NGI1NWQtOWEzMC00ZDIxLTg1ZWEtNmUzNWVhNjMyYTNiAAA9XQ,event,"criticality:prod, env:dev, env:prod, integration:azure, integration:azure_app_services, monitor, name:as-trms-ui-prd-sea, service:_trms, source:alert, team:, team:fin",2025-01-30 08:27:09,[Recovered] [TRMS PROD UI Azure App Service] Response Time Monitor - FIN,success
AwAAAZS0mQIQiRKV7gAAABhBWlMwbVFZWkFBQS1KWGdqZC1QdExsQ2cAAAAkMDE5NGI1NWQtOWEzMC00ZDIxLTg1ZWEtNmUzNWVhNjMyYTNiAAA9Vg,event,"criticality:prod, env:dev, integration:azure, integration:azure_app_services, monitor, name:as-trms-ui-prd-sea, service:_trms, source:alert, team:fin",2025-01-30 08:25:14,[Warn] [TRMS FIN UI PROD Azure App Service] Response Time Monitor - FIN,warning
AwAAAZS0mOqg-Ja6owAAABhBWlMwbU85QkFBQTB5Qno0Q1A0aThMaHgAAAAkMDE5NGI1NWQtOWEzMC00ZDIxLTg1ZWEtNmUzNWVhNjMyYTNiAAA9VQ,event,"criticality:prod, env:dev, env:prod, integration:azure, integration:azure_app_services, monitor, name:as-trms-ui-prd-sea, service:_trms, source:alert, team:, team:fin",2025-01-30 08:25:08,[Warn] [TRMS PROD UI Azure App Service] Response Time Monitor - FIN,warning
AwAAAZS0cafYTUdqewAAABhBWlMwY2F3MUFBQWhodFEwSGNsZ1JvY1AAAAAkMDE5NGI0ODEtZTAzMC00YzVlLWI5NDEtY2MxZDczNzFmZDFhAAA4fQ,event,"criticality:prod, env:dev, integration:azure, integration:azure_app_services, monitor, name:as-trms-ui-prd-sea, service:_trms, source:alert, team:fin",2025-01-30 07:42:15,[Recovered] [TRMS FIN UI PROD Azure App Service] Response Time Monitor - FIN,success
AwAAAZS0cYyAoi4ToQAAABhBWlMwY1lfd0FBQ1YxZTBtOXhYV0xYY3IAAAAkMDE5NGI0ODEtZTAzMC00YzVlLWI5NDEtY2MxZDczNzFmZDFhAAA4fA,event,"criticality:prod, env:dev, env:prod, integration:azure, integration:azure_app_services, monitor, name:as-trms-ui-prd-sea, service:_trms, source:alert, team:, team:fin",2025-01-30 07:42:08,[Recovered] [TRMS PROD UI Azure App Service] Response Time Monitor - FIN,success
AwAAAZS0bf5Y3mibvgAAABhBWlMwYmdLR0FBQzQ0NHFfS0YzVDNBNjMAAAAkMDE5NGI0ODEtZTAzMC00YzVlLWI5NDEtY2MxZDczNzFmZDFhAAA4eQ,event,"criticality:prod, env:dev, integration:azure, integration:azure_app_services, monitor, name:as-trms-ui-prd-sea, service:_trms, source:alert, team:fin",2025-01-30 07:38:15,[Warn] [TRMS FIN UI PROD Azure App Service] Response Time Monitor - FIN,warning
AwAAAZS0beMAa3OcKQAAABhBWlMwYmVVcEFBRC1MekFHaE5pemJpMmcAAAAkMDE5NGI0ODEtZTAzMC00YzVlLWI5NDEtY2MxZDczNzFmZDFhAAA4eA,event,"criticality:prod, env:dev, env:prod, integration:azure, integration:azure_app_services, monitor, name:as-trms-ui-prd-sea, service:_trms, source:alert, team:, team:fin",2025-01-30 07:38:08,[Warn] [TRMS PROD UI Azure App Service] Response Time Monitor - FIN,warning
AwAAAZS0T0r4CD1xIAAAABhBWlMwVDB6LUFBRHVtLXA4dUdwdXpGWTEAAAAkMDE5NGI0ODEtZTAzMC00YzVlLWI5NDEtY2MxZDczNzFmZDFhAAA0SQ,event,"criticality:prod, dd_agent_key:adb, dd_agent_pythonv:3.12.6, dd_agent_version:7.59.0, domain_name:adb.local, env:prod, host:wpwvd-trms-1.adb.local, ip_subnet2:10.112, ip_subnet3:10.112.126, ip_subnet:10, monitor, os_version:windows_server_2019_datacenter, os_version_release:windows_server_2019_datacenter, os_version_windows:10.0_build_17763, platform:windows, region:azure, risk:financial, role:avd, service:trms, source:alert, system:trms, team:cyber_agents, team:windows",2025-01-30 07:04:43,[Recovered on {host:wpwvd-trms-1.adb.local}] Nessus Agent in Windows Server wpwvd-trms-1.adb.local Stopped Running - Cyber,success
AwAAAZS0Tzdw4XB50QAAABhBWlMwVHp2REFBRGlmaXpUQm1jb2hMX3AAAAAkMDE5NGI0ODEtZTAzMC00YzVlLWI5NDEtY2MxZDczNzFmZDFhAAA4tQ,event,"criticality:prod, dd_agent_key:adb, dd_agent_pythonv:3.12.6, dd_agent_version:7.59.0, domain_name:adb.local, env:prod, host:wpwvd-trms-1.adb.local, ip_subnet2:10.112, ip_subnet3:10.112.126, ip_subnet:10, monitor, os_version:windows_server_2019_datacenter, os_version_release:windows_server_2019_datacenter, os_version_windows:10.0_build_17763, platform:windows, region:azure, risk:financial, role:avd, service:trms, source:alert, system:trms, team:risk, team:windows",2025-01-30 07:04:38,[P1] [Recovered] Host Uptime Monitor:TRMS - FIN,success
AwAAAZS0TqMAs5rubAAAABhBWlMwVHFYNkFBQ1RsM0FHdDNDVlJQWWsAAAAkMDE5NGI0ODEtZTAzMC00YzVlLWI5NDEtY2MxZDczNzFmZDFhAAA4tA,event,"criticality:prod, dd_agent_key:adb, dd_agent_pythonv:3.12.6, dd_agent_version:7.59.0, domain_name:adb.local, env:prod, host:wpwvd-trms-1.adb.local, ip_subnet2:10.112, ip_subnet3:10.112.126, ip_subnet:10, monitor, os_version:windows_server_2019_datacenter, os_version_release:windows_server_2019_datacenter, os_version_windows:10.0_build_17763, platform:windows, region:azure, risk:financial, role:avd, service:trms, source:alert, system:trms, team:risk, team:windows",2025-01-30 07:04:00,[Recovered on {host:wpwvd-trms-1.adb.local}] TRMS Hosts Data Dog Agent Check - FIN,success
AwAAAZS0TngISYdCFQAAABhBWlMwVHBOZ0FBREZ3Skd6S1EzbVdXZW0AAAAkMDE5NGI0ODEtZTAzMC00YzVlLWI5NDEtY2MxZDczNzFmZDFhAAAAHg,event,"criticality:prod, dd_agent_key:adb, dd_agent_pythonv:3.12.6, dd_agent_version:7.59.0, domain_name:adb.local, env:prod, ip_subnet2:10.112, ip_subnet3:10.112.126, ip_subnet:10, os_version:windows_server_2019_datacenter, os_version_release:windows_server_2019_datacenter, os_version_windows:10.0_build_17763, platform:windows, region:azure, risk:financial, role:avd, service:trms, source:datadog, system:trms, team:windows",2025-01-30 07:03:49,Datadog agent (v. 7.59.0) started on wpwvd-trms-1.adb.local,info
AwAAAZS0TfM4KpQD2gAAABhBWlMwVGZSU0FBQ0xYZ2RrampjekpaVngAAAAkMDE5NGI0ODEtZTAzMC00YzVlLWI5NDEtY2MxZDczNzFmZDFhAAA3VQ,event,"criticality:prod, env:dev, integration:azure, integration:azure_app_services, monitor, name:as-trms-ui-prd-sea, service:_trms, source:alert, team:fin",2025-01-30 07:03:15,[Recovered] [TRMS FIN UI PROD Azure App Service] Response Time Monitor - FIN,success
AwAAAZS0TdvIUyq6owAAABhBWlMwVGQxX0FBQ1V2UXVSMzl0TW02UnMAAAAkMDE5NGI0ODEtZTAzMC00YzVlLWI5NDEtY2MxZDczNzFmZDFhAAA3VA,event,"criticality:prod, env:dev, env:prod, integration:azure, integration:azure_app_services, monitor, name:as-trms-ui-prd-sea, service:_trms, source:alert, team:, team:fin",2025-01-30 07:03:09,[Recovered] [TRMS PROD UI Azure App Service] Response Time Monitor - FIN,success
AwAAAZS0RbXYMe75AQAAABhBWlMwUmJqNkFBRFE5ZkhXQTNDSWpWRDgAAAAkMDE5NGI0ODEtZTAzMC00YzVlLWI5NDEtY2MxZDczNzFmZDFhAAA3TA,event,"criticality:prod, env:dev, integration:azure, integration:azure_app_services, monitor, name:as-trms-ui-prd-sea, service:_trms, source:alert, team:fin",2025-01-30 06:54:15,[Warn] [TRMS FIN UI PROD Azure App Service] Response Time Monitor - FIN,warning
AwAAAZS0RZqAfXbWFAAAABhBWlMwUlo1ZUFBQVUwQjRiNGZ3ckkwSE4AAAAkMDE5NGI0ODEtZTAzMC00YzVlLWI5NDEtY2MxZDczNzFmZDFhAAA3Sw,event,"criticality:prod, env:dev, env:prod, integration:azure, integration:azure_app_services, monitor, name:as-trms-ui-prd-sea, service:_trms, source:alert, team:, team:fin",2025-01-30 06:54:08,[Warn] [TRMS PROD UI Azure App Service] Response Time Monitor - FIN,warning
AwAAAZS0GilosU_0zwAAABhBWlMwR2kycUFBQV80b3F4eExIZlJWRWEAAAAkMDE5NGI0ODEtZTAzMC00YzVlLWI5NDEtY2MxZDczNzFmZDFhAAA0Hg,event,"criticality:prod, dd_agent_key:adb, dd_agent_pythonv:3.12.6, dd_agent_version:7.59.0, domain_name:adb.local, env:prod, host:wpwvd-trms-1.adb.local, ip_subnet2:10.112, ip_subnet3:10.112.126, ip_subnet:10, monitor, os_version:windows_server_2019_datacenter, os_version_release:windows_server_2019_datacenter, os_version_windows:10.0_build_17763, platform:windows, region:azure, risk:financial, role:avd, service:trms, source:alert, system:trms, team:cyber_agents, team:windows",2025-01-30 06:06:41,[Re-Triggered on {host:wpwvd-trms-1.adb.local}] Nessus Agent in Windows Server wpwvd-trms-1.adb.local Stopped Running - Cyber,error
AwAAAZSz4z7QfyUM6gAAABhBWlN6NDBHekFBQ0pDcWt6ZG9DLTduamcAAAAkMDE5NGI0ODEtZTAzMC00YzVlLWI5NDEtY2MxZDczNzFmZDFhAAAz-g,event,"criticality:prod, dd_agent_key:adb, dd_agent_pythonv:3.12.6, dd_agent_version:7.59.0, domain_name:adb.local, env:prod, host:wpwvd-trms-1.adb.local, ip_subnet2:10.112, ip_subnet3:10.112.126, ip_subnet:10, monitor, os_version:windows_server_2019_datacenter, os_version_release:windows_server_2019_datacenter, os_version_windows:10.0_build_17763, platform:windows, region:azure, risk:financial, role:avd, service:trms, source:alert, system:trms, team:cyber_agents, team:windows",2025-01-30 05:06:42,[Re-Triggered on {host:wpwvd-trms-1.adb.local}] Nessus Agent in Windows Server wpwvd-trms-1.adb.local Stopped Running - Cyber,error
AwAAAZSzrExonynubAAAABhBWlN6ckVfZUFBQk05bTVkd09UdUllX1oAAAAkMDE5NGI0ODEtZTAzMC00YzVlLWI5NDEtY2MxZDczNzFmZDFhAAAz0Q,event,"criticality:prod, dd_agent_key:adb, dd_agent_pythonv:3.12.6, dd_agent_version:7.59.0, domain_name:adb.local, env:prod, host:wpwvd-trms-1.adb.local, ip_subnet2:10.112, ip_subnet3:10.112.126, ip_subnet:10, monitor, os_version:windows_server_2019_datacenter, os_version_release:windows_server_2019_datacenter, os_version_windows:10.0_build_17763, platform:windows, region:azure, risk:financial, role:avd, service:trms, source:alert, system:trms, team:cyber_agents, team:windows",2025-01-30 04:06:41,[Re-Triggered on {host:wpwvd-trms-1.adb.local}] Nessus Agent in Windows Server wpwvd-trms-1.adb.local Stopped Running - Cyber,error
AwAAAZSzdWHQCCrWFAAAABhBWlN6ZFdNRUFBQ2NKVXB3cTRjVHZEdDYAAAAkMDE5NGIzYTYtMjYzMC00YmIzLTkzM2EtZjFkZmFhYzhkODQwAAA3nw,event,"criticality:prod, dd_agent_key:adb, dd_agent_pythonv:3.12.6, dd_agent_version:7.59.0, domain_name:adb.local, env:prod, host:wpwvd-trms-1.adb.local, ip_subnet2:10.112, ip_subnet3:10.112.126, ip_subnet:10, monitor, os_version:windows_server_2019_datacenter, os_version_release:windows_server_2019_datacenter, os_version_windows:10.0_build_17763, platform:windows, region:azure, risk:financial, role:avd, service:trms, source:alert, system:trms, team:cyber_agents, team:windows",2025-01-30 03:06:42,[Re-Triggered on {host:wpwvd-trms-1.adb.local}] Nessus Agent in Windows Server wpwvd-trms-1.adb.local Stopped Running - Cyber,error
AwAAAZSzPm9oqOkiLwAAABhBWlN6UG5MM0FBQkhWc1JwT00xcVR6ME8AAAAkMDE5NGIzYTYtMjYzMC00YmIzLTkzM2EtZjFkZmFhYzhkODQwAAA3dQ,event,"criticality:prod, dd_agent_key:adb, dd_agent_pythonv:3.12.6, dd_agent_version:7.59.0, domain_name:adb.local, env:prod, host:wpwvd-trms-1.adb.local, ip_subnet2:10.112, ip_subnet3:10.112.126, ip_subnet:10, monitor, os_version:windows_server_2019_datacenter, os_version_release:windows_server_2019_datacenter, os_version_windows:10.0_build_17763, platform:windows, region:azure, risk:financial, role:avd, service:trms, source:alert, system:trms, team:cyber_agents, team:windows",2025-01-30 02:06:41,[Re-Triggered on {host:wpwvd-trms-1.adb.local}] Nessus Agent in Windows Server wpwvd-trms-1.adb.local Stopped Running - Cyber,error
AwAAAZSzB4DoboCOFwAAABhBWlN6QjRWREFBQXZRRFpWMzJQY281SEUAAAAkMDE5NGIzYTYtMjYzMC00YmIzLTkzM2EtZjFkZmFhYzhkODQwAAA3UQ,event,"criticality:prod, dd_agent_key:adb, dd_agent_pythonv:3.12.6, dd_agent_version:7.59.0, domain_name:adb.local, env:prod, host:wpwvd-trms-1.adb.local, ip_subnet2:10.112, ip_subnet3:10.112.126, ip_subnet:10, monitor, os_version:windows_server_2019_datacenter, os_version_release:windows_server_2019_datacenter, os_version_windows:10.0_build_17763, platform:windows, region:azure, risk:financial, role:avd, service:trms, source:alert, system:trms, team:cyber_agents, team:windows",2025-01-30 01:06:41,[Triggered on {host:wpwvd-trms-1.adb.local}] Nessus Agent in Windows Server wpwvd-trms-1.adb.local Stopped Running - Cyber,error
AwAAAZSy0ccAwg_OlgAAABhBWlN5MGNsM0FBQmpZdWloclB3ZmlkTEcAAAAkMDE5NGIzYTYtMjYzMC00YmIzLTkzM2EtZjFkZmFhYzhkODQwAAA7_w,event,"criticality:prod, dd_agent_key:adb, dd_agent_pythonv:3.12.6, dd_agent_version:7.59.0, domain_name:adb.local, env:prod, host:wpwvd-trms-1.adb.local, ip_subnet2:10.112, ip_subnet3:10.112.126, ip_subnet:10, monitor, os_version:windows_server_2019_datacenter, os_version_release:windows_server_2019_datacenter, os_version_windows:10.0_build_17763, platform:windows, region:azure, risk:financial, role:avd, service:trms, source:alert, system:trms, team:risk, team:windows",2025-01-30 00:08:00,[Triggered on {host:wpwvd-trms-1.adb.local}] TRMS Hosts Data Dog Agent Check - FIN,error
AwAAAZSy0XEQPcP-vAAAABhBWlN5MFhUZ0FBRDhfTXg3R3hhWVFhclMAAAAkMDE5NGIzYTYtMjYzMC00YmIzLTkzM2EtZjFkZmFhYzhkODQwAAA7_g,event,"criticality:prod, dd_agent_key:adb, dd_agent_pythonv:3.12.6, dd_agent_version:7.59.0, domain_name:adb.local, env:prod, host:wpwvd-trms-1.adb.local, ip_subnet2:10.112, ip_subnet3:10.112.126, ip_subnet:10, monitor, os_version:windows_server_2019_datacenter, os_version_release:windows_server_2019_datacenter, os_version_windows:10.0_build_17763, platform:windows, region:azure, risk:financial, role:avd, service:trms, source:alert, system:trms, team:risk, team:windows",2025-01-30 00:07:38,[P1] [Triggered] Host Uptime Monitor:TRMS - FIN,error
AwAAAZSyw1uYXKXOlgAAABhBWlN5dzE3ZUFBQkttYVItYklaWUk1QVYAAAAkMDE5NGIyY2EtNzAxOC00OGY0LTk1MjYtN2YzMmU3ZDVkMmUwAAA8PA,event,"availability-zone:azure, criticality:non-prod, criticality:prod, db:oracle, dd_agent_key:adb, dd_agent_pythonv:3.12.6, dd_agent_version:7.60.1, device:/mnt/trms, domain_name:adb.org, env:dev, env:prod, env:test, host:ldazdb1.adb.org, ip_subnet2:10.114, ip_subnet3:10.114.128, ip_subnet:10, monitor, os_version:redhat_8.10, os_version_release:redhat_8, os_version_windows:none, platform:linux, role:database, service:_trms, service:non_erp, service:tacp, source:alert, system:tacp, team:, team:dba",2025-01-29 23:52:15,[Recovered on {host:ldazdb1.adb.org}] TRMS Disk Usage of /mnt/trms - RISK - FIN,success
AwAAAZSywtqwyG35AQAAABhBWlN5d3R4VkFBQ0pBcXhBU1ZSVHBuMGQAAAAkMDE5NGIyY2EtNzAxOC00OGY0LTk1MjYtN2YzMmU3ZDVkMmUwAAA8OQ,event,"availability-zone:azure, criticality:non-prod, db:oracle, dd_agent_key:adb, dd_agent_pythonv:3.12.6, dd_agent_version:7.60.1, device:/mnt/trms, domain_name:adb.org, env:dev, env:prod, env:test, host:ldazdb1.adb.org, ip_subnet2:10.114, ip_subnet3:10.114.128, ip_subnet:10, monitor, os_version:redhat_8.10, os_version_release:redhat_8, os_version_windows:none, platform:linux, role:database, service:non_erp, service:tacp, service:unix, source:alert, system:tacp, team:dba, team:unix",2025-01-29 23:51:42,[Recovered on {host:ldazdb1.adb.org}] NFS Mount Check for /mnt/trms - Unix,success
AwAAAZSywphIwRZw8wAAABhBWlN5d3ByckFBQzhSMWJsNGxsMkdrS1UAAAAkMDE5NGIyY2EtNzAxOC00OGY0LTk1MjYtN2YzMmU3ZDVkMmUwAAA8Ww,event,"availability-zone:azure, criticality:non-prod, db:oracle, dd_agent_key:adb, dd_agent_pythonv:3.12.6, dd_agent_version:7.60.1, domain_name:adb.org, env:dev, host:ldazdb1.adb.org, ip_subnet2:10.114, ip_subnet3:10.114.128, ip_subnet:10, monitor, os_version:redhat_8.10, os_version_release:redhat_8, os_version_windows:none, platform:linux, role:database, service:_trms, service:non_erp, service:tacp, source:alert, system:tacp, team:dba, team:fin",2025-01-29 23:51:25,[Recovered] [TRMS Oracle] Service Check - FIN,success
AwAAAZSywfBQknTHngAAABhBWlN5d2ZJcUFBQWFBcXBpOHdHb2RsakMAAAAkMDE5NGIyY2EtNzAxOC00OGY0LTk1MjYtN2YzMmU3ZDVkMmUwAAA8Ng,event,"availability-zone:azure, criticality:non-prod, db:oracle, dd_agent_key:adb, dd_agent_pythonv:3.12.6, dd_agent_version:7.60.1, device:/mnt/trms, domain_name:adb.org, env:dev, env:prod, env:test, host:ldazdb1.adb.org, ip_subnet2:10.114, ip_subnet3:10.114.128, ip_subnet:10, monitor, os_version:redhat_8.10, os_version_release:redhat_8, os_version_windows:none, platform:linux, role:database, service:non_erp, service:tacp, service:unix, source:alert, system:tacp, team:dba, team:unix",2025-01-29 23:50:42,[No data on {host:ldazdb1.adb.org}] NFS Mount Check for /mnt/trms - Unix,error
AwAAAZSywYrA3isC_AAAABhBWlN5d1l3WEFBQzg1RWo2S1hoZjNrUzEAAAAkMDE5NGIyY2EtNzAxOC00OGY0LTk1MjYtN2YzMmU3ZDVkMmUwAAA8Mg,event,"availability-zone:azure, criticality:non-prod, criticality:prod, db:oracle, dd_agent_key:adb, dd_agent_pythonv:3.12.6, dd_agent_version:7.60.1, device:/mnt/trms, domain_name:adb.org, env:dev, env:prod, env:test, host:ldazdb1.adb.org, ip_subnet2:10.114, ip_subnet3:10.114.128, ip_subnet:10, monitor, os_version:redhat_8.10, os_version_release:redhat_8, os_version_windows:none, platform:linux, role:database, service:_trms, service:non_erp, service:tacp, source:alert, system:tacp, team:, team:dba",2025-01-29 23:50:16,[No data on {host:ldazdb1.adb.org}] TRMS Disk Usage of /mnt/trms - RISK - FIN,error
AwAAAZSyulrojnecKQAAABhBWlN5dWwzZEFBQ3U5clltMmJpeTVvbUMAAAAkMDE5NGIyY2EtNzAxOC00OGY0LTk1MjYtN2YzMmU3ZDVkMmUwAAA8Vw,event,"availability-zone:azure, criticality:non-prod, db:oracle, dd_agent_key:adb, dd_agent_pythonv:3.12.6, dd_agent_version:7.60.1, domain_name:adb.org, env:dev, host:ldazdb1.adb.org, ip_subnet2:10.114, ip_subnet3:10.114.128, ip_subnet:10, monitor, os_version:redhat_8.10, os_version_release:redhat_8, os_version_windows:none, platform:linux, role:database, service:_trms, service:non_erp, service:tacp, source:alert, system:tacp, team:dba, team:fin",2025-01-29 23:42:25,[Triggered] [TRMS Oracle] Service Check - FIN,error
AwAAAZSymQPA_PubvgAAABhBWlN5bVFZZ0FBQ1duYVlra24yNHJWYnQAAAAkMDE5NGIyY2EtNzAxOC00OGY0LTk1MjYtN2YzMmU3ZDVkMmUwAAA8Ug,event,"criticality:prod, dd_agent_key:adb, dd_agent_pythonv:3.12.6, dd_agent_version:7.59.0, domain_name:adb.local, env:prod, host:wpwvd-trms-0.adb.local, ip_subnet2:10.112, ip_subnet3:10.112.126, ip_subnet:10, monitor, os_version:windows_server_2019_datacenter, os_version_release:windows_server_2019_datacenter, os_version_windows:10.0_build_17763, platform:windows, region:azure, risk:financial, role:avd, service:trms, source:alert, system:trms, team:risk, team:windows, winserv:mam",2025-01-29 23:06:00,[Recovered on {host:wpwvd-trms-0.adb.local}] TRMS Hosts Data Dog Agent Check - FIN,success
AwAAAZSymFvITVotCAAAABhBWlN5bUg3d0FBQWgwYS1NczYycWs0c1cAAAAkMDE5NGIyY2EtNzAxOC00OGY0LTk1MjYtN2YzMmU3ZDVkMmUwAAAADA,event,"criticality:prod, dd_agent_key:adb, dd_agent_pythonv:3.12.6, dd_agent_version:7.59.0, domain_name:adb.local, env:prod, ip_subnet2:10.112, ip_subnet3:10.112.126, ip_subnet:10, os_version:windows_server_2019_datacenter, os_version_release:windows_server_2019_datacenter, os_version_windows:10.0_build_17763, platform:windows, region:azure, risk:financial, role:avd, service:trms, source:datadog, system:trms, team:windows, winserv:mam",2025-01-29 23:05:17,Datadog agent (v. 7.59.0) started on wpwvd-trms-0.adb.local,info
AwAAAZSymBlgGR658AAAABhBWlN5bUJ3TUFBQnlkTEM1SGdINTlpRksAAAAkMDE5NGIyY2EtNzAxOC00OGY0LTk1MjYtN2YzMmU3ZDVkMmUwAAA8UQ,event,"criticality:prod, dd_agent_key:adb, dd_agent_pythonv:3.12.6, dd_agent_version:7.59.0, domain_name:adb.local, env:prod, host:wpwvd-trms-0.adb.local, ip_subnet2:10.112, ip_subnet3:10.112.126, ip_subnet:10, monitor, os_version:windows_server_2019_datacenter, os_version_release:windows_server_2019_datacenter, os_version_windows:10.0_build_17763, platform:windows, region:azure, risk:financial, role:avd, service:trms, source:alert, system:trms, team:risk, team:windows, winserv:mam",2025-01-29 23:05:00,[Triggered on {host:wpwvd-trms-0.adb.local}] TRMS Hosts Data Dog Agent Check - FIN,error
AwAAAZSyNBAAW0y6owAAABhBWlN5TkJRVEFBQm5RZUVINDlHSi1RcE0AAAAkMDE5NGIyY2EtNzAxOC00OGY0LTk1MjYtN2YzMmU3ZDVkMmUwAAA8pQ,event,"check_status:live, check_type:api-dns, ci_execution_rule:blocking, criticality:prod, env:prod, monitor, probe_dc:pl:hq-prod-1-3513f5b522a833600df2309408c22ed3, service:dns, source:alert, team:network",2025-01-29 21:15:44,[Recovered] trms-ui-dev.adb.org DNS resolution via DNS1 - Network,success
AwAAAZSyL3wg5jmCHwAAABhBWlN5TDRCLUFBQTBpTFB5bFNiYllxVWsAAAAkMDE5NGIyY2EtNzAxOC00OGY0LTk1MjYtN2YzMmU3ZDVkMmUwAAA8oA,event,"check_status:live, check_type:api-dns, ci_execution_rule:blocking, criticality:prod, env:prod, monitor, probe_dc:pl:hq-prod-1-3513f5b522a833600df2309408c22ed3, service:dns, source:alert, team:network",2025-01-29 21:10:44,[Triggered] trms-ui-dev.adb.org DNS resolution via DNS1 - Network,error
AwAAAZSyKKI4--rubAAAABhBWlN5S0tQRkFBQU5LVmVVenJzQzJqVHIAAAAkMDE5NGIyY2EtNzAxOC00OGY0LTk1MjYtN2YzMmU3ZDVkMmUwAAA5UA,event,"criticality:prod, env:dev, integration:azure, integration:azure_app_services, monitor, name:as-trms-ui-prd-sea, service:_trms, source:alert, team:fin",2025-01-29 21:03:15,[Recovered] [TRMS FIN UI PROD Azure App Service] Response Time Monitor - FIN,success
AwAAAZSyKIbgl9-zxgAAABhBWlN5S0lzNUFBQUVlWEs3a1Y2aGNHdTkAAAAkMDE5NGIyY2EtNzAxOC00OGY0LTk1MjYtN2YzMmU3ZDVkMmUwAAA5Tw,event,"criticality:prod, env:dev, env:prod, integration:azure, integration:azure_app_services, monitor, name:as-trms-ui-prd-sea, service:_trms, source:alert, team:, team:fin",2025-01-29 21:03:08,[Recovered] [TRMS PROD UI Azure App Service] Response Time Monitor - FIN,success
AwAAAZSyJ7fYkrtXhQAAABhBWlN5SjdsWkFBQVhOU0R1ZEpSTlpjaFkAAAAkMDE5NGIyY2EtNzAxOC00OGY0LTk1MjYtN2YzMmU3ZDVkMmUwAAA5TQ,event,"criticality:prod, env:dev, integration:azure, integration:azure_app_services, monitor, name:as-trms-ui-prd-sea, service:_trms, source:alert, team:fin",2025-01-29 21:02:15,[Warn] [TRMS FIN UI PROD Azure App Service] Response Time Monitor - FIN,warning
AwAAAZSyJ6BobajZGQAAABhBWlN5SjZIa0FBRGkwYUlNbERXSHliZVoAAAAkMDE5NGIyY2EtNzAxOC00OGY0LTk1MjYtN2YzMmU3ZDVkMmUwAAA5TA,event,"criticality:prod, env:dev, env:prod, integration:azure, integration:azure_app_services, monitor, name:as-trms-ui-prd-sea, service:_trms, source:alert, team:, team:fin",2025-01-29 21:02:09,[Warn] [TRMS PROD UI Azure App Service] Response Time Monitor - FIN,warning
AwAAAZSyJBYoHUfWFAAAABhBWlN5SkJla0FBQzhRdGJVSnUzTFF3T0MAAAAkMDE5NGIyY2EtNzAxOC00OGY0LTk1MjYtN2YzMmU3ZDVkMmUwAAA5RQ,event,"criticality:prod, env:dev, integration:azure, integration:azure_app_services, monitor, name:as-trms-ui-prd-sea, service:_trms, source:alert, team:fin",2025-01-29 20:58:17,[Triggered] [TRMS FIN UI PROD Azure App Service] Response Time Monitor - FIN,error
AwAAAZSyI_boxb0LugAAABhBWlN5SV9pREFBQ29qWVUxNzlTVXJzem0AAAAkMDE5NGIyY2EtNzAxOC00OGY0LTk1MjYtN2YzMmU3ZDVkMmUwAAA5RA,event,"criticality:prod, env:dev, env:prod, integration:azure, integration:azure_app_services, monitor, name:as-trms-ui-prd-sea, service:_trms, source:alert, team:, team:fin",2025-01-29 20:58:09,[Triggered] [TRMS PROD UI Azure App Service] Response Time Monitor - FIN,error
AwAAAZSyIGDwXwqCHwAAABhBWlN5SUdPOEFBQTFiNWtRZEtNTFhqNVUAAAAkMDE5NGIyY2EtNzAxOC00OGY0LTk1MjYtN2YzMmU3ZDVkMmUwAAA5Ow,event,"criticality:prod, env:dev, integration:azure, integration:azure_app_services, monitor, name:as-trms-ui-prd-sea, service:_trms, source:alert, team:fin",2025-01-29 20:54:14,[Warn] [TRMS FIN UI PROD Azure App Service] Response Time Monitor - FIN,warning
AwAAAZSyIEmAGdyuqAAAABhBWlN5SUV4QkFBQ203UmZGTU12X1JYa0oAAAAkMDE5NGIyY2EtNzAxOC00OGY0LTk1MjYtN2YzMmU3ZDVkMmUwAAA5Og,event,"criticality:prod, env:dev, env:prod, integration:azure, integration:azure_app_services, monitor, name:as-trms-ui-prd-sea, service:_trms, source:alert, team:, team:fin",2025-01-29 20:54:08,[Warn] [TRMS PROD UI Azure App Service] Response Time Monitor - FIN,warning
AwAAAZSxij9YxBh8SwAAABhBWlN4aWtES0FBQnZvQXg4RW1HSENiTUIAAAAkMDE5NGIxZWUtYjYxOC00YzgxLWI5MzItOGI5NDdiOGVjMzg5AAA8oQ,event,"criticality:prod, env:dev, integration:azure, integration:azure_app_services, monitor, name:as-trms-ui-prd-sea, service:_trms, source:alert, team:fin",2025-01-29 18:10:15,[Recovered] [TRMS FIN UI PROD Azure App Service] Response Time Monitor - FIN,success
AwAAAZSxiiQAqWn0zwAAABhBWlN4aWlpOUFBRGI3OHh0SkxPWlNxUDQAAAAkMDE5NGIxZWUtYjYxOC00YzgxLWI5MzItOGI5NDdiOGVjMzg5AAA8oA,event,"criticality:prod, env:dev, env:prod, integration:azure, integration:azure_app_services, monitor, name:as-trms-ui-prd-sea, service:_trms, source:alert, team:, team:fin",2025-01-29 18:10:08,[Recovered] [TRMS PROD UI Azure App Service] Response Time Monitor - FIN,success
AwAAAZSxiVEQpovBQQAAABhBWlN4aVZSS0FBQ1VVanpmT04yamFKTUkAAAAkMDE5NGIxZWUtYjYxOC00YzgxLWI5MzItOGI5NDdiOGVjMzg5AAA8mw,event,"criticality:prod, env:dev, integration:azure, integration:azure_app_services, monitor, name:as-trms-ui-prd-sea, service:_trms, source:alert, team:fin",2025-01-29 18:09:14,[Warn] [TRMS FIN UI PROD Azure App Service] Response Time Monitor - FIN,warning
AwAAAZSxiTmgSM6bvgAAABhBWlN4aVR6bUFBRDZoQVJ1RkpwUTJOREcAAAAkMDE5NGIxZWUtYjYxOC00YzgxLWI5MzItOGI5NDdiOGVjMzg5AAA8mQ,event,"criticality:prod, env:dev, env:prod, integration:azure, integration:azure_app_services, monitor, name:as-trms-ui-prd-sea, service:_trms, source:alert, team:, team:fin",2025-01-29 18:09:08,[Warn] [TRMS PROD UI Azure App Service] Response Time Monitor - FIN,warning
AwAAAZSxd-_YVY3ZGQAAABhBWlN4ZF9FREFBQWZMYm95WnhtVy11SGwAAAAkMDE5NGIxZWUtYjYxOC00YzgxLWI5MzItOGI5NDdiOGVjMzg5AAA8Fw,event,"criticality:prod, env:dev, integration:azure, integration:azure_app_services, monitor, name:as-trms-ui-prd-sea, service:_trms, source:alert, team:fin",2025-01-29 17:50:15,[Triggered] [TRMS FIN UI PROD Azure App Service] Response Time Monitor - FIN,error
AwAAAZSxd9SALYZ8iAAAABhBWlN4ZDlma0FBQkQzQXNOcFZYRTZYVEIAAAAkMDE5NGIxZWUtYjYxOC00YzgxLWI5MzItOGI5NDdiOGVjMzg5AAA8Fg,event,"criticality:prod, env:dev, env:prod, integration:azure, integration:azure_app_services, monitor, name:as-trms-ui-prd-sea, service:_trms, source:alert, team:, team:fin",2025-01-29 17:50:08,[Triggered] [TRMS PROD UI Azure App Service] Response Time Monitor - FIN,error
AwAAAZSxdwV4cY4MtAAAABhBWlN4ZHdibUFBQ2FHbnZfX0loUFAwcVQAAAAkMDE5NGIxZWUtYjYxOC00YzgxLWI5MzItOGI5NDdiOGVjMzg5AAA8Ew,event,"criticality:prod, env:dev, integration:azure, integration:azure_app_services, monitor, name:as-trms-ui-prd-sea, service:_trms, source:alert, team:fin",2025-01-29 17:49:15,[Warn] [TRMS FIN UI PROD Azure App Service] Response Time Monitor - FIN,warning
AwAAAZSxduog2ndDRwAAABhBWlN4ZHUxVUFBQlg0QzZDQVhOSGVOMTIAAAAkMDE5NGIxZWUtYjYxOC00YzgxLWI5MzItOGI5NDdiOGVjMzg5AAA8Eg,event,"criticality:prod, env:dev, env:prod, integration:azure, integration:azure_app_services, monitor, name:as-trms-ui-prd-sea, service:_trms, source:alert, team:, team:fin",2025-01-29 17:49:08,[Warn] [TRMS PROD UI Azure App Service] Response Time Monitor - FIN,warning
AwAAAZSxBmVwTGYElAAAABhBWlN4Qm1nSEFBRGNQU3JXZkN2eF9uVmUAAAAkMDE5NGIxMTItZmMxOC00YjZiLTk5NDUtM2JhZmUwY2Y2YWI5AAA-UA,event,"criticality:prod, env:dev, integration:azure, integration:azure_app_services, monitor, name:as-trms-ui-prd-sea, service:_trms, source:alert, team:fin",2025-01-29 15:46:14,[Recovered] [TRMS FIN UI PROD Azure App Service] Response Time Monitor - FIN,success
AwAAAZSxBk4A-pebvgAAABhBWlN4QmxJZkFBRHhOd3gwcFlTQlRnYUwAAAAkMDE5NGIxMTItZmMxOC00YjZiLTk5NDUtM2JhZmUwY2Y2YWI5AAA-Tw,event,"criticality:prod, env:dev, env:prod, integration:azure, integration:azure_app_services, monitor, name:as-trms-ui-prd-sea, service:_trms, source:alert, team:, team:fin",2025-01-29 15:46:08,[Recovered] [TRMS PROD UI Azure App Service] Response Time Monitor - FIN,success
AwAAAZSxA6ZQGNcGVgAAABhBWlN4QTZvWkFBQjhrT2cwUERaeS1neXYAAAAkMDE5NGIxMTItZmMxOC00YjZiLTk5NDUtM2JhZmUwY2Y2YWI5AAA-TA,event,"criticality:prod, env:dev, integration:azure, integration:azure_app_services, monitor, name:as-trms-ui-prd-sea, service:_trms, source:alert, team:fin",2025-01-29 15:43:14,[Warn] [TRMS FIN UI PROD Azure App Service] Response Time Monitor - FIN,warning
AwAAAZSxA47g2YSuqAAAABhBWlN4QTVKYkFBQXBubHBCSkNBYll0U1gAAAAkMDE5NGIxMTItZmMxOC00YjZiLTk5NDUtM2JhZmUwY2Y2YWI5AAA-Sw,event,"criticality:prod, env:dev, env:prod, integration:azure, integration:azure_app_services, monitor, name:as-trms-ui-prd-sea, service:_trms, source:alert, team:, team:fin",2025-01-29 15:43:08,[Warn] [TRMS PROD UI Azure App Service] Response Time Monitor - FIN,warning
AwAAAZSw-2zYFHdKHAAAABhBWlN3LTNBSEFBREVvV2FjOGx1aWx1ek8AAAAkMDE5NGIxMTItZmMxOC00YjZiLTk5NDUtM2JhZmUwY2Y2YWI5AAA-Mg,event,"criticality:prod, env:dev, integration:azure, integration:azure_app_services, monitor, name:as-trms-ui-prd-sea, service:_trms, source:alert, team:fin",2025-01-29 15:34:15,[Re-Triggered] [TRMS FIN UI PROD Azure App Service] Response Time Monitor - FIN,error
AwAAAZSw-1GA-brVagAAABhBWlN3LTFWSkFBQUF6WjBva0NiZ05WQ0QAAAAkMDE5NGIxMTItZmMxOC00YjZiLTk5NDUtM2JhZmUwY2Y2YWI5AAA-MQ,event,"criticality:prod, env:dev, env:prod, integration:azure, integration:azure_app_services, monitor, name:as-trms-ui-prd-sea, service:_trms, source:alert, team:, team:fin",2025-01-29 15:34:08,[Re-Triggered] [TRMS PROD UI Azure App Service] Response Time Monitor - FIN,error
AwAAAZSw6Rlw0GMZGwAAABhBWlN3NlIxVUFBRFBGWDBIVUlWSi1BQkgAAAAkMDE5NGIxMTItZmMxOC00YjZiLTk5NDUtM2JhZmUwY2Y2YWI5AAA97w,event,"criticality:prod, env:dev, integration:azure, integration:azure_app_services, monitor, name:as-trms-ui-prd-sea, service:_trms, source:alert, team:fin",2025-01-29 15:14:14,[Triggered] [TRMS FIN UI PROD Azure App Service] Response Time Monitor - FIN,error
AwAAAZSw6QIAl0T6bQAAABhBWlN3NlFVWUFBRHY5cHBvUlRvN21NVngAAAAkMDE5NGIxMTItZmMxOC00YjZiLTk5NDUtM2JhZmUwY2Y2YWI5AAA97Q,event,"criticality:prod, env:dev, env:prod, integration:azure, integration:azure_app_services, monitor, name:as-trms-ui-prd-sea, service:_trms, source:alert, team:, team:fin",2025-01-29 15:14:08,[Triggered] [TRMS PROD UI Azure App Service] Response Time Monitor - FIN,error
AwAAAZSw50Sw1gNw8wAAABhBWlN3NTBpRUFBRHE1YTN1RHl1UG1CSE0AAAAkMDE5NGIxMTItZmMxOC00YjZiLTk5NDUtM2JhZmUwY2Y2YWI5AAA93Q,event,"criticality:prod, env:dev, integration:azure, integration:azure_app_services, monitor, name:as-trms-ui-prd-sea, service:_trms, source:alert, team:fin",2025-01-29 15:12:14,[Warn] [TRMS FIN UI PROD Azure App Service] Response Time Monitor - FIN,warning
AwAAAZSw5y1AidTCAgAAABhBWlN3NXpFckFBQkZSZXFyU0t4Y2JSV24AAAAkMDE5NGIxMTItZmMxOC00YjZiLTk5NDUtM2JhZmUwY2Y2YWI5AAA92w,event,"criticality:prod, env:dev, env:prod, integration:azure, integration:azure_app_services, monitor, name:as-trms-ui-prd-sea, service:_trms, source:alert, team:, team:fin",2025-01-29 15:12:08,[Warn] [TRMS PROD UI Azure App Service] Response Time Monitor - FIN,warning
AwAAAZSw2ndY64MnjQAAABhBWlN3Mm5lWkFBQ05QdDR2Y2JwaFlTT3gAAAAkMDE5NGIxMTItZmMxOC00YjZiLTk5NDUtM2JhZmUwY2Y2YWI5AAA9pg,event,"criticality:prod, env:dev, integration:azure, integration:azure_app_services, monitor, name:as-trms-ui-prd-sea, service:_trms, source:alert, team:fin",2025-01-29 14:58:15,[Triggered] [TRMS FIN UI PROD Azure App Service] Response Time Monitor - FIN,error
AwAAAZSw2l_oGHi58AAAABhBWlN3Mm1JS0FBQ25MU0xaN1B6YVl0cFkAAAAkMDE5NGIxMTItZmMxOC00YjZiLTk5NDUtM2JhZmUwY2Y2YWI5AAA9pQ,event,"criticality:prod, env:dev, env:prod, integration:azure, integration:azure_app_services, monitor, name:as-trms-ui-prd-sea, service:_trms, source:alert, team:, team:fin",2025-01-29 14:58:09,[Triggered] [TRMS PROD UI Azure App Service] Response Time Monitor - FIN,error
AwAAAZSw2KKYkmFzXwAAABhBWlN3MktPNUFBQmlnb21IdFl3VzgtdEYAAAAkMDE5NGIxMTItZmMxOC00YjZiLTk5NDUtM2JhZmUwY2Y2YWI5AAA9ow,event,"criticality:prod, env:dev, integration:azure, integration:azure_app_services, monitor, name:as-trms-ui-prd-sea, service:_trms, source:alert, team:fin",2025-01-29 14:56:15,[Warn] [TRMS FIN UI PROD Azure App Service] Response Time Monitor - FIN,warning
AwAAAZSw2Isobow4_AAAABhBWlN3Mkl3T0FBQ2RvZFN2QzJ2WlFhRFIAAAAkMDE5NGIxMTItZmMxOC00YjZiLTk5NDUtM2JhZmUwY2Y2YWI5AAA9og,event,"criticality:prod, env:dev, env:prod, integration:azure, integration:azure_app_services, monitor, name:as-trms-ui-prd-sea, service:_trms, source:alert, team:, team:fin",2025-01-29 14:56:09,[Warn] [TRMS PROD UI Azure App Service] Response Time Monitor - FIN,warning
AwAAAZSw0yRYPkVQdwAAABhBWlN3MHlmTkFBQ0g0a3FsVjhfOHhyTlMAAAAkMDE5NGIxMTItZmMxOC00YjZiLTk5NDUtM2JhZmUwY2Y2YWI5AAA9mg,event,"criticality:prod, env:dev, integration:azure, integration:azure_app_services, monitor, name:as-trms-ui-prd-sea, service:_trms, source:alert, team:fin",2025-01-29 14:50:15,[Recovered] [TRMS FIN UI PROD Azure App Service] Response Time Monitor - FIN,success
AwAAAZSw0wkA03GMBQAAABhBWlN3MHd5UEFBQjhOOWdhVm12VDlYQVEAAAAkMDE5NGIxMTItZmMxOC00YjZiLTk5NDUtM2JhZmUwY2Y2YWI5AAA9mQ,event,"criticality:prod, env:dev, env:prod, integration:azure, integration:azure_app_services, monitor, name:as-trms-ui-prd-sea, service:_trms, source:alert, team:, team:fin",2025-01-29 14:50:08,[Recovered] [TRMS PROD UI Azure App Service] Response Time Monitor - FIN,success
AwAAAZSw0jYQD4z-vAAAABhBWlN3MGpvZkFBRG5aUXVjdGNDUUIySDYAAAAkMDE5NGIxMTItZmMxOC00YjZiLTk5NDUtM2JhZmUwY2Y2YWI5AAA9lQ,event,"criticality:prod, env:dev, integration:azure, integration:azure_app_services, monitor, name:as-trms-ui-prd-sea, service:_trms, source:alert, team:fin",2025-01-29 14:49:14,[Warn] [TRMS FIN UI PROD Azure App Service] Response Time Monitor - FIN,warning
AwAAAZSw0h6gYGqbvgAAABhBWlN3MGlHQUFBQW9LSW9BSlREU283WWEAAAAkMDE5NGIxMTItZmMxOC00YjZiLTk5NDUtM2JhZmUwY2Y2YWI5AAA9lA,event,"criticality:prod, env:dev, env:prod, integration:azure, integration:azure_app_services, monitor, name:as-trms-ui-prd-sea, service:_trms, source:alert, team:, team:fin",2025-01-29 14:49:08,[Warn] [TRMS PROD UI Azure App Service] Response Time Monitor - FIN,warning
AwAAAZSwzq-4uwcpfgAAABhBWlN3enJIVUFBRHoxNGFGazJ3bUhReDAAAAAkMDE5NGIxMTItZmMxOC00YjZiLTk5NDUtM2JhZmUwY2Y2YWI5AAA_EQ,event,"check_status:live, check_type:api-dns, ci_execution_rule:blocking, criticality:prod, env:prod, monitor, probe_dc:pl:hq-prod-1-3513f5b522a833600df2309408c22ed3, service:dns, source:alert, team:network",2025-01-29 14:45:23,[Recovered] Test on trms-ui-dev.adb.org via WPAD1 - Network,success
AwAAAZSwzaYYxC4iLwAAABhBWlN3emFnYUFBQjZzYjhVdjNodGtNMUcAAAAkMDE5NGIxMTItZmMxOC00YjZiLTk5NDUtM2JhZmUwY2Y2YWI5AAA9ig,event,"criticality:prod, env:dev, integration:azure, integration:azure_app_services, monitor, name:as-trms-ui-prd-sea, service:_trms, source:alert, team:fin",2025-01-29 14:44:15,[Triggered] [TRMS FIN UI PROD Azure App Service] Response Time Monitor - FIN,error
AwAAAZSwzYrAb9p5vQAAABhBWlN3elk4OEFBQVVlMUotejV4bnZqbDYAAAAkMDE5NGIxMTItZmMxOC00YjZiLTk5NDUtM2JhZmUwY2Y2YWI5AAA9iQ,event,"criticality:prod, env:dev, env:prod, integration:azure, integration:azure_app_services, monitor, name:as-trms-ui-prd-sea, service:_trms, source:alert, team:, team:fin",2025-01-29 14:44:08,[Triggered] [TRMS PROD UI Azure App Service] Response Time Monitor - FIN,error
AwAAAZSwyub4nsbVaQAAABhBWlN3eXVnYkFBRGE2MmlNc19FX1RKYWwAAAAkMDE5NGIxMTItZmMxOC00YjZiLTk5NDUtM2JhZmUwY2Y2YWI5AAA9gw,event,"criticality:prod, env:dev, integration:azure, integration:azure_app_services, monitor, name:as-trms-ui-prd-sea, service:_trms, source:alert, team:fin",2025-01-29 14:41:15,[Warn] [TRMS FIN UI PROD Azure App Service] Response Time Monitor - FIN,warning
AwAAAZSwys-Iev-w5wAAABhBWlN3eXRCVUFBRG1CdjJ0d3QyN0pXVC0AAAAkMDE5NGIxMTItZmMxOC00YjZiLTk5NDUtM2JhZmUwY2Y2YWI5AAA9gg,event,"criticality:prod, env:dev, env:prod, integration:azure, integration:azure_app_services, monitor, name:as-trms-ui-prd-sea, service:_trms, source:alert, team:, team:fin",2025-01-29 14:41:09,[Warn] [TRMS PROD UI Azure App Service] Response Time Monitor - FIN,warning
AwAAAZSwyhvYOQH5AQAAABhBWlN3eWgwMEFBQ24ybkhUZ0owa1lXREUAAAAkMDE5NGIxMTItZmMxOC00YjZiLTk5NDUtM2JhZmUwY2Y2YWI5AAA_Dw,event,"check_status:live, check_type:api-dns, ci_execution_rule:blocking, criticality:prod, env:prod, monitor, probe_dc:pl:hq-prod-1-3513f5b522a833600df2309408c22ed3, service:dns, source:alert, team:network",2025-01-29 14:40:23,[Triggered] Test on trms-ui-dev.adb.org via WPAD1 - Network,error
AwAAAZSwyCPwYtyhpQAAABhBWlN3eUNla0FBQmNvNzdtaXRrR3B2a3gAAAAkMDE5NGIxMTItZmMxOC00YjZiLTk5NDUtM2JhZmUwY2Y2YWI5AAA9fQ,event,"criticality:prod, env:dev, integration:azure, integration:azure_app_services, monitor, name:as-trms-ui-prd-sea, service:_trms, source:alert, team:fin",2025-01-29 14:38:14,[Recovered] [TRMS FIN UI PROD Azure App Service] Response Time Monitor - FIN,success
AwAAAZSwyBBo2OaMBQAAABhBWlN3eUJJQUFBQjVMU2NmY2lyX2NTT1oAAAAkMDE5NGIxMTItZmMxOC00YjZiLTk5NDUtM2JhZmUwY2Y2YWI5AAA9fA,event,"criticality:prod, env:dev, env:prod, integration:azure, integration:azure_app_services, monitor, name:as-trms-ui-prd-sea, service:_trms, source:alert, team:, team:fin",2025-01-29 14:38:09,[Recovered] [TRMS PROD UI Azure App Service] Response Time Monitor - FIN,success
AwAAAZSwv-aQ5XSdfwAAABhBWlN3di1takFBQVRZUnczLW5qVlp2REsAAAAkMDE5NGIxMTItZmMxOC00YjZiLTk5NDUtM2JhZmUwY2Y2YWI5AAA9Ww,event,"criticality:prod, env:dev, integration:azure, integration:azure_app_services, monitor, name:as-trms-ui-prd-sea, service:_trms, source:alert, team:fin",2025-01-29 14:29:14,[Warn] [TRMS FIN UI PROD Azure App Service] Response Time Monitor - FIN,warning
AwAAAZSwv9MIxaJKHAAAABhBWlN3djlVWUFBQm5DbTRCLU95UHJzc0cAAAAkMDE5NGIxMTItZmMxOC00YjZiLTk5NDUtM2JhZmUwY2Y2YWI5AAA9Wg,event,"criticality:prod, env:dev, env:prod, integration:azure, integration:azure_app_services, monitor, name:as-trms-ui-prd-sea, service:_trms, source:alert, team:, team:fin",2025-01-29 14:29:09,[Warn] [TRMS PROD UI Azure App Service] Response Time Monitor - FIN,warning
AwAAAZSwn9twzM8DKAAAABhBWlN3bjlfZ0FBQmhoX3FOTHR5ZlBFbDgAAAAkMDE5NGIxMTItZmMxOC00YjZiLTk5NDUtM2JhZmUwY2Y2YWI5AAA8wQ,event,"criticality:prod, env:dev, integration:azure, integration:azure_app_services, monitor, name:as-trms-ui-prd-sea, service:_trms, source:alert, team:fin",2025-01-29 13:54:14,[Recovered] [TRMS FIN UI PROD Azure App Service] Response Time Monitor - FIN,success
AwAAAZSwn8QACx1S7wAAABhBWlN3bjhnWkFBQ0RKM3VILVZCbWp0UHIAAAAkMDE5NGIxMTItZmMxOC00YjZiLTk5NDUtM2JhZmUwY2Y2YWI5AAA8wA,event,"criticality:prod, env:dev, env:prod, integration:azure, integration:azure_app_services, monitor, name:as-trms-ui-prd-sea, service:_trms, source:alert, team:, team:fin",2025-01-29 13:54:08,[Recovered] [TRMS PROD UI Azure App Service] Response Time Monitor - FIN,success
AwAAAZSwnvEQqPjVaQAAABhBWlN3bnZWT0FBRGIxaUR0RXE0SlowdjcAAAAkMDE5NGIxMTItZmMxOC00YjZiLTk5NDUtM2JhZmUwY2Y2YWI5AAA8vg,event,"criticality:prod, env:dev, integration:azure, integration:azure_app_services, monitor, name:as-trms-ui-prd-sea, service:_trms, source:alert, team:fin",2025-01-29 13:53:14,[Warn] [TRMS FIN UI PROD Azure App Service] Response Time Monitor - FIN,warning
AwAAAZSwntmgkKn-vAAAABhBWlN3bnQ0Q0FBQmJDS19RekFvUDhkVTQAAAAkMDE5NGIxMTItZmMxOC00YjZiLTk5NDUtM2JhZmUwY2Y2YWI5AAA8vQ,event,"criticality:prod, env:dev, env:prod, integration:azure, integration:azure_app_services, monitor, name:as-trms-ui-prd-sea, service:_trms, source:alert, team:, team:fin",2025-01-29 13:53:08,[Warn] [TRMS PROD UI Azure App Service] Response Time Monitor - FIN,warning
AwAAAZSwkiO4IHAD2gAAABhBWlN3a2loTkFBREE5X1lHTXZIZnA3ZlQAAAAkMDE5NGIxMTItZmMxOC00YjZiLTk5NDUtM2JhZmUwY2Y2YWI5AAA8pQ,event,"criticality:prod, env:dev, integration:azure, integration:azure_app_services, monitor, name:as-trms-ui-prd-sea, service:_trms, source:alert, team:fin",2025-01-29 13:39:15,[Triggered] [TRMS FIN UI PROD Azure App Service] Response Time Monitor - FIN,error
AwAAAZSwkghgP7r5AQAAABhBWlN3a2d1R0FBQld4Q1Fhc3VmMWIxZ3oAAAAkMDE5NGIxMTItZmMxOC00YjZiLTk5NDUtM2JhZmUwY2Y2YWI5AAA8pA,event,"criticality:prod, env:dev, env:prod, integration:azure, integration:azure_app_services, monitor, name:as-trms-ui-prd-sea, service:_trms, source:alert, team:, team:fin",2025-01-29 13:39:08,[Triggered] [TRMS PROD UI Azure App Service] Response Time Monitor - FIN,error
AwAAAZSwbJZw56l4mAAAABhBWlN3YkpxOEFBQkhRak00LVpQU09hcEYAAAAkMDE5NGIxMTItZmMxOC00YjZiLTk5NDUtM2JhZmUwY2Y2YWI5AAA7nQ,event,"criticality:prod, env:dev, integration:azure, integration:azure_app_services, monitor, name:as-trms-ui-prd-sea, service:_trms, source:alert, team:fin",2025-01-29 12:58:14,[Recovered] [TRMS FIN UI PROD Azure App Service] Response Time Monitor - FIN,success
AwAAAZSwbH8AJjVURAAAABhBWlN3YklMbUFBREphTWo1OTVkb3FWXzQAAAAkMDE5NGIxMTItZmMxOC00YjZiLTk5NDUtM2JhZmUwY2Y2YWI5AAA7nA,event,"criticality:prod, env:dev, env:prod, integration:azure, integration:azure_app_services, monitor, name:as-trms-ui-prd-sea, service:_trms, source:alert, team:, team:fin",2025-01-29 12:58:08,[Recovered] [TRMS PROD UI Azure App Service] Response Time Monitor - FIN,success
AwAAAZSwa6_4Rxfp4gAAABhBWlN3YTdEaUFBRGxvTXd5Zy1scy0zUkIAAAAkMDE5NGIxMTItZmMxOC00YjZiLTk5NDUtM2JhZmUwY2Y2YWI5AAA7mw,event,"criticality:prod, env:dev, integration:azure, integration:azure_app_services, monitor, name:as-trms-ui-prd-sea, service:_trms, source:alert, team:fin",2025-01-29 12:57:15,[Warn] [TRMS FIN UI PROD Azure App Service] Response Time Monitor - FIN,warning
AwAAAZSwa5Sgccv6bQAAABhBWlN3YTVrZ0FBQVZCS3EyUjdaZDNlSGUAAAAkMDE5NGIxMTItZmMxOC00YjZiLTk5NDUtM2JhZmUwY2Y2YWI5AAA7mg,event,"criticality:prod, env:dev, env:prod, integration:azure, integration:azure_app_services, monitor, name:as-trms-ui-prd-sea, service:_trms, source:alert, team:, team:fin",2025-01-29 12:57:08,[Warn] [TRMS PROD UI Azure App Service] Response Time Monitor - FIN,warning
AwAAAZSwasWYWRaV7gAAABhBWlN3YXNlYkFBQU85aGxMME1kaV9RaGYAAAAkMDE5NGIxMTItZmMxOC00YjZiLTk5NDUtM2JhZmUwY2Y2YWI5AAA7mQ,event,"criticality:prod, env:dev, integration:azure, integration:azure_app_services, monitor, name:as-trms-ui-prd-sea, service:_trms, source:alert, team:fin",2025-01-29 12:56:15,[Re-Triggered] [TRMS FIN UI PROD Azure App Service] Response Time Monitor - FIN,error
AwAAAZSwaqpA2PEjqgAAABhBWlN3YXExV0FBQnRIcHhRZkNscDdXLVEAAAAkMDE5NGIxMTItZmMxOC00YjZiLTk5NDUtM2JhZmUwY2Y2YWI5AAA7mA,event,"criticality:prod, env:dev, env:prod, integration:azure, integration:azure_app_services, monitor, name:as-trms-ui-prd-sea, service:_trms, source:alert, team:, team:fin",2025-01-29 12:56:08,[Re-Triggered] [TRMS PROD UI Azure App Service] Response Time Monitor - FIN,error
AwAAAZSwWHYYeFMDKAAAABhBWlN3V0hlMUFBQzZ6MWJKZmhNdTJ0ZHoAAAAkMDE5NGIxMTItZmMxOC00YjZiLTk5NDUtM2JhZmUwY2Y2YWI5AAA7eg,event,"criticality:prod, env:dev, integration:azure, integration:azure_app_services, monitor, name:as-trms-ui-prd-sea, service:_trms, source:alert, team:fin",2025-01-29 12:36:15,[Triggered] [TRMS FIN UI PROD Azure App Service] Response Time Monitor - FIN,error
AwAAAZSwWFrAv4oM6gAAABhBWlN3V0Y5TkFBRHpxc0ZfWm9YY1VDbDkAAAAkMDE5NGIxMTItZmMxOC00YjZiLTk5NDUtM2JhZmUwY2Y2YWI5AAA7eQ,event,"criticality:prod, env:dev, env:prod, integration:azure, integration:azure_app_services, monitor, name:as-trms-ui-prd-sea, service:_trms, source:alert, team:, team:fin",2025-01-29 12:36:08,[Triggered] [TRMS PROD UI Azure App Service] Response Time Monitor - FIN,error
AwAAAZSwVbMQOhQnjQAAABhBWlN3VmJXTkFBQ1NzMmxUMFhVeDZMTFYAAAAkMDE5NGIxMTItZmMxOC00YjZiLTk5NDUtM2JhZmUwY2Y2YWI5AAA7dA,event,"criticality:prod, env:dev, integration:azure, integration:azure_app_services, monitor, name:as-trms-ui-prd-sea, service:_trms, source:alert, team:fin",2025-01-29 12:33:14,[Warn] [TRMS FIN UI PROD Azure App Service] Response Time Monitor - FIN,warning
AwAAAZSwVZug1CAjhAAAABhBWlN3Vlo0b0FBRE9FY01LZTdCR0RVUjUAAAAkMDE5NGIxMTItZmMxOC00YjZiLTk5NDUtM2JhZmUwY2Y2YWI5AAA7cQ,event,"criticality:prod, env:dev, env:prod, integration:azure, integration:azure_app_services, monitor, name:as-trms-ui-prd-sea, service:_trms, source:alert, team:, team:fin",2025-01-29 12:33:08,[Warn] [TRMS PROD UI Azure App Service] Response Time Monitor - FIN,warning
AwAAAZSwRTw4ibHCbAAAABhBWlN3UlQ3ekFBRGgyVW9paTZIc3hRaksAAAAkMDE5NGIxMTItZmMxOC00YjZiLTk5NDUtM2JhZmUwY2Y2YWI5AAA-iw,event,"check_status:live, check_type:api-dns, ci_execution_rule:blocking, criticality:prod, env:prod, monitor, probe_dc:pl:hq-prod-1-3513f5b522a833600df2309408c22ed3, service:dns, source:alert, team:network",2025-01-29 12:15:15,[Recovered] trms-ui-dev.adb.org DNS resolution via DNS1 - Network,success
AwAAAZSwQRmg1NIGVgAAABhBWlN3UVI1QUFBQ3VPYTF5X3BHcGFTTU4AAAAkMDE5NGIxMTItZmMxOC00YjZiLTk5NDUtM2JhZmUwY2Y2YWI5AAA-ig,event,"check_status:live, check_type:api-dns, ci_execution_rule:blocking, criticality:prod, env:prod, monitor, probe_dc:pl:hq-prod-1-3513f5b522a833600df2309408c22ed3, service:dns, source:alert, team:network",2025-01-29 12:10:44,[Triggered] trms-ui-dev.adb.org DNS resolution via DNS1 - Network,error
AwAAAZSwPP7YVPydfwAAABhBWlN3UFBfTUFBQzQtTzBRTFd1WEFxd1oAAAAkMDE5NGIxMTItZmMxOC00YjZiLTk5NDUtM2JhZmUwY2Y2YWI5AAA63A,event,"criticality:prod, env:dev, integration:azure, integration:azure_app_services, monitor, name:as-trms-ui-prd-sea, service:_trms, source:alert, team:fin",2025-01-29 12:06:15,[Recovered] [TRMS FIN UI PROD Azure App Service] Response Time Monitor - FIN,success
AwAAAZSwPOdoaWWV7gAAABhBWlN3UE9qTkFBQ2dtYzFpNU5Rd1VHLU8AAAAkMDE5NGIxMTItZmMxOC00YjZiLTk5NDUtM2JhZmUwY2Y2YWI5AAA61A,event,"criticality:prod, env:dev, env:prod, integration:azure, integration:azure_app_services, monitor, name:as-trms-ui-prd-sea, service:_trms, source:alert, team:, team:fin",2025-01-29 12:06:09,[Recovered] [TRMS PROD UI Azure App Service] Response Time Monitor - FIN,success
AwAAAZSwPKjooJ4D2gAAABhBWlN3UEt0WUFBRGs0eExyQTVCaGs5YjcAAAAkMDE5NGIxMTItZmMxOC00YjZiLTk5NDUtM2JhZmUwY2Y2YWI5AAA-gw,event,"check_status:live, check_type:api-dns, ci_execution_rule:blocking, criticality:prod, env:prod, monitor, probe_dc:pl:hq-prod-1-3513f5b522a833600df2309408c22ed3, service:dns, source:alert, team:network",2025-01-29 12:05:53,[Recovered] Test on trms-ui-dev.adb.org via WPAD1 - Network,success
AwAAAZSwOyoYmQ8jhAAAABhBWlN3T3lxUUFBRExaNlJPUEFock15aVYAAAAkMDE5NGIxMTItZmMxOC00YjZiLTk5NDUtM2JhZmUwY2Y2YWI5AAA6sQ,event,"criticality:prod, env:dev, integration:azure, integration:azure_app_services, monitor, name:as-trms-ui-prd-sea, service:_trms, source:alert, team:fin",2025-01-29 12:04:15,[Warn] [TRMS FIN UI PROD Azure App Service] Response Time Monitor - FIN,warning
AwAAAZSwOw7A_rKcKQAAABhBWlN3T3hNbEFBQ0dTNWFNLVFHUU5HX3YAAAAkMDE5NGIxMTItZmMxOC00YjZiLTk5NDUtM2JhZmUwY2Y2YWI5AAA6sA,event,"criticality:prod, env:dev, env:prod, integration:azure, integration:azure_app_services, monitor, name:as-trms-ui-prd-sea, service:_trms, source:alert, team:, team:fin",2025-01-29 12:04:08,[Warn] [TRMS PROD UI Azure App Service] Response Time Monitor - FIN,warning
AwAAAZSwOBUIocUMtAAAABhBWlN3T0JmdEFBQWt6YkpVYkdyX2t2M1MAAAAkMDE5NGIxMTItZmMxOC00YjZiLTk5NDUtM2JhZmUwY2Y2YWI5AAA-gQ,event,"check_status:live, check_type:api-dns, ci_execution_rule:blocking, criticality:prod, env:prod, monitor, probe_dc:pl:hq-prod-1-3513f5b522a833600df2309408c22ed3, service:dns, source:alert, team:network",2025-01-29 12:00:53,[Triggered] Test on trms-ui-dev.adb.org via WPAD1 - Network,error
AwAAAZSwNL2QjjlKHAAAABhBWlN3Tk1FUEFBQUJ4UzUzLVlQMVFzMXMAAAAkMDE5NGIwMzctMWVmMC00YzM2LTllY2YtMjcyNDFkNzNiOGFlAABN-w,event,"criticality:prod, env:dev, integration:azure, integration:azure_app_services, monitor, name:as-trms-ui-prd-sea, service:_trms, source:alert, team:fin",2025-01-29 11:57:14,[Triggered] [TRMS FIN UI PROD Azure App Service] Response Time Monitor - FIN,error
AwAAAZSwNKoIwx-1qgAAABhBWlN3Tkt1WkFBQkg0dTNFVVdTQXNDa3AAAAAkMDE5NGIwMzctMWVmMC00YzM2LTllY2YtMjcyNDFkNzNiOGFlAABN-g,event,"criticality:prod, env:dev, env:prod, integration:azure, integration:azure_app_services, monitor, name:as-trms-ui-prd-sea, service:_trms, source:alert, team:, team:fin",2025-01-29 11:57:09,[Triggered] [TRMS PROD UI Azure App Service] Response Time Monitor - FIN,error
AwAAAZSwMf5wDlRsqAAAABhBWlN3TWdJQUFBQ1Jvak9pdm9XVFZvclQAAAAkMDE5NGIwMzctMWVmMC00YzM2LTllY2YtMjcyNDFkNzNiOGFlAABN8Q,event,"criticality:prod, env:dev, integration:azure, integration:azure_app_services, monitor, name:as-trms-ui-prd-sea, service:_trms, source:alert, team:fin",2025-01-29 11:54:14,[Warn] [TRMS FIN UI PROD Azure App Service] Response Time Monitor - FIN,warning
AwAAAZSwMecAE-l7OQAAABhBWlN3TWVua0FBRC1nZ0dqMjNlMjliMUIAAAAkMDE5NGIwMzctMWVmMC00YzM2LTllY2YtMjcyNDFkNzNiOGFlAABN8A,event,"criticality:prod, env:dev, env:prod, integration:azure, integration:azure_app_services, monitor, name:as-trms-ui-prd-sea, service:_trms, source:alert, team:, team:fin",2025-01-29 11:54:08,[Warn] [TRMS PROD UI Azure App Service] Response Time Monitor - FIN,warning
AwAAAZSwK5m4qxKw5wAAABhBWlN3SzV3bEFBQko0NDkyeTJ6b2R5ZV8AAAAkMDE5NGIwMzctMWVmMC00YzM2LTllY2YtMjcyNDFkNzNiOGFlAABN5w,event,"criticality:prod, env:dev, integration:azure, integration:azure_app_services, monitor, name:as-trms-ui-prd-sea, service:_trms, source:alert, team:fin",2025-01-29 11:47:15,[Recovered] [TRMS FIN UI PROD Azure App Service] Response Time Monitor - FIN,success
AwAAAZSwK35gAUy1qgAAABhBWlN3SzRES0FBRHVjVlE4QllXMzB2eHAAAAAkMDE5NGIwMzctMWVmMC00YzM2LTllY2YtMjcyNDFkNzNiOGFlAABN5g,event,"criticality:prod, env:dev, env:prod, integration:azure, integration:azure_app_services, monitor, name:as-trms-ui-prd-sea, service:_trms, source:alert, team:, team:fin",2025-01-29 11:47:08,[Recovered] [TRMS PROD UI Azure App Service] Response Time Monitor - FIN,success
AwAAAZSwKrNA3U_BQQAAABhBWlN3S3JTMEFBQWN0TzBEOVA1U1lqUUUAAAAkMDE5NGIwMzctMWVmMC00YzM2LTllY2YtMjcyNDFkNzNiOGFlAABN4Q,event,"criticality:prod, env:dev, integration:azure, integration:azure_app_services, monitor, name:as-trms-ui-prd-sea, service:_trms, source:alert, team:fin",2025-01-29 11:46:16,[Warn] [TRMS FIN UI PROD Azure App Service] Response Time Monitor - FIN,warning
AwAAAZSwKpQAs8TCwgAAABhBWlN3S3BaeUFBQVVUNXRuYUtON1dzX3MAAAAkMDE5NGIwMzctMWVmMC00YzM2LTllY2YtMjcyNDFkNzNiOGFlAABN4A,event,"criticality:prod, env:dev, env:prod, integration:azure, integration:azure_app_services, monitor, name:as-trms-ui-prd-sea, service:_trms, source:alert, team:, team:fin",2025-01-29 11:46:08,[Warn] [TRMS PROD UI Azure App Service] Response Time Monitor - FIN,warning
AwAAAZSwKcT4u7otCAAAABhBWlN3S2NaQ0FBQ09iYlVyLTk5OVkzbk8AAAAkMDE5NGIwMzctMWVmMC00YzM2LTllY2YtMjcyNDFkNzNiOGFlAABN3g,event,"criticality:prod, env:dev, integration:azure, integration:azure_app_services, monitor, name:as-trms-ui-prd-sea, service:_trms, source:alert, team:fin",2025-01-29 11:45:15,[Triggered] [TRMS FIN UI PROD Azure App Service] Response Time Monitor - FIN,error
AwAAAZSwKamg87h5vQAAABhBWlN3S2EwOEFBQWZyc1U0NHdCWlNfSmUAAAAkMDE5NGIwMzctMWVmMC00YzM2LTllY2YtMjcyNDFkNzNiOGFlAABN3Q,event,"criticality:prod, env:dev, env:prod, integration:azure, integration:azure_app_services, monitor, name:as-trms-ui-prd-sea, service:_trms, source:alert, team:, team:fin",2025-01-29 11:45:08,[Triggered] [TRMS PROD UI Azure App Service] Response Time Monitor - FIN,error
AwAAAZSwIYOw9CjCwgAAABhBWlN3SVlhNEFBRDJlV2ZwaDB1SkFFQ3kAAAAkMDE5NGIwMzctMWVmMC00YzM2LTllY2YtMjcyNDFkNzNiOGFlAABN0Q,event,"criticality:prod, env:dev, integration:azure, integration:azure_app_services, monitor, name:as-trms-ui-prd-sea, service:_trms, source:alert, team:fin",2025-01-29 11:36:14,[Warn] [TRMS FIN UI PROD Azure App Service] Response Time Monitor - FIN,warning
AwAAAZSwIWxAmBQD2gAAABhBWlN3SVctWUFBQW5LZlRRbUt6aF9GU08AAAAkMDE5NGIwMzctMWVmMC00YzM2LTllY2YtMjcyNDFkNzNiOGFlAABN0A,event,"criticality:prod, env:dev, env:prod, integration:azure, integration:azure_app_services, monitor, name:as-trms-ui-prd-sea, service:_trms, source:alert, team:, team:fin",2025-01-29 11:36:08,[Warn] [TRMS PROD UI Azure App Service] Response Time Monitor - FIN,warning
AwAAAZSv07HQXyWbvgAAABhBWlN2MDdTekFBQzNhQVd1TmFsa1RLNS0AAAAkMDE5NGIwMzctMWVmMC00YzM2LTllY2YtMjcyNDFkNzNiOGFlAABMgA,event,"criticality:prod, env:dev, integration:azure, integration:azure_app_services, monitor, name:as-trms-ui-prd-sea, service:_trms, source:alert, team:fin",2025-01-29 10:11:14,[Recovered] [TRMS FIN UI PROD Azure App Service] Response Time Monitor - FIN,success
AwAAAZSv05pglPL0zwAAABhBWlN2MDU3bUFBRFZFQzh3dU9IMHd1Z2gAAAAkMDE5NGIwMzctMWVmMC00YzM2LTllY2YtMjcyNDFkNzNiOGFlAABMfw,event,"criticality:prod, env:dev, env:prod, integration:azure, integration:azure_app_services, monitor, name:as-trms-ui-prd-sea, service:_trms, source:alert, team:, team:fin",2025-01-29 10:11:08,[Recovered] [TRMS PROD UI Azure App Service] Response Time Monitor - FIN,success
AwAAAZSv0sdwjMoGVgAAABhBWlN2MHN3RkFBQ0VUUGN4Tl9tSFJ1alAAAAAkMDE5NGIwMzctMWVmMC00YzM2LTllY2YtMjcyNDFkNzNiOGFlAABMeg,event,"criticality:prod, env:dev, integration:azure, integration:azure_app_services, monitor, name:as-trms-ui-prd-sea, service:_trms, source:alert, team:fin",2025-01-29 10:10:14,[Warn] [TRMS FIN UI PROD Azure App Service] Response Time Monitor - FIN,warning
AwAAAZSv0rAAc6ooDwAAABhBWlN2MHJNcEFBQlVtNldYeEpTZEk1TmoAAAAkMDE5NGIwMzctMWVmMC00YzM2LTllY2YtMjcyNDFkNzNiOGFlAABMeQ,event,"criticality:prod, env:dev, env:prod, integration:azure, integration:azure_app_services, monitor, name:as-trms-ui-prd-sea, service:_trms, source:alert, team:, team:fin",2025-01-29 10:10:08,[Warn] [TRMS PROD UI Azure App Service] Response Time Monitor - FIN,warning
AwAAAZSvzx3wtBmzxgAAABhBWlN2enlKZUFBRGlFdFcwZjd1T3VBRTYAAAAkMDE5NGIwMzctMWVmMC00YzM2LTllY2YtMjcyNDFkNzNiOGFlAABMTw,event,"criticality:prod, env:dev, integration:azure, integration:azure_app_services, monitor, name:as-trms-ui-prd-sea, service:_trms, source:alert, team:fin",2025-01-29 10:06:14,[Recovered] [TRMS FIN UI PROD Azure App Service] Response Time Monitor - FIN,success
AwAAAZSvzwaAb9iGcQAAABhBWlN2endyOUFBQlNndy0zUmRISXI0ei0AAAAkMDE5NGIwMzctMWVmMC00YzM2LTllY2YtMjcyNDFkNzNiOGFlAABMSw,event,"criticality:prod, env:dev, env:prod, integration:azure, integration:azure_app_services, monitor, name:as-trms-ui-prd-sea, service:_trms, source:alert, team:, team:fin",2025-01-29 10:06:08,[Recovered] [TRMS PROD UI Azure App Service] Response Time Monitor - FIN,success
AwAAAZSvy3RwZ1izxgAAABhBWlN2eTNlX0FBQ1JLRnpyYzlBWUJwamYAAAAkMDE5NGIwMzctMWVmMC00YzM2LTllY2YtMjcyNDFkNzNiOGFlAABMLw,event,"criticality:prod, env:dev, integration:azure, integration:azure_app_services, monitor, name:as-trms-ui-prd-sea, service:_trms, source:alert, team:fin",2025-01-29 10:02:14,[Warn] [TRMS FIN UI PROD Azure App Service] Response Time Monitor - FIN,warning
AwAAAZSvy2DoiGAC_AAAABhBWlN2eTJJMEFBQkQxNERnZGVHZ3pOWjAAAAAkMDE5NGIwMzctMWVmMC00YzM2LTllY2YtMjcyNDFkNzNiOGFlAABMLQ,event,"criticality:prod, env:dev, env:prod, integration:azure, integration:azure_app_services, monitor, name:as-trms-ui-prd-sea, service:_trms, source:alert, team:, team:fin",2025-01-29 10:02:09,[Warn] [TRMS PROD UI Azure App Service] Response Time Monitor - FIN,warning
AwAAAZSvyLk4ZZKcKQAAABhBWlN2eUx2V0FBQk1jaVVlQmZKWWVzZWUAAAAkMDE5NGIwMzctMWVmMC00YzM2LTllY2YtMjcyNDFkNzNiOGFlAABMJg,event,"criticality:prod, env:dev, integration:azure, integration:azure_app_services, monitor, name:as-trms-ui-prd-sea, service:_trms, source:alert, team:fin",2025-01-29 09:59:15,[Recovered] [TRMS FIN UI PROD Azure App Service] Response Time Monitor - FIN,success
AwAAAZSvyJ3gxlF8uAAAABhBWlN2eUtIT0FBQ29xczJxZUxFX1Z0ZS0AAAAkMDE5NGIwMzctMWVmMC00YzM2LTllY2YtMjcyNDFkNzNiOGFlAABMJQ,event,"criticality:prod, env:dev, env:prod, integration:azure, integration:azure_app_services, monitor, name:as-trms-ui-prd-sea, service:_trms, source:alert, team:, team:fin",2025-01-29 09:59:08,[Recovered] [TRMS PROD UI Azure App Service] Response Time Monitor - FIN,success
AwAAAZSvx8rwEE4pfgAAABhBWlN2eDgyWkFBQ0tfZG5EMEF1ZVZFZ08AAAAkMDE5NGIwMzctMWVmMC00YzM2LTllY2YtMjcyNDFkNzNiOGFlAABMJA,event,"criticality:prod, env:dev, integration:azure, integration:azure_app_services, monitor, name:as-trms-ui-prd-sea, service:_trms, source:alert, team:fin",2025-01-29 09:58:14,[Warn] [TRMS FIN UI PROD Azure App Service] Response Time Monitor - FIN,warning
AwAAAZSvx7OAYrKbvgAAABhBWlN2eDdjREFBQVhNSzRKS3lMekhocmYAAAAkMDE5NGIwMzctMWVmMC00YzM2LTllY2YtMjcyNDFkNzNiOGFlAABMIw,event,"criticality:prod, env:dev, env:prod, integration:azure, integration:azure_app_services, monitor, name:as-trms-ui-prd-sea, service:_trms, source:alert, team:, team:fin",2025-01-29 09:58:08,[Warn] [TRMS PROD UI Azure App Service] Response Time Monitor - FIN,warning
AwAAAZSvv5F4hMOMjQAAABhBWlN2djVKaEFBQWJpRjcyVE80cV93YjkAAAAkMDE5NGIwMzctMWVmMC00YzM2LTllY2YtMjcyNDFkNzNiOGFlAABMFQ,event,"criticality:prod, env:dev, integration:azure, integration:azure_app_services, monitor, name:as-trms-ui-prd-sea, service:_trms, source:alert, team:fin",2025-01-29 09:49:15,[Triggered] [TRMS FIN UI PROD Azure App Service] Response Time Monitor - FIN,error
AwAAAZSvv3oISuHCbAAAABhBWlN2djNxTUFBQzJCMGxxWDBFNS1LSmMAAAAkMDE5NGIwMzctMWVmMC00YzM2LTllY2YtMjcyNDFkNzNiOGFlAABMFA,event,"criticality:prod, env:dev, env:prod, integration:azure, integration:azure_app_services, monitor, name:as-trms-ui-prd-sea, service:_trms, source:alert, team:, team:fin",2025-01-29 09:49:09,[Triggered] [TRMS PROD UI Azure App Service] Response Time Monitor - FIN,error
AwAAAZSvvsZYbnPOlgAAABhBWlN2dnNmREFBQl92Rlk5ZmNVZUo1VXcAAAAkMDE5NGIwMzctMWVmMC00YzM2LTllY2YtMjcyNDFkNzNiOGFlAABMEw,event,"criticality:prod, env:dev, integration:azure, integration:azure_app_services, monitor, name:as-trms-ui-prd-sea, service:_trms, source:alert, team:fin",2025-01-29 09:48:23,[Warn] [TRMS FIN UI PROD Azure App Service] Response Time Monitor - FIN,warning
AwAAAZSvvo-oN6R4mAAAABhBWlN2dnBKV0FBQmYyTXg0M1BjR1lXSlYAAAAkMDE5NGIwMzctMWVmMC00YzM2LTllY2YtMjcyNDFkNzNiOGFlAABMEg,event,"criticality:prod, env:dev, env:prod, integration:azure, integration:azure_app_services, monitor, name:as-trms-ui-prd-sea, service:_trms, source:alert, team:, team:fin",2025-01-29 09:48:09,[Warn] [TRMS PROD UI Azure App Service] Response Time Monitor - FIN,warning
AwAAAZSvnbGYyatgFAAAABhBWlN2bmd0U0FBRHE3dHZLNFQ4aEpJbmYAAAAkMDE5NGIwMzctMWVmMC00YzM2LTllY2YtMjcyNDFkNzNiOGFlAABLqA,event,"criticality:prod, env:dev, integration:azure, integration:azure_app_services, monitor, name:as-trms-ui-prd-sea, service:_trms, source:alert, team:fin",2025-01-29 09:12:15,[Recovered] [TRMS FIN UI PROD Azure App Service] Response Time Monitor - FIN,success
AwAAAZSvnZooTHLvvwAAABhBWlN2bmZ3R0FBQVBaVWZjQ0hxMzNQd1UAAAAkMDE5NGIwMzctMWVmMC00YzM2LTllY2YtMjcyNDFkNzNiOGFlAABLpw,event,"criticality:prod, env:dev, env:prod, integration:azure, integration:azure_app_services, monitor, name:as-trms-ui-prd-sea, service:_trms, source:alert, team:, team:fin",2025-01-29 09:12:09,[Recovered] [TRMS PROD UI Azure App Service] Response Time Monitor - FIN,success
AwAAAZSvnMNQMVoD2gAAABhBWlN2bk1iSkFBQXBBNnRfblNuTnJCRnAAAAAkMDE5NGIwMzctMWVmMC00YzM2LTllY2YtMjcyNDFkNzNiOGFlAABLow,event,"criticality:prod, env:dev, integration:azure, integration:azure_app_services, monitor, name:as-trms-ui-prd-sea, service:_trms, source:alert, team:fin",2025-01-29 09:11:14,[Warn] [TRMS FIN UI PROD Azure App Service] Response Time Monitor - FIN,warning
AwAAAZSvnK_InaYD2gAAABhBWlN2bkxFeUFBQnFkcDJORDBoZ09PUFEAAAAkMDE5NGIwMzctMWVmMC00YzM2LTllY2YtMjcyNDFkNzNiOGFlAABLoQ,event,"criticality:prod, env:dev, env:prod, integration:azure, integration:azure_app_services, monitor, name:as-trms-ui-prd-sea, service:_trms, source:alert, team:, team:fin",2025-01-29 09:11:09,[Warn] [TRMS PROD UI Azure App Service] Response Time Monitor - FIN,warning
AwAAAZSvlIXwzw8pfgAAABhBWlN2bElzbUFBQ2dNTGduWkRWUXByaEMAAAAkMDE5NGIwMzctMWVmMC00YzM2LTllY2YtMjcyNDFkNzNiOGFlAABLZA,event,"criticality:prod, env:dev, integration:azure, integration:azure_app_services, monitor, name:as-trms-ui-prd-sea, service:_trms, source:alert, team:fin",2025-01-29 09:02:14,[Triggered] [TRMS FIN UI PROD Azure App Service] Response Time Monitor - FIN,error
AwAAAZSvlG6Ac1t8uAAAABhBWlN2bEhGNUFBRGVHaU9Pdm82X0hhYzYAAAAkMDE5NGIwMzctMWVmMC00YzM2LTllY2YtMjcyNDFkNzNiOGFlAABLYw,event,"criticality:prod, env:dev, env:prod, integration:azure, integration:azure_app_services, monitor, name:as-trms-ui-prd-sea, service:_trms, source:alert, team:, team:fin",2025-01-29 09:02:08,[Triggered] [TRMS PROD UI Azure App Service] Response Time Monitor - FIN,error
AwAAAZSvk594Jrnp4gAAABhBWlN2azZEVUFBREdyTDRVcWZaMjdXX1kAAAAkMDE5NGIwMzctMWVmMC00YzM2LTllY2YtMjcyNDFkNzNiOGFlAABLXA,event,"criticality:prod, env:dev, integration:azure, integration:azure_app_services, monitor, name:as-trms-ui-prd-sea, service:_trms, source:alert, team:fin",2025-01-29 09:01:15,[Warn] [TRMS FIN UI PROD Azure App Service] Response Time Monitor - FIN,warning
AwAAAZSvk4QgXtkxNAAAABhBWlN2azRoU0FBQjdnemQ4QnBNeHlMTlYAAAAkMDE5NGIwMzctMWVmMC00YzM2LTllY2YtMjcyNDFkNzNiOGFlAABLWw,event,"criticality:prod, env:dev, env:prod, integration:azure, integration:azure_app_services, monitor, name:as-trms-ui-prd-sea, service:_trms, source:alert, team:, team:fin",2025-01-29 09:01:08,[Warn] [TRMS PROD UI Azure App Service] Response Time Monitor - FIN,warning
AwAAAZSvj_IQ543HngAAABhBWlN2al9XM0FBQmVZRGZpSU9HVU5tbjQAAAAkMDE5NGIwMzctMWVmMC00YzM2LTllY2YtMjcyNDFkNzNiOGFlAABLWA,event,"criticality:prod, env:dev, integration:azure, integration:azure_app_services, monitor, name:as-trms-ui-prd-sea, service:_trms, source:alert, team:fin",2025-01-29 08:57:14,[Recovered] [TRMS FIN UI PROD Azure App Service] Response Time Monitor - FIN,success
AwAAAZSvj96IhUUnjQAAABhBWlN2ajktTkFBQzNFOUYydzhPT21nRFkAAAAkMDE5NGIwMzctMWVmMC00YzM2LTllY2YtMjcyNDFkNzNiOGFlAABLVw,event,"criticality:prod, env:dev, env:prod, integration:azure, integration:azure_app_services, monitor, name:as-trms-ui-prd-sea, service:_trms, source:alert, team:, team:fin",2025-01-29 08:57:09,[Recovered] [TRMS PROD UI Azure App Service] Response Time Monitor - FIN,success
AwAAAZSvh7SwNV0OUgAAABhBWlN2aDdkb0FBQ1BicDZlX0hGVFNyOUkAAAAkMDE5NGIwMzctMWVmMC00YzM2LTllY2YtMjcyNDFkNzNiOGFlAABLSg,event,"criticality:prod, env:dev, integration:azure, integration:azure_app_services, monitor, name:as-trms-ui-prd-sea, service:_trms, source:alert, team:fin",2025-01-29 08:48:14,[Triggered] [TRMS FIN UI PROD Azure App Service] Response Time Monitor - FIN,error
AwAAAZSvh51A-I4FqwAAABhBWlN2aDZDTEFBQ2lsR0FtQUNnZF9tQUUAAAAkMDE5NGIwMzctMWVmMC00YzM2LTllY2YtMjcyNDFkNzNiOGFlAABLSQ,event,"criticality:prod, env:dev, env:prod, integration:azure, integration:azure_app_services, monitor, name:as-trms-ui-prd-sea, service:_trms, source:alert, team:, team:fin",2025-01-29 08:48:08,[Triggered] [TRMS PROD UI Azure App Service] Response Time Monitor - FIN,error
AwAAAZSvhspQ6mwiLwAAABhBWlN2aHM1RUFBQ3E2Ymtaa1lKUDNWRGwAAAAkMDE5NGIwMzctMWVmMC00YzM2LTllY2YtMjcyNDFkNzNiOGFlAABLRg,event,"criticality:prod, env:dev, integration:azure, integration:azure_app_services, monitor, name:as-trms-ui-prd-sea, service:_trms, source:alert, team:fin",2025-01-29 08:47:14,[Warn] [TRMS FIN UI PROD Azure App Service] Response Time Monitor - FIN,warning
AwAAAZSvhrbI0zZgFAAAABhBWlN2aHJmWkFBQ205c08xcnpJbFJBVEgAAAAkMDE5NGIwMzctMWVmMC00YzM2LTllY2YtMjcyNDFkNzNiOGFlAABLRQ,event,"criticality:prod, env:dev, env:prod, integration:azure, integration:azure_app_services, monitor, name:as-trms-ui-prd-sea, service:_trms, source:alert, team:, team:fin",2025-01-29 08:47:09,[Warn] [TRMS PROD UI Azure App Service] Response Time Monitor - FIN,warning
AwAAAZSvSmVgYDjW-gAAABhBWlN2U21rbEFBQVZfOVBmZXpwaGNFUnIAAAAkMDE5NGFmNWItODgxOC00ODdiLTg1OWUtZjRlYjUxMTFiMDA5AAA0hg,event,"criticality:prod, env:dev, integration:azure, integration:azure_app_services, monitor, name:as-trms-ui-prd-sea, service:_trms, source:alert, team:fin",2025-01-29 07:41:16,[Recovered] [TRMS FIN UI PROD Azure App Service] Response Time Monitor - FIN,success
AwAAAZSvSkoIx1RXAAAAABhBWlN2U2swZ0FBRHFJV1Ffc1lPOEhhb0QAAAAkMDE5NGFmNWItODgxOC00ODdiLTg1OWUtZjRlYjUxMTFiMDA5AAA0hQ,event,"criticality:prod, env:dev, env:prod, integration:azure, integration:azure_app_services, monitor, name:as-trms-ui-prd-sea, service:_trms, source:alert, team:, team:fin",2025-01-29 07:41:09,[Recovered] [TRMS PROD UI Azure App Service] Response Time Monitor - FIN,success
AwAAAZSvQT2gmx0njQAAABhBWlN2UVVEaEFBQXB1dV9CSmRnR2NlZVkAAAAkMDE5NGFmNWItODgxOC00ODdiLTg1OWUtZjRlYjUxMTFiMDA5AAA0dg,event,"criticality:prod, env:dev, integration:azure, integration:azure_app_services, monitor, name:as-trms-ui-prd-sea, service:_trms, source:alert, team:fin",2025-01-29 07:31:16,[Warn] [TRMS FIN UI PROD Azure App Service] Response Time Monitor - FIN,warning
AwAAAZSvQSYwedyzxgAAABhBWlN2UVNmSkFBQ2dObUFJRHdSbkU5aF8AAAAkMDE5NGFmNWItODgxOC00ODdiLTg1OWUtZjRlYjUxMTFiMDA5AAA0dQ,event,"criticality:prod, env:dev, env:prod, integration:azure, integration:azure_app_services, monitor, name:as-trms-ui-prd-sea, service:_trms, source:alert, team:, team:fin",2025-01-29 07:31:10,[Warn] [TRMS PROD UI Azure App Service] Response Time Monitor - FIN,warning
AwAAAZSvKOsQyeN8iAAAABhBWlN2S096WUFBQnZZMUw1RF9uZUxyWjAAAAAkMDE5NGFmNWItODgxOC00ODdiLTg1OWUtZjRlYjUxMTFiMDA5AAAwRQ,event,"criticality:prod, dd_agent_key:adb, dd_agent_pythonv:3.12.6, dd_agent_version:7.59.0, domain_name:adb.local, env:prod, host:wpwvd-trms-1.adb.local, ip_subnet2:10.112, ip_subnet3:10.112.126, ip_subnet:10, monitor, os_version:windows_server_2019_datacenter, os_version_release:windows_server_2019_datacenter, os_version_windows:10.0_build_17763, platform:windows, region:azure, risk:financial, role:avd, service:trms, source:alert, system:trms, team:cyber_agents, team:windows",2025-01-29 07:04:42,[Recovered on {host:wpwvd-trms-1.adb.local}] Nessus Agent in Windows Server wpwvd-trms-1.adb.local Stopped Running - Cyber,success
AwAAAZSvKNtwT4N7OQAAABhBWlN2S05fWkFBQkdVS0Rka29hUWtYNTgAAAAkMDE5NGFmNWItODgxOC00ODdiLTg1OWUtZjRlYjUxMTFiMDA5AAA0tQ,event,"criticality:prod, dd_agent_key:adb, dd_agent_pythonv:3.12.6, dd_agent_version:7.59.0, domain_name:adb.local, env:prod, host:wpwvd-trms-1.adb.local, ip_subnet2:10.112, ip_subnet3:10.112.126, ip_subnet:10, monitor, os_version:windows_server_2019_datacenter, os_version_release:windows_server_2019_datacenter, os_version_windows:10.0_build_17763, platform:windows, region:azure, risk:financial, role:avd, service:trms, source:alert, system:trms, team:risk, team:windows",2025-01-29 07:04:38,[P1] [Recovered] Host Uptime Monitor:TRMS - FIN,success
AwAAAZSvKEcAsJx2ZQAAABhBWlN2S0VubEFBQzF5cEJyUmQ2Ymg3c2gAAAAkMDE5NGFmNWItODgxOC00ODdiLTg1OWUtZjRlYjUxMTFiMDA5AAA0tA,event,"criticality:prod, dd_agent_key:adb, dd_agent_pythonv:3.12.6, dd_agent_version:7.59.0, domain_name:adb.local, env:prod, host:wpwvd-trms-1.adb.local, ip_subnet2:10.112, ip_subnet3:10.112.126, ip_subnet:10, monitor, os_version:windows_server_2019_datacenter, os_version_release:windows_server_2019_datacenter, os_version_windows:10.0_build_17763, platform:windows, region:azure, risk:financial, role:avd, service:trms, source:alert, system:trms, team:risk, team:windows",2025-01-29 07:04:00,[Recovered on {host:wpwvd-trms-1.adb.local}] TRMS Hosts Data Dog Agent Check - FIN,success
AwAAAZSvJ_zIoId8SwAAABhBWlN2S0JnZ0FBQmxiU3NOd0h0RHJiZUkAAAAkMDE5NGFmNWItODgxOC00ODdiLTg1OWUtZjRlYjUxMTFiMDA5AAAAIQ,event,"criticality:prod, dd_agent_key:adb, dd_agent_pythonv:3.12.6, dd_agent_version:7.59.0, domain_name:adb.local, env:prod, ip_subnet2:10.112, ip_subnet3:10.112.126, ip_subnet:10, os_version:windows_server_2019_datacenter, os_version_release:windows_server_2019_datacenter, os_version_windows:10.0_build_17763, platform:windows, region:azure, risk:financial, role:avd, service:trms, source:datadog, system:trms, team:windows",2025-01-29 07:03:41,Datadog agent (v. 7.59.0) started on wpwvd-trms-1.adb.local,info
AwAAAZSu881oyLDPcwAAABhBWlN1ODlId0FBRFppc1hiNk9HQUVKZnMAAAAkMDE5NGFmNWItODgxOC00ODdiLTg1OWUtZjRlYjUxMTFiMDA5AAAwDw,event,"criticality:prod, dd_agent_key:adb, dd_agent_pythonv:3.12.6, dd_agent_version:7.59.0, domain_name:adb.local, env:prod, host:wpwvd-trms-1.adb.local, ip_subnet2:10.112, ip_subnet3:10.112.126, ip_subnet:10, monitor, os_version:windows_server_2019_datacenter, os_version_release:windows_server_2019_datacenter, os_version_windows:10.0_build_17763, platform:windows, region:azure, risk:financial, role:avd, service:trms, source:alert, system:trms, team:cyber_agents, team:windows",2025-01-29 06:06:41,[Re-Triggered on {host:wpwvd-trms-1.adb.local}] Nessus Agent in Windows Server wpwvd-trms-1.adb.local Stopped Running - Cyber,error
AwAAAZSuvOLQuJXZGQAAABhBWlN1dk9aQkFBQWVYZ21SX1FqR1BkVGcAAAAkMDE5NGFmNWItODgxOC00ODdiLTg1OWUtZjRlYjUxMTFiMDA5AAAv6g,event,"criticality:prod, dd_agent_key:adb, dd_agent_pythonv:3.12.6, dd_agent_version:7.59.0, domain_name:adb.local, env:prod, host:wpwvd-trms-1.adb.local, ip_subnet2:10.112, ip_subnet3:10.112.126, ip_subnet:10, monitor, os_version:windows_server_2019_datacenter, os_version_release:windows_server_2019_datacenter, os_version_windows:10.0_build_17763, platform:windows, region:azure, risk:financial, role:avd, service:trms, source:alert, system:trms, team:cyber_agents, team:windows",2025-01-29 05:06:42,[Re-Triggered on {host:wpwvd-trms-1.adb.local}] Nessus Agent in Windows Server wpwvd-trms-1.adb.local Stopped Running - Cyber,error
AwAAAZSuhfBoTiJqfwAAABhBWlN1aGZTeEFBQWFjMERhc1VuSThiamMAAAAkMDE5NGFmNWItODgxOC00ODdiLTg1OWUtZjRlYjUxMTFiMDA5AAAvxg,event,"criticality:prod, dd_agent_key:adb, dd_agent_pythonv:3.12.6, dd_agent_version:7.59.0, domain_name:adb.local, env:prod, host:wpwvd-trms-1.adb.local, ip_subnet2:10.112, ip_subnet3:10.112.126, ip_subnet:10, monitor, os_version:windows_server_2019_datacenter, os_version_release:windows_server_2019_datacenter, os_version_windows:10.0_build_17763, platform:windows, region:azure, risk:financial, role:avd, service:trms, source:alert, system:trms, team:cyber_agents, team:windows",2025-01-29 04:06:41,[Re-Triggered on {host:wpwvd-trms-1.adb.local}] Nessus Agent in Windows Server wpwvd-trms-1.adb.local Stopped Running - Cyber,error
AwAAAZSuTwHoqApXUgAAABhBWlN1VHdZN0FBQkUwM0Z0MEliSWNUWnMAAAAkMDE5NGFlN2YtOTc2OC00M2RlLWI0ZWEtZTk4OWIwYTIyOTg1AAAxMw,event,"criticality:prod, dd_agent_key:adb, dd_agent_pythonv:3.12.6, dd_agent_version:7.59.0, domain_name:adb.local, env:prod, host:wpwvd-trms-1.adb.local, ip_subnet2:10.112, ip_subnet3:10.112.126, ip_subnet:10, monitor, os_version:windows_server_2019_datacenter, os_version_release:windows_server_2019_datacenter, os_version_windows:10.0_build_17763, platform:windows, region:azure, risk:financial, role:avd, service:trms, source:alert, system:trms, team:cyber_agents, team:windows",2025-01-29 03:06:41,[Re-Triggered on {host:wpwvd-trms-1.adb.local}] Nessus Agent in Windows Server wpwvd-trms-1.adb.local Stopped Running - Cyber,error
AwAAAZSuGBdQuC_8owAAABhBWlN1R0JtZUFBQW9HOGxsVGd6SDRkTzQAAAAkMDE5NGFlN2YtOTc2OC00M2RlLWI0ZWEtZTk4OWIwYTIyOTg1AAAxHA,event,"criticality:prod, dd_agent_key:adb, dd_agent_pythonv:3.12.6, dd_agent_version:7.59.0, domain_name:adb.local, env:prod, host:wpwvd-trms-1.adb.local, ip_subnet2:10.112, ip_subnet3:10.112.126, ip_subnet:10, monitor, os_version:windows_server_2019_datacenter, os_version_release:windows_server_2019_datacenter, os_version_windows:10.0_build_17763, platform:windows, region:azure, risk:financial, role:avd, service:trms, source:alert, system:trms, team:cyber_agents, team:windows",2025-01-29 02:06:42,[Re-Triggered on {host:wpwvd-trms-1.adb.local}] Nessus Agent in Windows Server wpwvd-trms-1.adb.local Stopped Running - Cyber,error
AwAAAZSt4SjQTq3LNQAAABhBWlN0NFNuckFBRFlFYUxGRHpVU3FqS28AAAAkMDE5NGFlN2YtOTc2OC00M2RlLWI0ZWEtZTk4OWIwYTIyOTg1AAAxAg,event,"criticality:prod, dd_agent_key:adb, dd_agent_pythonv:3.12.6, dd_agent_version:7.59.0, domain_name:adb.local, env:prod, host:wpwvd-trms-1.adb.local, ip_subnet2:10.112, ip_subnet3:10.112.126, ip_subnet:10, monitor, os_version:windows_server_2019_datacenter, os_version_release:windows_server_2019_datacenter, os_version_windows:10.0_build_17763, platform:windows, region:azure, risk:financial, role:avd, service:trms, source:alert, system:trms, team:cyber_agents, team:windows",2025-01-29 01:06:42,[Triggered on {host:wpwvd-trms-1.adb.local}] Nessus Agent in Windows Server wpwvd-trms-1.adb.local Stopped Running - Cyber,error
AwAAAZStq2sAxTVmcQAAABhBWlN0cTI0SUFBRDJmS0Jia3doa3BteWoAAAAkMDE5NGFlN2YtOTc2OC00M2RlLWI0ZWEtZTk4OWIwYTIyOTg1AAA2ZA,event,"criticality:prod, dd_agent_key:adb, dd_agent_pythonv:3.12.6, dd_agent_version:7.59.0, domain_name:adb.local, env:prod, host:wpwvd-trms-1.adb.local, ip_subnet2:10.112, ip_subnet3:10.112.126, ip_subnet:10, monitor, os_version:windows_server_2019_datacenter, os_version_release:windows_server_2019_datacenter, os_version_windows:10.0_build_17763, platform:windows, region:azure, risk:financial, role:avd, service:trms, source:alert, system:trms, team:risk, team:windows",2025-01-29 00:08:00,[Triggered on {host:wpwvd-trms-1.adb.local}] TRMS Hosts Data Dog Agent Check - FIN,error
AwAAAZStqxUQBTBqfwAAABhBWlN0cXhtcEFBQlFUU3pXT2FLbmNLRjkAAAAkMDE5NGFlN2YtOTc2OC00M2RlLWI0ZWEtZTk4OWIwYTIyOTg1AAA2Yw,event,"criticality:prod, dd_agent_key:adb, dd_agent_pythonv:3.12.6, dd_agent_version:7.59.0, domain_name:adb.local, env:prod, host:wpwvd-trms-1.adb.local, ip_subnet2:10.112, ip_subnet3:10.112.126, ip_subnet:10, monitor, os_version:windows_server_2019_datacenter, os_version_release:windows_server_2019_datacenter, os_version_windows:10.0_build_17763, platform:windows, region:azure, risk:financial, role:avd, service:trms, source:alert, system:trms, team:risk, team:windows",2025-01-29 00:07:38,[P1] [Triggered] Host Uptime Monitor:TRMS - FIN,error
AwAAAZStcqfA2IxjrwAAABhBWlN0Y3FwQUFBQ2toY0JKWF9hT1RfcUcAAAAkMDE5NGFkYTQtMTQxOC00ODcyLTkyYjQtNWZjMTRlMjg3NjRlAAA-QA,event,"criticality:prod, dd_agent_key:adb, dd_agent_pythonv:3.12.6, dd_agent_version:7.59.0, domain_name:adb.local, env:prod, host:wpwvd-trms-0.adb.local, ip_subnet2:10.112, ip_subnet3:10.112.126, ip_subnet:10, monitor, os_version:windows_server_2019_datacenter, os_version_release:windows_server_2019_datacenter, os_version_windows:10.0_build_17763, platform:windows, region:azure, risk:financial, role:avd, service:trms, source:alert, system:trms, team:risk, team:windows, winserv:mam",2025-01-28 23:06:00,[Recovered on {host:wpwvd-trms-0.adb.local}] TRMS Hosts Data Dog Agent Check - FIN,success
AwAAAZStcehY4EXe3QAAABhBWlN0Y2dlWUFBQlhXNXVKTlcyc0J6S3kAAAAkMDE5NGFkYTQtMTQxOC00ODcyLTkyYjQtNWZjMTRlMjg3NjRlAAAADQ,event,"criticality:prod, dd_agent_key:adb, dd_agent_pythonv:3.12.6, dd_agent_version:7.59.0, domain_name:adb.local, env:prod, ip_subnet2:10.112, ip_subnet3:10.112.126, ip_subnet:10, os_version:windows_server_2019_datacenter, os_version_release:windows_server_2019_datacenter, os_version_windows:10.0_build_17763, platform:windows, region:azure, risk:financial, role:avd, service:trms, source:datadog, system:trms, team:windows, winserv:mam",2025-01-28 23:05:11,Datadog agent (v. 7.59.0) started on wpwvd-trms-0.adb.local,info
AwAAAZStcb1gVQq5IwAAABhBWlN0Y2NCUkFBQnhkamN1cHdCRTZGbXEAAAAkMDE5NGFkYTQtMTQxOC00ODcyLTkyYjQtNWZjMTRlMjg3NjRlAAA-Pw,event,"criticality:prod, dd_agent_key:adb, dd_agent_pythonv:3.12.6, dd_agent_version:7.59.0, domain_name:adb.local, env:prod, host:wpwvd-trms-0.adb.local, ip_subnet2:10.112, ip_subnet3:10.112.126, ip_subnet:10, monitor, os_version:windows_server_2019_datacenter, os_version_release:windows_server_2019_datacenter, os_version_windows:10.0_build_17763, platform:windows, region:azure, risk:financial, role:avd, service:trms, source:alert, system:trms, team:risk, team:windows, winserv:mam",2025-01-28 23:05:00,[Triggered on {host:wpwvd-trms-0.adb.local}] TRMS Hosts Data Dog Agent Check - FIN,error
AwAAAZSsljoQO6517wAAABhBWlNzbGowdUFBQzUzaUVhQ1pHUXFBLUgAAAAkMDE5NGFjYzgtNDJhOC00MGRmLWI2MDItNzlkMzkzMDA0ODk1AABBJA,event,"criticality:prod, env:dev, integration:azure, integration:azure_app_services, monitor, name:as-trms-ui-prd-sea, service:_trms, source:alert, team:fin",2025-01-28 19:05:14,[Recovered] [TRMS FIN UI PROD Azure App Service] Response Time Monitor - FIN,success
AwAAAZSsliKgV5J3cwAAABhBWlNzbGlUMkFBREpWRUlMQTVoQ0hRVWYAAAAkMDE5NGFjYzgtNDJhOC00MGRmLWI2MDItNzlkMzkzMDA0ODk1AABBHw,event,"criticality:prod, env:dev, env:prod, integration:azure, integration:azure_app_services, monitor, name:as-trms-ui-prd-sea, service:_trms, source:alert, team:, team:fin",2025-01-28 19:05:08,[Recovered] [TRMS PROD UI Azure App Service] Response Time Monitor - FIN,success
AwAAAZSskL-4nfqOtAAAABhBWlNza01CWkFBQ2NkYXlUNTNqV3Rvb1IAAAAkMDE5NGFjYzgtNDJhOC00MGRmLWI2MDItNzlkMzkzMDA0ODk1AABBFA,event,"criticality:prod, env:dev, integration:azure, integration:azure_app_services, monitor, name:as-trms-ui-prd-sea, service:_trms, source:alert, team:fin",2025-01-28 18:59:15,[Warn] [TRMS FIN UI PROD Azure App Service] Response Time Monitor - FIN,warning
AwAAAZSskKhIkQW24wAAABhBWlNza0t1TkFBQTMxYXZ2SWxyRl9xb2QAAAAkMDE5NGFjYzgtNDJhOC00MGRmLWI2MDItNzlkMzkzMDA0ODk1AABBEw,event,"criticality:prod, env:dev, env:prod, integration:azure, integration:azure_app_services, monitor, name:as-trms-ui-prd-sea, service:_trms, source:alert, team:, team:fin",2025-01-28 18:59:09,[Warn] [TRMS PROD UI Azure App Service] Response Time Monitor - FIN,warning
AwAAAZSsakgQPGiQtAAAABhBWlNzYWt3Q0FBQV9zZkNYcmZkQUNaRHAAAAAkMDE5NGFjYzgtNDJhOC00MGRmLWI2MDItNzlkMzkzMDA0ODk1AABAhQ,event,"criticality:prod, env:dev, integration:azure, integration:azure_app_services, monitor, name:as-trms-ui-prd-sea, service:_trms, source:alert, team:fin",2025-01-28 18:17:14,[Recovered] [TRMS FIN UI PROD Azure App Service] Response Time Monitor - FIN,success
AwAAAZSsajCgmHfdWgAAABhBWlNzYWpQd0FBQk1ob04yY2wwMFBlSXgAAAAkMDE5NGFjYzgtNDJhOC00MGRmLWI2MDItNzlkMzkzMDA0ODk1AABAgw,event,"criticality:prod, env:dev, env:prod, integration:azure, integration:azure_app_services, monitor, name:as-trms-ui-prd-sea, service:_trms, source:alert, team:, team:fin",2025-01-28 18:17:08,[Recovered] [TRMS PROD UI Azure App Service] Response Time Monitor - FIN,success
AwAAAZSsaV2wXQje3QAAABhBWlNzYVdCbEFBQzRUVFRUeHYtTldid2MAAAAkMDE5NGFjYzgtNDJhOC00MGRmLWI2MDItNzlkMzkzMDA0ODk1AABAeQ,event,"criticality:prod, env:dev, integration:azure, integration:azure_app_services, monitor, name:as-trms-ui-prd-sea, service:_trms, source:alert, team:fin",2025-01-28 18:16:14,[Warn] [TRMS FIN UI PROD Azure App Service] Response Time Monitor - FIN,warning
AwAAAZSsaUZAiCpYXwAAABhBWlNzYVVpdkFBQllSSE5UYXZqNWdwY3oAAAAkMDE5NGFjYzgtNDJhOC00MGRmLWI2MDItNzlkMzkzMDA0ODk1AABAeA,event,"criticality:prod, env:dev, env:prod, integration:azure, integration:azure_app_services, monitor, name:as-trms-ui-prd-sea, service:_trms, source:alert, team:, team:fin",2025-01-28 18:16:08,[Warn] [TRMS PROD UI Azure App Service] Response Time Monitor - FIN,warning
AwAAAZSsYvUQ43IvmAAAABhBWlNzWXZnNkFBRHV1Z19LRHRIamJMUDgAAAAkMDE5NGFjYzgtNDJhOC00MGRmLWI2MDItNzlkMzkzMDA0ODk1AABASQ,event,"criticality:prod, env:dev, integration:azure, integration:azure_app_services, monitor, name:as-trms-ui-prd-sea, service:_trms, source:alert, team:fin",2025-01-28 18:09:14,[Triggered] [TRMS FIN UI PROD Azure App Service] Response Time Monitor - FIN,error
AwAAAZSsYvEobfYI-wAAABhBWlNzWXZYV0FBRDhrWktKdFhsTzZuRmwAAAAkMDE5NGFjYzgtNDJhOC00MGRmLWI2MDItNzlkMzkzMDA0ODk1AABASA,event,"criticality:prod, env:dev, env:prod, integration:azure, integration:azure_app_services, monitor, name:as-trms-ui-prd-sea, service:_trms, source:alert, team:, team:fin",2025-01-28 18:09:13,[Triggered] [TRMS PROD UI Azure App Service] Response Time Monitor - FIN,error
AwAAAZSsYg6Y0cQzzwAAABhBWlNzWWctcEFBRENiejBWWTVjN3RicFYAAAAkMDE5NGFjYzgtNDJhOC00MGRmLWI2MDItNzlkMzkzMDA0ODk1AABAQw,event,"criticality:prod, env:dev, integration:azure, integration:azure_app_services, monitor, name:as-trms-ui-prd-sea, service:_trms, source:alert, team:fin",2025-01-28 18:08:15,[Warn] [TRMS FIN UI PROD Azure App Service] Response Time Monitor - FIN,warning
AwAAAZSsYfNAX-sV2wAAABhBWlNzWWZiRkFBQVYzMmxUTkRKWUpFc1IAAAAkMDE5NGFjYzgtNDJhOC00MGRmLWI2MDItNzlkMzkzMDA0ODk1AABAQg,event,"criticality:prod, env:dev, env:prod, integration:azure, integration:azure_app_services, monitor, name:as-trms-ui-prd-sea, service:_trms, source:alert, team:, team:fin",2025-01-28 18:08:08,[Warn] [TRMS PROD UI Azure App Service] Response Time Monitor - FIN,warning
AwAAAZSsQ9g4qCaqmgAAABhBWlNzUTlrVEFBRHRSbmVHV1lVQnVDT3kAAAAkMDE5NGFjYzgtNDJhOC00MGRmLWI2MDItNzlkMzkzMDA0ODk1AABDPA,event,"check_status:live, check_type:api-dns, ci_execution_rule:blocking, criticality:prod, env:prod, monitor, probe_dc:pl:hq-prod-1-3513f5b522a833600df2309408c22ed3, service:dns, source:alert, team:network",2025-01-28 17:35:15,[Recovered] trms-ui-dev.adb.org DNS resolution via DNS1 - Network,success
AwAAAZSsP7mIiBsvmAAAABhBWlNzUDd1d0FBQTB6ME1iNjFuZkhqOHQAAAAkMDE5NGFjYzgtNDJhOC00MGRmLWI2MDItNzlkMzkzMDA0ODk1AABDOA,event,"check_status:live, check_type:api-dns, ci_execution_rule:blocking, criticality:prod, env:prod, monitor, probe_dc:pl:hq-prod-1-3513f5b522a833600df2309408c22ed3, service:dns, source:alert, team:network",2025-01-28 17:30:45,[Triggered] trms-ui-dev.adb.org DNS resolution via DNS1 - Network,error
AwAAAZSsG4-45EZVeQAAABhBWlNzRzVIRUFBQ3pkVWVhOWFGUkRyLUkAAAAkMDE5NGFjYzgtNDJhOC00MGRmLWI2MDItNzlkMzkzMDA0ODk1AAA-zA,event,"criticality:prod, env:dev, integration:azure, integration:azure_app_services, monitor, name:as-trms-ui-prd-sea, service:_trms, source:alert, team:fin",2025-01-28 16:51:15,[Recovered] [TRMS FIN UI PROD Azure App Service] Response Time Monitor - FIN,success
AwAAAZSsG3Rgk8eI0wAAABhBWlNzRzNockFBRE0zZENiMmhYeUdXaFkAAAAkMDE5NGFjYzgtNDJhOC00MGRmLWI2MDItNzlkMzkzMDA0ODk1AAA-yw,event,"criticality:prod, env:dev, env:prod, integration:azure, integration:azure_app_services, monitor, name:as-trms-ui-prd-sea, service:_trms, source:alert, team:, team:fin",2025-01-28 16:51:08,[Recovered] [TRMS PROD UI Azure App Service] Response Time Monitor - FIN,success
AwAAAZSsGqVY-8HZQgAAABhBWlNzR3FaRkFBQVBuSlZSVGI3cnlIQUQAAAAkMDE5NGFjYzgtNDJhOC00MGRmLWI2MDItNzlkMzkzMDA0ODk1AAA-yQ,event,"criticality:prod, env:dev, integration:azure, integration:azure_app_services, monitor, name:as-trms-ui-prd-sea, service:_trms, source:alert, team:fin",2025-01-28 16:50:15,[Warn] [TRMS FIN UI PROD Azure App Service] Response Time Monitor - FIN,warning
AwAAAZSsGooA7bU4gAAAABhBWlNzR28wa0FBQWJvdFZ2UDRjVGJrQlkAAAAkMDE5NGFjYzgtNDJhOC00MGRmLWI2MDItNzlkMzkzMDA0ODk1AAA-yA,event,"criticality:prod, env:dev, env:prod, integration:azure, integration:azure_app_services, monitor, name:as-trms-ui-prd-sea, service:_trms, source:alert, team:, team:fin",2025-01-28 16:50:08,[Warn] [TRMS PROD UI Azure App Service] Response Time Monitor - FIN,warning
AwAAAZSsFDy4tBmnIwAAABhBWlNzRkQzUEFBQ2ZEejVrdERWZER6M0oAAAAkMDE5NGFjYzgtNDJhOC00MGRmLWI2MDItNzlkMzkzMDA0ODk1AAA-ug,event,"criticality:prod, env:dev, integration:azure, integration:azure_app_services, monitor, name:as-trms-ui-prd-sea, service:_trms, source:alert, team:fin",2025-01-28 16:43:15,[Triggered] [TRMS FIN UI PROD Azure App Service] Response Time Monitor - FIN,error
AwAAAZSsFCVI0Fhx7wAAABhBWlNzRkNhMkFBRC1uS25KRHQyUURtckgAAAAkMDE5NGFjYzgtNDJhOC00MGRmLWI2MDItNzlkMzkzMDA0ODk1AAA-uQ,event,"criticality:prod, env:dev, env:prod, integration:azure, integration:azure_app_services, monitor, name:as-trms-ui-prd-sea, service:_trms, source:alert, team:, team:fin",2025-01-28 16:43:09,[Triggered] [TRMS PROD UI Azure App Service] Response Time Monitor - FIN,error
AwAAAZSsEmQQsbPBQQAAABhBWlNzRW1lYkFBRFNDMHAzNk5PdTlDa3oAAAAkMDE5NGFjYzgtNDJhOC00MGRmLWI2MDItNzlkMzkzMDA0ODk1AAA-sg,event,"criticality:prod, env:dev, integration:azure, integration:azure_app_services, monitor, name:as-trms-ui-prd-sea, service:_trms, source:alert, team:fin",2025-01-28 16:41:14,[Warn] [TRMS FIN UI PROD Azure App Service] Response Time Monitor - FIN,warning
AwAAAZSsElCI5laOtAAAABhBWlNzRWxKcEFBQmRuRVBzQm16RzBmTDUAAAAkMDE5NGFjYzgtNDJhOC00MGRmLWI2MDItNzlkMzkzMDA0ODk1AAA-sQ,event,"criticality:prod, env:dev, env:prod, integration:azure, integration:azure_app_services, monitor, name:as-trms-ui-prd-sea, service:_trms, source:alert, team:, team:fin",2025-01-28 16:41:09,[Warn] [TRMS PROD UI Azure App Service] Response Time Monitor - FIN,warning
AwAAAZSr-rl4E7AK8AAAABhBWlNyLXJwakFBRGFvMEhoclNmT1JvalIAAAAkMDE5NGFjYzgtNDJhOC00MGRmLWI2MDItNzlkMzkzMDA0ODk1AABC6Q,event,"check_status:live, check_type:api-dns, ci_execution_rule:blocking, criticality:prod, env:prod, monitor, probe_dc:pl:hq-prod-1-3513f5b522a833600df2309408c22ed3, service:dns, source:alert, team:network",2025-01-28 16:15:23,[Recovered] Test on trms-ui-dev.adb.org via WPAD1 - Network,success
AwAAAZSr9iWYi3fBJQAAABhBWlNyOWlnSEFBQ0ZGRERWZFpGLWJiSEEAAAAkMDE5NGFjYzgtNDJhOC00MGRmLWI2MDItNzlkMzkzMDA0ODk1AABC4w,event,"check_status:live, check_type:api-dns, ci_execution_rule:blocking, criticality:prod, env:prod, monitor, probe_dc:pl:hq-prod-1-3513f5b522a833600df2309408c22ed3, service:dns, source:alert, team:network",2025-01-28 16:10:23,[Triggered] Test on trms-ui-dev.adb.org via WPAD1 - Network,error
AwAAAZSr8ePAYaTdWgAAABhBWlNyOGVlZUFBQ2VvUUg3VDJncUxmazAAAAAkMDE5NGFjYzgtNDJhOC00MGRmLWI2MDItNzlkMzkzMDA0ODk1AABC3A,event,"check_status:live, check_type:api-dns, ci_execution_rule:blocking, criticality:prod, env:prod, monitor, probe_dc:pl:hq-prod-1-3513f5b522a833600df2309408c22ed3, service:dns, source:alert, team:network",2025-01-28 16:05:44,[Recovered] trms-ui-dev.adb.org DNS resolution via DNS1 - Network,success
AwAAAZSr7N6YPSKI0wAAABhBWlNyN09DVkFBQTVrUl8tZ01Cb2tGb0cAAAAkMDE5NGFjYzgtNDJhOC00MGRmLWI2MDItNzlkMzkzMDA0ODk1AABC1g,event,"check_status:live, check_type:api-dns, ci_execution_rule:blocking, criticality:prod, env:prod, monitor, probe_dc:pl:hq-prod-1-3513f5b522a833600df2309408c22ed3, service:dns, source:alert, team:network",2025-01-28 16:00:15,[Triggered] trms-ui-dev.adb.org DNS resolution via DNS1 - Network,error
AwAAAZSrlPawtI1VeQAAABhBWlNybFVfUUFBQTExT1BKeE1iUEtCZGEAAAAkMDE5NGFiZWMtOWMzMC00YzEwLWFmODctY2Q3YmE2M2NkZTMwAAA_6A,event,"criticality:prod, env:dev, integration:azure, integration:azure_app_services, monitor, name:as-trms-ui-prd-sea, service:_trms, source:alert, team:fin",2025-01-28 14:24:14,[Recovered] [TRMS FIN UI PROD Azure App Service] Response Time Monitor - FIN,success
AwAAAZSrlOMo_7n3yQAAABhBWlNybFVSVUFBQkxDbWs4SVBOVWVRUzYAAAAkMDE5NGFiZWMtOWMzMC00YzEwLWFmODctY2Q3YmE2M2NkZTMwAAA_5w,event,"criticality:prod, env:dev, env:prod, integration:azure, integration:azure_app_services, monitor, name:as-trms-ui-prd-sea, service:_trms, source:alert, team:, team:fin",2025-01-28 14:24:09,[Recovered] [TRMS PROD UI Azure App Service] Response Time Monitor - FIN,success
AwAAAZSrkjeQrcve3QAAABhBWlNya2pvZUFBQTBDWnpiMFBCYnN2OUcAAAAkMDE5NGFiZWMtOWMzMC00YzEwLWFmODctY2Q3YmE2M2NkZTMwAAA_3w,event,"criticality:prod, env:dev, integration:azure, integration:azure_app_services, monitor, name:as-trms-ui-prd-sea, service:_trms, source:alert, team:fin",2025-01-28 14:21:14,[Warn] [TRMS FIN UI PROD Azure App Service] Response Time Monitor - FIN,warning
AwAAAZSrki_ARGH90AAAABhBWlNya2pKY0FBQWZOaU5hM0Y3UEdOcHAAAAAkMDE5NGFiZWMtOWMzMC00YzEwLWFmODctY2Q3YmE2M2NkZTMwAAA_3g,event,"criticality:prod, env:dev, env:prod, integration:azure, integration:azure_app_services, monitor, name:as-trms-ui-prd-sea, service:_trms, source:alert, team:, team:fin",2025-01-28 14:21:12,[Warn] [TRMS PROD UI Azure App Service] Response Time Monitor - FIN,warning
AwAAAZSrhHvwO_bk5gAAABhBWlNyaEg3M0FBRGswU01vaXZ6aDhPUVYAAAAkMDE5NGFiZWMtOWMzMC00YzEwLWFmODctY2Q3YmE2M2NkZTMwAAA_cA,event,"criticality:prod, env:dev, integration:azure, integration:azure_app_services, monitor, name:as-trms-ui-prd-sea, service:_trms, source:alert, team:fin",2025-01-28 14:06:14,[Recovered] [TRMS FIN UI PROD Azure App Service] Response Time Monitor - FIN,success
AwAAAZSrhGhoFGkZQgAAABhBWlNyaEd0a0FBQ2xWUlJxZ0VBWmNWZzcAAAAkMDE5NGFiZWMtOWMzMC00YzEwLWFmODctY2Q3YmE2M2NkZTMwAAA_aw,event,"criticality:prod, env:dev, env:prod, integration:azure, integration:azure_app_services, monitor, name:as-trms-ui-prd-sea, service:_trms, source:alert, team:, team:fin",2025-01-28 14:06:09,[Recovered] [TRMS PROD UI Azure App Service] Response Time Monitor - FIN,success
AwAAAZSrf-gQ7AB17wAAABhBWlNyZi1xc0FBQ0JaTXZOSy01RmFuU2YAAAAkMDE5NGFiZWMtOWMzMC00YzEwLWFmODctY2Q3YmE2M2NkZTMwAAA_Mg,event,"criticality:prod, env:dev, integration:azure, integration:azure_app_services, monitor, name:as-trms-ui-prd-sea, service:_trms, source:alert, team:fin",2025-01-28 14:01:14,[Warn] [TRMS FIN UI PROD Azure App Service] Response Time Monitor - FIN,warning
AwAAAZSrf9SI13kI-wAAABhBWlNyZjlaR0FBRFJkaDJITlNHTm9lLWIAAAAkMDE5NGFiZWMtOWMzMC00YzEwLWFmODctY2Q3YmE2M2NkZTMwAAA_MQ,event,"criticality:prod, env:dev, env:prod, integration:azure, integration:azure_app_services, monitor, name:as-trms-ui-prd-sea, service:_trms, source:alert, team:, team:fin",2025-01-28 14:01:09,[Warn] [TRMS PROD UI Azure App Service] Response Time Monitor - FIN,warning
AwAAAZSrem24eDh17wAAABhBWlNyZW04NUFBQlA5clNGbFJLU0pRNlMAAAAkMDE5NGFiZWMtOWMzMC00YzEwLWFmODctY2Q3YmE2M2NkZTMwAAA_KA,event,"criticality:prod, env:dev, integration:azure, integration:azure_app_services, monitor, name:as-trms-ui-prd-sea, service:_trms, source:alert, team:fin",2025-01-28 13:55:15,[Triggered] [TRMS FIN UI PROD Azure App Service] Response Time Monitor - FIN,error
AwAAAZSrelJguJc4gAAAABhBWlNyZWxWTUFBQ2gxaEtjeEpSdTlnRUIAAAAkMDE5NGFiZWMtOWMzMC00YzEwLWFmODctY2Q3YmE2M2NkZTMwAAA_Jg,event,"criticality:prod, env:dev, env:prod, integration:azure, integration:azure_app_services, monitor, name:as-trms-ui-prd-sea, service:_trms, source:alert, team:, team:fin",2025-01-28 13:55:08,[Triggered] [TRMS PROD UI Azure App Service] Response Time Monitor - FIN,error
AwAAAZSrdAEwTZybtwAAABhBWlNyZEFRM0FBQlhpSGdzazMxUkFjaHcAAAAkMDE5NGFiZWMtOWMzMC00YzEwLWFmODctY2Q3YmE2M2NkZTMwAAA_DQ,event,"criticality:prod, env:dev, integration:azure, integration:azure_app_services, monitor, name:as-trms-ui-prd-sea, service:_trms, source:alert, team:fin",2025-01-28 13:48:14,[Warn] [TRMS FIN UI PROD Azure App Service] Response Time Monitor - FIN,warning
AwAAAZSrc-nAODwK8AAAABhBWlNyYy14cUFBQXZoaTU2R18wd1BvaWEAAAAkMDE5NGFiZWMtOWMzMC00YzEwLWFmODctY2Q3YmE2M2NkZTMwAAA_DA,event,"criticality:prod, env:dev, env:prod, integration:azure, integration:azure_app_services, monitor, name:as-trms-ui-prd-sea, service:_trms, source:alert, team:, team:fin",2025-01-28 13:48:08,[Warn] [TRMS PROD UI Azure App Service] Response Time Monitor - FIN,warning
AwAAAZSrcFewp5mNdwAAABhBWlNyY0Z3RUFBQ0dVcm43WmNFQjVVeEoAAAAkMDE5NGFiZWMtOWMzMC00YzEwLWFmODctY2Q3YmE2M2NkZTMwAAA-_g,event,"criticality:prod, env:dev, integration:azure, integration:azure_app_services, monitor, name:as-trms-ui-prd-sea, service:_trms, source:alert, team:fin",2025-01-28 13:44:14,[Recovered] [TRMS FIN UI PROD Azure App Service] Response Time Monitor - FIN,success
AwAAAZSrcEBATh1g2wAAABhBWlNyY0VSUkFBQVNYMUhWUFJkOVNfMUcAAAAkMDE5NGFiZWMtOWMzMC00YzEwLWFmODctY2Q3YmE2M2NkZTMwAAA-_Q,event,"criticality:prod, env:dev, env:prod, integration:azure, integration:azure_app_services, monitor, name:as-trms-ui-prd-sea, service:_trms, source:alert, team:, team:fin",2025-01-28 13:44:08,[Recovered] [TRMS PROD UI Azure App Service] Response Time Monitor - FIN,success
AwAAAZSrbZiQc_IV2wAAABhBWlNyYlp5bUFBQUx2MzlxS0dsa3ZobXcAAAAkMDE5NGFiZWMtOWMzMC00YzEwLWFmODctY2Q3YmE2M2NkZTMwAAA-9A,event,"criticality:prod, env:dev, integration:azure, integration:azure_app_services, monitor, name:as-trms-ui-prd-sea, service:_trms, source:alert, team:fin",2025-01-28 13:41:14,[Warn] [TRMS FIN UI PROD Azure App Service] Response Time Monitor - FIN,warning
AwAAAZSrbYUI-yQ-egAAABhBWlNyYlllN0FBRC1UeFZZVjRlZTRuQTMAAAAkMDE5NGFiZWMtOWMzMC00YzEwLWFmODctY2Q3YmE2M2NkZTMwAAA-8w,event,"criticality:prod, env:dev, env:prod, integration:azure, integration:azure_app_services, monitor, name:as-trms-ui-prd-sea, service:_trms, source:alert, team:, team:fin",2025-01-28 13:41:09,[Warn] [TRMS PROD UI Azure App Service] Response Time Monitor - FIN,warning
AwAAAZSraBpQQ7EvmAAAABhBWlNyYUJ5T0FBQUpsbGZBOENERWZya2kAAAAkMDE5NGFiZWMtOWMzMC00YzEwLWFmODctY2Q3YmE2M2NkZTMwAAA-6Q,event,"criticality:prod, env:dev, integration:azure, integration:azure_app_services, monitor, name:as-trms-ui-prd-sea, service:_trms, source:alert, team:fin",2025-01-28 13:35:14,[Recovered] [TRMS FIN UI PROD Azure App Service] Response Time Monitor - FIN,success
AwAAAZSraAbIQiIvmAAAABhBWlNyYUFyb0FBQ0F2M2E3elpEV3p6X1MAAAAkMDE5NGFiZWMtOWMzMC00YzEwLWFmODctY2Q3YmE2M2NkZTMwAAA-6A,event,"criticality:prod, env:dev, env:prod, integration:azure, integration:azure_app_services, monitor, name:as-trms-ui-prd-sea, service:_trms, source:alert, team:, team:fin",2025-01-28 13:35:09,[Recovered] [TRMS PROD UI Azure App Service] Response Time Monitor - FIN,success
AwAAAZSrZy_wUm9x5QAAABhBWlNyWnpNQkFBQ2F3MjRkUTVvLXBaVkQAAAAkMDE5NGFiZWMtOWMzMC00YzEwLWFmODctY2Q3YmE2M2NkZTMwAAA-5w,event,"criticality:prod, env:dev, integration:azure, integration:azure_app_services, monitor, name:as-trms-ui-prd-sea, service:_trms, source:alert, team:fin",2025-01-28 13:34:14,[Warn] [TRMS FIN UI PROD Azure App Service] Response Time Monitor - FIN,warning
AwAAAZSrZxxo7A_BJQAAABhBWlNyWng1RUFBQm8xekJVV29OdWVaUTAAAAAkMDE5NGFiZWMtOWMzMC00YzEwLWFmODctY2Q3YmE2M2NkZTMwAAA-5g,event,"criticality:prod, env:dev, env:prod, integration:azure, integration:azure_app_services, monitor, name:as-trms-ui-prd-sea, service:_trms, source:alert, team:, team:fin",2025-01-28 13:34:09,[Warn] [TRMS PROD UI Azure App Service] Response Time Monitor - FIN,warning
AwAAAZSrSPmQvOOyYQAAABhBWlNyU1AxWEFBQmtOUV95b09PQWxEdkEAAAAkMDE5NGFiZWMtOWMzMC00YzEwLWFmODctY2Q3YmE2M2NkZTMwAAA9lw,event,"criticality:prod, env:dev, integration:azure, integration:azure_app_services, monitor, name:as-trms-ui-prd-sea, service:_trms, source:alert, team:fin",2025-01-28 13:01:14,[Recovered] [TRMS FIN UI PROD Azure App Service] Response Time Monitor - FIN,success
AwAAAZSrSOIgAUXk5gAAABhBWlNyU09WQ0FBRF9QdkhaN3c0YTN3MzIAAAAkMDE5NGFiZWMtOWMzMC00YzEwLWFmODctY2Q3YmE2M2NkZTMwAAA9lQ,event,"criticality:prod, env:dev, env:prod, integration:azure, integration:azure_app_services, monitor, name:as-trms-ui-prd-sea, service:_trms, source:alert, team:, team:fin",2025-01-28 13:01:08,[Recovered] [TRMS PROD UI Azure App Service] Response Time Monitor - FIN,success
AwAAAZSrRyi4XtTZQgAAABhBWlNyUnl1M0FBREU3XzZ4eGt2Y04yWDYAAAAkMDE5NGFiZWMtOWMzMC00YzEwLWFmODctY2Q3YmE2M2NkZTMwAAA9kA,event,"criticality:prod, env:dev, integration:azure, integration:azure_app_services, monitor, name:as-trms-ui-prd-sea, service:_trms, source:alert, team:fin",2025-01-28 12:59:15,[Warn] [TRMS FIN UI PROD Azure App Service] Response Time Monitor - FIN,warning
AwAAAZSrRw1g9kl3cwAAABhBWlNyUnhBVUFBQUNmdk9RZ1Mybm1ZVjEAAAAkMDE5NGFiZWMtOWMzMC00YzEwLWFmODctY2Q3YmE2M2NkZTMwAAA9jw,event,"criticality:prod, env:dev, env:prod, integration:azure, integration:azure_app_services, monitor, name:as-trms-ui-prd-sea, service:_trms, source:alert, team:, team:fin",2025-01-28 12:59:08,[Warn] [TRMS PROD UI Azure App Service] Response Time Monitor - FIN,warning
AwAAAZSrP92I5zYV2wAAABhBWlNyUC1GSkFBRC03MFNZQnZGVGtmNVMAAAAkMDE5NGFiZWMtOWMzMC00YzEwLWFmODctY2Q3YmE2M2NkZTMwAAA9hQ,event,"criticality:prod, env:dev, integration:azure, integration:azure_app_services, monitor, name:as-trms-ui-prd-sea, service:_trms, source:alert, team:fin",2025-01-28 12:51:17,[Triggered] [TRMS FIN UI PROD Azure App Service] Response Time Monitor - FIN,error
AwAAAZSrP7pg49nZMgAAABhBWlNyUDc5R0FBQ1RtWVpjQVNPaUZEV3EAAAAkMDE5NGFiZWMtOWMzMC00YzEwLWFmODctY2Q3YmE2M2NkZTMwAAA9gw,event,"criticality:prod, env:dev, env:prod, integration:azure, integration:azure_app_services, monitor, name:as-trms-ui-prd-sea, service:_trms, source:alert, team:, team:fin",2025-01-28 12:51:08,[Triggered] [TRMS PROD UI Azure App Service] Response Time Monitor - FIN,error
AwAAAZSrPudwTKNVeQAAABhBWlNyUHV0aUFBRENlNEdWMlhHZlNpWkYAAAAkMDE5NGFiZWMtOWMzMC00YzEwLWFmODctY2Q3YmE2M2NkZTMwAAA9gQ,event,"criticality:prod, env:dev, integration:azure, integration:azure_app_services, monitor, name:as-trms-ui-prd-sea, service:_trms, source:alert, team:fin",2025-01-28 12:50:14,[Warn] [TRMS FIN UI PROD Azure App Service] Response Time Monitor - FIN,warning
AwAAAZSrPtPohuVIcQAAABhBWlNyUHRWNkFBQlNPcS1vRzNabWFrdDIAAAAkMDE5NGFiZWMtOWMzMC00YzEwLWFmODctY2Q3YmE2M2NkZTMwAAA9gA,event,"criticality:prod, env:dev, env:prod, integration:azure, integration:azure_app_services, monitor, name:as-trms-ui-prd-sea, service:_trms, source:alert, team:, team:fin",2025-01-28 12:50:09,[Warn] [TRMS PROD UI Azure App Service] Response Time Monitor - FIN,warning
AwAAAZSrBigY9PmbtwAAABhBWlNyQmlsYkFBQTFyR0d6dzJ1MEk0TGYAAAAkMDE5NGFiMTAtZTIzMC00YmFmLWJiMDAtYTkyNzMxMGIzZWZjAAA4PQ,event,"criticality:prod, env:dev, integration:azure, integration:azure_app_services, monitor, name:as-trms-ui-prd-sea, service:_trms, source:alert, team:fin",2025-01-28 11:48:15,[Recovered] [TRMS FIN UI PROD Azure App Service] Response Time Monitor - FIN,success
AwAAAZSrBgzAlI8l7QAAABhBWlNyQmhHNUFBQURTNnRFWThvQ0cyU1kAAAAkMDE5NGFiMTAtZTIzMC00YmFmLWJiMDAtYTkyNzMxMGIzZWZjAAA4PA,event,"criticality:prod, env:dev, env:prod, integration:azure, integration:azure_app_services, monitor, name:as-trms-ui-prd-sea, service:_trms, source:alert, team:, team:fin",2025-01-28 11:48:08,[Recovered] [TRMS PROD UI Azure App Service] Response Time Monitor - FIN,success
AwAAAZSrA2j4pJRqLQAAABhBWlNyQTJyREFBREVOZVJGbHpPbi1QZ1EAAAAkMDE5NGFiMTAtZTIzMC00YmFmLWJiMDAtYTkyNzMxMGIzZWZjAAA4Mw,event,"criticality:prod, env:dev, integration:azure, integration:azure_app_services, monitor, name:as-trms-ui-prd-sea, service:_trms, source:alert, team:fin",2025-01-28 11:45:15,[Warn] [TRMS FIN UI PROD Azure App Service] Response Time Monitor - FIN,warning
AwAAAZSrA1GIn7FVwQAAABhBWlNyQTFNckFBREdEYlJlSlFnd0JCZ1MAAAAkMDE5NGFiMTAtZTIzMC00YmFmLWJiMDAtYTkyNzMxMGIzZWZjAAA4Mg,event,"criticality:prod, env:dev, env:prod, integration:azure, integration:azure_app_services, monitor, name:as-trms-ui-prd-sea, service:_trms, source:alert, team:, team:fin",2025-01-28 11:45:09,[Warn] [TRMS PROD UI Azure App Service] Response Time Monitor - FIN,warning
AwAAAZSq-j1QdjOXPgAAABhBWlNxLWtIS0FBQ2tja0RET19zVWFlOFgAAAAkMDE5NGFiMTAtZTIzMC00YmFmLWJiMDAtYTkyNzMxMGIzZWZjAAA4GQ,event,"criticality:prod, env:dev, integration:azure, integration:azure_app_services, monitor, name:as-trms-ui-prd-sea, service:_trms, source:alert, team:fin",2025-01-28 11:35:14,[Triggered] [TRMS FIN UI PROD Azure App Service] Response Time Monitor - FIN,error
AwAAAZSq-inIEGXxAAAAABhBWlNxLWlxeEFBQUV4U3cxa1BBOGlQdWQAAAAkMDE5NGFiMTAtZTIzMC00YmFmLWJiMDAtYTkyNzMxMGIzZWZjAAA4Fw,event,"criticality:prod, env:dev, env:prod, integration:azure, integration:azure_app_services, monitor, name:as-trms-ui-prd-sea, service:_trms, source:alert, team:, team:fin",2025-01-28 11:35:09,[Triggered] [TRMS PROD UI Azure App Service] Response Time Monitor - FIN,error
AwAAAZSq9cyY9z__UgAAABhBWlNxOWM3SkFBQzVpSGVRVXhFMUt2aFEAAAAkMDE5NGFiMTAtZTIzMC00YmFmLWJiMDAtYTkyNzMxMGIzZWZjAAA5ng,event,"check_status:live, check_type:api-dns, ci_execution_rule:blocking, criticality:prod, env:prod, monitor, probe_dc:pl:hq-prod-1-3513f5b522a833600df2309408c22ed3, service:dns, source:alert, team:network",2025-01-28 11:30:23,[Recovered] Test on trms-ui-dev.adb.org via WPAD1 - Network,success
AwAAAZSq89SwWHRIcQAAABhBWlNxODlnZkFBQ0I3c3F0UGEyaG8zc3oAAAAkMDE5NGFiMTAtZTIzMC00YmFmLWJiMDAtYTkyNzMxMGIzZWZjAAA4AQ,event,"criticality:prod, env:dev, integration:azure, integration:azure_app_services, monitor, name:as-trms-ui-prd-sea, service:_trms, source:alert, team:fin",2025-01-28 11:28:14,[Recovered] [TRMS FIN UI PROD Azure App Service] Response Time Monitor - FIN,success
AwAAAZSq871AZyc04QAAABhBWlNxODhDckFBREJCY1g4LVp1UnZtbDYAAAAkMDE5NGFiMTAtZTIzMC00YmFmLWJiMDAtYTkyNzMxMGIzZWZjAAA3_w,event,"criticality:prod, env:dev, env:prod, integration:azure, integration:azure_app_services, monitor, name:as-trms-ui-prd-sea, service:_trms, source:alert, team:, team:fin",2025-01-28 11:28:08,[Recovered] [TRMS PROD UI Azure App Service] Response Time Monitor - FIN,success
AwAAAZSq7KDw0hkC0AAAABhBWlNxN0tYRUFBQ2Zlcm1SeENwLW9adGcAAAAkMDE5NGFiMTAtZTIzMC00YmFmLWJiMDAtYTkyNzMxMGIzZWZjAAA5kg,event,"check_status:live, check_type:api-dns, ci_execution_rule:blocking, criticality:prod, env:prod, monitor, probe_dc:pl:hq-prod-1-3513f5b522a833600df2309408c22ed3, service:dns, source:alert, team:network",2025-01-28 11:20:22,[Triggered] Test on trms-ui-dev.adb.org via WPAD1 - Network,error
AwAAAZSq6Ngw_01XUgAAABhBWlNxNk5yTEFBQ3NoODExWS1HWmNZbEkAAAAkMDE5NGFiMTAtZTIzMC00YmFmLWJiMDAtYTkyNzMxMGIzZWZjAAA3vw,event,"criticality:prod, env:dev, integration:azure, integration:azure_app_services, monitor, name:as-trms-ui-prd-sea, service:_trms, source:alert, team:fin",2025-01-28 11:16:14,[Triggered] [TRMS FIN UI PROD Azure App Service] Response Time Monitor - FIN,error
AwAAAZSq6MSom6fxAAAAABhBWlNxNk1ndkFBQ2xObnNGX3pJOXhxR0UAAAAkMDE5NGFiMTAtZTIzMC00YmFmLWJiMDAtYTkyNzMxMGIzZWZjAAA3vA,event,"criticality:prod, env:dev, env:prod, integration:azure, integration:azure_app_services, monitor, name:as-trms-ui-prd-sea, service:_trms, source:alert, team:, team:fin",2025-01-28 11:16:09,[Triggered] [TRMS PROD UI Azure App Service] Response Time Monitor - FIN,error
AwAAAZSq5_G4QqTOuwAAABhBWlNxNV9PSkFBQm1lWGQwY0p6T3BPNmcAAAAkMDE5NGFiMTAtZTIzMC00YmFmLWJiMDAtYTkyNzMxMGIzZWZjAAA3uA,event,"criticality:prod, env:dev, integration:azure, integration:azure_app_services, monitor, name:as-trms-ui-prd-sea, service:_trms, source:alert, team:fin",2025-01-28 11:15:15,[Warn] [TRMS FIN UI PROD Azure App Service] Response Time Monitor - FIN,warning
AwAAAZSq59ZgWxhqLQAAABhBWlNxNTluaEFBRFhCekI3d2dwRHFVT2wAAAAkMDE5NGFiMTAtZTIzMC00YmFmLWJiMDAtYTkyNzMxMGIzZWZjAAA3tw,event,"criticality:prod, env:dev, env:prod, integration:azure, integration:azure_app_services, monitor, name:as-trms-ui-prd-sea, service:_trms, source:alert, team:, team:fin",2025-01-28 11:15:08,[Warn] [TRMS PROD UI Azure App Service] Response Time Monitor - FIN,warning
AwAAAZSq37RY4kFmSQAAABhBWlNxMzdlZEFBQkEwdnR4amNTRWI0N0YAAAAkMDE5NGFiMTAtZTIzMC00YmFmLWJiMDAtYTkyNzMxMGIzZWZjAAA3hQ,event,"criticality:prod, env:dev, integration:azure, integration:azure_app_services, monitor, name:as-trms-ui-prd-sea, service:_trms, source:alert, team:fin",2025-01-28 11:06:15,[Recovered] [TRMS FIN UI PROD Azure App Service] Response Time Monitor - FIN,success
AwAAAZSq35zoQ--XPgAAABhBWlNxMzU0RUFBRG5YRXlndEdPM3Y1UVAAAAAkMDE5NGFiMTAtZTIzMC00YmFmLWJiMDAtYTkyNzMxMGIzZWZjAAA3gg,event,"criticality:prod, env:dev, env:prod, integration:azure, integration:azure_app_services, monitor, name:as-trms-ui-prd-sea, service:_trms, source:alert, team:, team:fin",2025-01-28 11:06:09,[Recovered] [TRMS PROD UI Azure App Service] Response Time Monitor - FIN,success
AwAAAZSq3ArYPTkV2wAAABhBWlNxM0ExVkFBQzdqQkxnZzNsZEtQVzEAAAAkMDE5NGFiMTAtZTIzMC00YmFmLWJiMDAtYTkyNzMxMGIzZWZjAAA3Zw,event,"criticality:prod, env:dev, integration:azure, integration:azure_app_services, monitor, name:as-trms-ui-prd-sea, service:_trms, source:alert, team:fin",2025-01-28 11:02:15,[Warn] [TRMS FIN UI PROD Azure App Service] Response Time Monitor - FIN,warning
AwAAAZSq2_No79ZXUgAAABhBWlNxMl9VOEFBRHZlUUxtbGdidmJDV20AAAAkMDE5NGFiMTAtZTIzMC00YmFmLWJiMDAtYTkyNzMxMGIzZWZjAAA3Zg,event,"criticality:prod, env:dev, env:prod, integration:azure, integration:azure_app_services, monitor, name:as-trms-ui-prd-sea, service:_trms, source:alert, team:, team:fin",2025-01-28 11:02:09,[Warn] [TRMS PROD UI Azure App Service] Response Time Monitor - FIN,warning
AwAAAZSqn0goB-rmWAAAABhBWlNxbjBrcEFBQzUxcE1vZ3RnMEtWWUsAAAAkMDE5NGFiMTAtZTIzMC00YmFmLWJiMDAtYTkyNzMxMGIzZWZjAAA5Jw,event,"check_status:live, check_type:api-dns, ci_execution_rule:blocking, criticality:prod, env:prod, monitor, probe_dc:pl:hq-prod-1-3513f5b522a833600df2309408c22ed3, service:dns, source:alert, team:network",2025-01-28 09:55:53,[Recovered] Test on trms-ui-dev.adb.org via WPAD1 - Network,success
AwAAAZSqmrBgqr7gHAAAABhBWlNxbXJRc0FBQ0ZUZDVaR0g3ZW1kYUoAAAAkMDE5NGFiMTAtZTIzMC00YmFmLWJiMDAtYTkyNzMxMGIzZWZjAAA5IQ,event,"check_status:live, check_type:api-dns, ci_execution_rule:blocking, criticality:prod, env:prod, monitor, probe_dc:pl:hq-prod-1-3513f5b522a833600df2309408c22ed3, service:dns, source:alert, team:network",2025-01-28 09:50:52,[Triggered] Test on trms-ui-dev.adb.org via WPAD1 - Network,error
AwAAAZSqjjj4FRhmSQAAABhBWlNxampxMkFBRDhGOEVGcXdob1FuWk8AAAAkMDE5NGFiMTAtZTIzMC00YmFmLWJiMDAtYTkyNzMxMGIzZWZjAAA2QQ,event,"criticality:prod, env:dev, integration:azure, integration:azure_app_services, monitor, name:as-trms-ui-prd-sea, service:_trms, source:alert, team:fin",2025-01-28 09:37:15,[Recovered] [TRMS FIN UI PROD Azure App Service] Response Time Monitor - FIN,success
AwAAAZSqjiVwmGTmWAAAABhBWlNxamlnZ0FBQXMycGFrSnhBT3JJcEgAAAAkMDE5NGFiMTAtZTIzMC00YmFmLWJiMDAtYTkyNzMxMGIzZWZjAAA2QA,event,"criticality:prod, env:dev, env:prod, integration:azure, integration:azure_app_services, monitor, name:as-trms-ui-prd-sea, service:_trms, source:alert, team:, team:fin",2025-01-28 09:37:10,[Recovered] [TRMS PROD UI Azure App Service] Response Time Monitor - FIN,success
AwAAAZSqjU6YIbBYXwAAABhBWlNxalZESkFBQU9KTk4tR2x4ek90Q2UAAAAkMDE5NGFiMTAtZTIzMC00YmFmLWJiMDAtYTkyNzMxMGIzZWZjAAA2PA,event,"criticality:prod, env:dev, integration:azure, integration:azure_app_services, monitor, name:as-trms-ui-prd-sea, service:_trms, source:alert, team:fin",2025-01-28 09:36:15,[Warn] [TRMS FIN UI PROD Azure App Service] Response Time Monitor - FIN,warning
AwAAAZSqjTcoLmw-egAAABhBWlNxalRnVkFBQ2NsSmRaOUdVTDNBWmEAAAAkMDE5NGFiMTAtZTIzMC00YmFmLWJiMDAtYTkyNzMxMGIzZWZjAAA2Ow,event,"criticality:prod, env:dev, env:prod, integration:azure, integration:azure_app_services, monitor, name:as-trms-ui-prd-sea, service:_trms, source:alert, team:, team:fin",2025-01-28 09:36:09,[Warn] [TRMS PROD UI Azure App Service] Response Time Monitor - FIN,warning
AwAAAZSqhRkI9ZGOtAAAABhBWlNxaFJtakFBQW03NlEycHM2MlctSmgAAAAkMDE5NGFiMTAtZTIzMC00YmFmLWJiMDAtYTkyNzMxMGIzZWZjAAA2FQ,event,"criticality:prod, env:dev, integration:azure, integration:azure_app_services, monitor, name:as-trms-ui-prd-sea, service:_trms, source:alert, team:fin",2025-01-28 09:27:17,[Triggered] [TRMS FIN UI PROD Azure App Service] Response Time Monitor - FIN,error
AwAAAZSqhPnI1uzmWAAAABhBWlNxaFB1VkFBRHBzSlkxdm5OcWFsN0sAAAAkMDE5NGFiMTAtZTIzMC00YmFmLWJiMDAtYTkyNzMxMGIzZWZjAAA2FA,event,"criticality:prod, env:dev, env:prod, integration:azure, integration:azure_app_services, monitor, name:as-trms-ui-prd-sea, service:_trms, source:alert, team:, team:fin",2025-01-28 09:27:09,[Triggered] [TRMS PROD UI Azure App Service] Response Time Monitor - FIN,error
AwAAAZSqgk4wmmnmWAAAABhBWlNxZ2xLdEFBQkZ6Q1NwMzBjeDJCZ3MAAAAkMDE5NGFiMTAtZTIzMC00YmFmLWJiMDAtYTkyNzMxMGIzZWZjAAA2Aw,event,"criticality:prod, env:dev, integration:azure, integration:azure_app_services, monitor, name:as-trms-ui-prd-sea, service:_trms, source:alert, team:fin",2025-01-28 09:24:14,[Warn] [TRMS FIN UI PROD Azure App Service] Response Time Monitor - FIN,warning
AwAAAZSqgjqop_9VeQAAABhBWlNxZ2o2ZEFBQUtTTDZ4YWVBRUd5R0gAAAAkMDE5NGFiMTAtZTIzMC00YmFmLWJiMDAtYTkyNzMxMGIzZWZjAAA2Ag,event,"criticality:prod, env:dev, env:prod, integration:azure, integration:azure_app_services, monitor, name:as-trms-ui-prd-sea, service:_trms, source:alert, team:, team:fin",2025-01-28 09:24:09,[Warn] [TRMS PROD UI Azure App Service] Response Time Monitor - FIN,warning
AwAAAZSqeDwQ0uBVeQAAABhBWlNxZURfWUFBQjUwZF9RYlhZeC1OOVAAAAAkMDE5NGFiMTAtZTIzMC00YmFmLWJiMDAtYTkyNzMxMGIzZWZjAAA1uA,event,"criticality:prod, env:dev, integration:azure, integration:azure_app_services, monitor, name:as-trms-ui-prd-sea, service:_trms, source:alert, team:fin",2025-01-28 09:13:14,[Recovered] [TRMS FIN UI PROD Azure App Service] Response Time Monitor - FIN,success
AwAAAZSqeDBYsh7Z-AAAABhBWlNxZURUZEFBQ0xUZEtlN3c1YTlaQ3YAAAAkMDE5NGFiMTAtZTIzMC00YmFmLWJiMDAtYTkyNzMxMGIzZWZjAAA1tw,event,"criticality:prod, env:dev, env:prod, integration:azure, integration:azure_app_services, monitor, name:as-trms-ui-prd-sea, service:_trms, source:alert, team:, team:fin",2025-01-28 09:13:11,[Recovered] [TRMS PROD UI Azure App Service] Response Time Monitor - FIN,success
AwAAAZSqd1GwHpXdWgAAABhBWlNxZDFVSUFBQjJoU21QZGwxZzNXVWkAAAAkMDE5NGFiMTAtZTIzMC00YmFmLWJiMDAtYTkyNzMxMGIzZWZjAAA1qQ,event,"criticality:prod, env:dev, integration:azure, integration:azure_app_services, monitor, name:as-trms-ui-prd-sea, service:_trms, source:alert, team:fin",2025-01-28 09:12:14,[Warn] [TRMS FIN UI PROD Azure App Service] Response Time Monitor - FIN,warning
AwAAAZSqdzpA0bx17wAAABhBWlNxZHp6R0FBQ2padUJ2TEtmbGxQaVQAAAAkMDE5NGFiMTAtZTIzMC00YmFmLWJiMDAtYTkyNzMxMGIzZWZjAAA1pw,event,"criticality:prod, env:dev, env:prod, integration:azure, integration:azure_app_services, monitor, name:as-trms-ui-prd-sea, service:_trms, source:alert, team:, team:fin",2025-01-28 09:12:08,[Warn] [TRMS PROD UI Azure App Service] Response Time Monitor - FIN,warning
AwAAAZSqbxRQrkFXTwAAABhBWlNxYnhlNkFBREVfczBVWHJULVRyczgAAAAkMDE5NGFiMTAtZTIzMC00YmFmLWJiMDAtYTkyNzMxMGIzZWZjAAA1Wg,event,"criticality:prod, env:dev, integration:azure, integration:azure_app_services, monitor, name:as-trms-ui-prd-sea, service:_trms, source:alert, team:fin",2025-01-28 09:03:14,[Triggered] [TRMS FIN UI PROD Azure App Service] Response Time Monitor - FIN,error
AwAAAZSqbvzgZNw4gAAAABhBWlNxYndDREFBQkM4bHdjUDhyUk11cVcAAAAkMDE5NGFiMTAtZTIzMC00YmFmLWJiMDAtYTkyNzMxMGIzZWZjAAA1WQ,event,"criticality:prod, env:dev, env:prod, integration:azure, integration:azure_app_services, monitor, name:as-trms-ui-prd-sea, service:_trms, source:alert, team:, team:fin",2025-01-28 09:03:08,[Triggered] [TRMS PROD UI Azure App Service] Response Time Monitor - FIN,error
AwAAAZSqbUdgPKWe8AAAABhBWlNxYlVvQkFBREp5OFRXbmFtZkhfRFgAAAAkMDE5NGFiMTAtZTIzMC00YmFmLWJiMDAtYTkyNzMxMGIzZWZjAAA1VA,event,"criticality:prod, env:dev, integration:azure, integration:azure_app_services, monitor, name:as-trms-ui-prd-sea, service:_trms, source:alert, team:fin",2025-01-28 09:01:16,[Warn] [TRMS FIN UI PROD Azure App Service] Response Time Monitor - FIN,warning
AwAAAZSqbSggHDne3QAAABhBWlNxYlNyZ0FBQVJJVE1iVUZhY0N1dWMAAAAkMDE5NGFiMTAtZTIzMC00YmFmLWJiMDAtYTkyNzMxMGIzZWZjAAA1Uw,event,"criticality:prod, env:dev, env:prod, integration:azure, integration:azure_app_services, monitor, name:as-trms-ui-prd-sea, service:_trms, source:alert, team:, team:fin",2025-01-28 09:01:08,[Warn] [TRMS PROD UI Azure App Service] Response Time Monitor - FIN,warning
AwAAAZSqXpmQ5MCbtwAAABhBWlNxWHA1eUFBRE4yS3BHTXZRNk8tcU8AAAAkMDE5NGFiMTAtZTIzMC00YmFmLWJiMDAtYTkyNzMxMGIzZWZjAAA1Ng,event,"criticality:prod, env:dev, integration:azure, integration:azure_app_services, monitor, name:as-trms-ui-prd-sea, service:_trms, source:alert, team:fin",2025-01-28 08:45:14,[Recovered] [TRMS FIN UI PROD Azure App Service] Response Time Monitor - FIN,success
AwAAAZSqXoIgI9kPCAAAABhBWlNxWG9UNEFBQ0dINmVheHM1Ry1xOEcAAAAkMDE5NGFiMTAtZTIzMC00YmFmLWJiMDAtYTkyNzMxMGIzZWZjAAA1NQ,event,"criticality:prod, env:dev, env:prod, integration:azure, integration:azure_app_services, monitor, name:as-trms-ui-prd-sea, service:_trms, source:alert, team:, team:fin",2025-01-28 08:45:08,[Recovered] [TRMS PROD UI Azure App Service] Response Time Monitor - FIN,success
AwAAAZSqXbMYeEPUywAAABhBWlNxWGJRZkFBQUdKdDNVYTFMb2tiM0sAAAAkMDE5NGFiMTAtZTIzMC00YmFmLWJiMDAtYTkyNzMxMGIzZWZjAAA1NA,event,"criticality:prod, env:dev, integration:azure, integration:azure_app_services, monitor, name:as-trms-ui-prd-sea, service:_trms, source:alert, team:fin",2025-01-28 08:44:15,[Warn] [TRMS FIN UI PROD Azure App Service] Response Time Monitor - FIN,warning
AwAAAZSqXZfAG-Xp4gAAABhBWlNxWFpxbUFBRF9uU24xU2xYMXJ0dEoAAAAkMDE5NGFiMTAtZTIzMC00YmFmLWJiMDAtYTkyNzMxMGIzZWZjAAA1Mw,event,"criticality:prod, env:dev, env:prod, integration:azure, integration:azure_app_services, monitor, name:as-trms-ui-prd-sea, service:_trms, source:alert, team:, team:fin",2025-01-28 08:44:08,[Warn] [TRMS PROD UI Azure App Service] Response Time Monitor - FIN,warning
AwAAAZSqXMTQQ99XUgAAABhBWlNxWE1lQUFBQXpvbnE3RXU0dmRJVjMAAAAkMDE5NGFiMTAtZTIzMC00YmFmLWJiMDAtYTkyNzMxMGIzZWZjAAA1MA,event,"criticality:prod, env:dev, integration:azure, integration:azure_app_services, monitor, name:as-trms-ui-prd-sea, service:_trms, source:alert, team:fin",2025-01-28 08:43:14,[Re-Triggered] [TRMS FIN UI PROD Azure App Service] Response Time Monitor - FIN,error
AwAAAZSqXK1gQpYZogAAABhBWlNxWExBN0FBQXF3enBORFV2NkxWVS0AAAAkMDE5NGFiMTAtZTIzMC00YmFmLWJiMDAtYTkyNzMxMGIzZWZjAAA1Lw,event,"criticality:prod, env:dev, env:prod, integration:azure, integration:azure_app_services, monitor, name:as-trms-ui-prd-sea, service:_trms, source:alert, team:, team:fin",2025-01-28 08:43:08,[Re-Triggered] [TRMS PROD UI Azure App Service] Response Time Monitor - FIN,error
AwAAAZSqSnVQF4kI-wAAABhBWlNxU25tekFBQkJ4X0FvV1o3S1lzekwAAAAkMDE5NGFiMTAtZTIzMC00YmFmLWJiMDAtYTkyNzMxMGIzZWZjAAA1Aw,event,"criticality:prod, env:dev, integration:azure, integration:azure_app_services, monitor, name:as-trms-ui-prd-sea, service:_trms, source:alert, team:fin",2025-01-28 08:23:14,[Triggered] [TRMS FIN UI PROD Azure App Service] Response Time Monitor - FIN,error
AwAAAZSqSl3gC10TSgAAABhBWlNxU21IY0FBRGNPd29mUjNTZlh2eEIAAAAkMDE5NGFiMTAtZTIzMC00YmFmLWJiMDAtYTkyNzMxMGIzZWZjAAA1Ag,event,"criticality:prod, env:dev, env:prod, integration:azure, integration:azure_app_services, monitor, name:as-trms-ui-prd-sea, service:_trms, source:alert, team:, team:fin",2025-01-28 08:23:08,[Triggered] [TRMS PROD UI Azure App Service] Response Time Monitor - FIN,error
AwAAAZSqRsvQC4JElQAAABhBWlNxUnM5ckFBRGxBbUE0Q3RGajVtTXIAAAAkMDE5NGFiMTAtZTIzMC00YmFmLWJiMDAtYTkyNzMxMGIzZWZjAAA08w,event,"criticality:prod, env:dev, integration:azure, integration:azure_app_services, monitor, name:as-trms-ui-prd-sea, service:_trms, source:alert, team:fin",2025-01-28 08:19:14,[Warn] [TRMS FIN UI PROD Azure App Service] Response Time Monitor - FIN,warning
AwAAAZSqRrRgSG_ZMgAAABhBWlNxUnJqckFBQ3NiNTNZMldtcmRoSlQAAAAkMDE5NGFiMTAtZTIzMC00YmFmLWJiMDAtYTkyNzMxMGIzZWZjAAA08g,event,"criticality:prod, env:dev, env:prod, integration:azure, integration:azure_app_services, monitor, name:as-trms-ui-prd-sea, service:_trms, source:alert, team:, team:fin",2025-01-28 08:19:08,[Warn] [TRMS PROD UI Azure App Service] Response Time Monitor - FIN,warning
AwAAAZSqA3lwfur90AAAABhBWlNxQTMwTUFBQlZtWHROcFhGSVh1M0oAAAAkMDE5NGFhMzUtMTBjMC00MzA1LWFkNjAtNzhiMzhlMzc5NGNiAAAyQg,event,"criticality:prod, dd_agent_key:adb, dd_agent_pythonv:3.12.6, dd_agent_version:7.59.0, domain_name:adb.local, env:prod, host:wpwvd-trms-1.adb.local, ip_subnet2:10.112, ip_subnet3:10.112.126, ip_subnet:10, monitor, os_version:windows_server_2019_datacenter, os_version_release:windows_server_2019_datacenter, os_version_windows:10.0_build_17763, platform:windows, region:azure, risk:financial, role:avd, service:trms, source:alert, system:trms, team:cyber_agents, team:windows",2025-01-28 07:05:42,[Recovered on {host:wpwvd-trms-1.adb.local}] Nessus Agent in Windows Server wpwvd-trms-1.adb.local Stopped Running - Cyber,success
AwAAAZSqAtVgWylZzQAAABhBWlNxQXRnWkFBRERzWldnNzRUSU9kcTMAAAAkMDE5NGFhMzUtMTBjMC00MzA1LWFkNjAtNzhiMzhlMzc5NGNiAAA2zA,event,"criticality:prod, dd_agent_key:adb, dd_agent_pythonv:3.12.6, dd_agent_version:7.59.0, domain_name:adb.local, env:prod, host:wpwvd-trms-1.adb.local, ip_subnet2:10.112, ip_subnet3:10.112.126, ip_subnet:10, monitor, os_version:windows_server_2019_datacenter, os_version_release:windows_server_2019_datacenter, os_version_windows:10.0_build_17763, platform:windows, region:azure, risk:financial, role:avd, service:trms, source:alert, system:trms, team:risk, team:windows",2025-01-28 07:05:00,[Recovered on {host:wpwvd-trms-1.adb.local}] TRMS Hosts Data Dog Agent Check - FIN,success
AwAAAZSqAn9wZurZMgAAABhBWlNxQW9PWUFBQVNEYVdtNTlhbllGQy0AAAAkMDE5NGFhMzUtMTBjMC00MzA1LWFkNjAtNzhiMzhlMzc5NGNiAAA2yw,event,"criticality:prod, dd_agent_key:adb, dd_agent_pythonv:3.12.6, dd_agent_version:7.59.0, domain_name:adb.local, env:prod, host:wpwvd-trms-1.adb.local, ip_subnet2:10.112, ip_subnet3:10.112.126, ip_subnet:10, monitor, os_version:windows_server_2019_datacenter, os_version_release:windows_server_2019_datacenter, os_version_windows:10.0_build_17763, platform:windows, region:azure, risk:financial, role:avd, service:trms, source:alert, system:trms, team:risk, team:windows",2025-01-28 07:04:38,[P1] [Recovered] Host Uptime Monitor:TRMS - FIN,success
AwAAAZSqAfLQBAeqmgAAABhBWlNxQWdwQUFBQ05sWXhHSkRpX1UwSk4AAAAkMDE5NGFhMzUtMTBjMC00MzA1LWFkNjAtNzhiMzhlMzc5NGNiAAAAHA,event,"criticality:prod, dd_agent_key:adb, dd_agent_pythonv:3.12.6, dd_agent_version:7.59.0, domain_name:adb.local, env:prod, ip_subnet2:10.112, ip_subnet3:10.112.126, ip_subnet:10, os_version:windows_server_2019_datacenter, os_version_release:windows_server_2019_datacenter, os_version_windows:10.0_build_17763, platform:windows, region:azure, risk:financial, role:avd, service:trms, source:datadog, system:trms, team:windows",2025-01-28 07:04:02,Datadog agent (v. 7.59.0) started on wpwvd-trms-1.adb.local,info
AwAAAZSp7Ciwnsj6vAAAABhBWlNwN0N6TEFBQmdPbmRvMWZMcXRRS3IAAAAkMDE5NGFhMzUtMTBjMC00MzA1LWFkNjAtNzhiMzhlMzc5NGNiAAA1Nw,event,"criticality:prod, env:dev, integration:azure, integration:azure_app_services, monitor, name:as-trms-ui-prd-sea, service:_trms, source:alert, team:fin",2025-01-28 06:40:14,[Recovered] [TRMS FIN UI PROD Azure App Service] Response Time Monitor - FIN,success
AwAAAZSp7BUoKcDZQgAAABhBWlNwN0JjREFBQnJKVWU4aFQtRHRzQXMAAAAkMDE5NGFhMzUtMTBjMC00MzA1LWFkNjAtNzhiMzhlMzc5NGNiAAA1Ng,event,"criticality:prod, env:dev, env:prod, integration:azure, integration:azure_app_services, monitor, name:as-trms-ui-prd-sea, service:_trms, source:alert, team:, team:fin",2025-01-28 06:40:09,[Recovered] [TRMS PROD UI Azure App Service] Response Time Monitor - FIN,success
AwAAAZSp6H8wi7WOtAAAABhBWlNwNklIcUFBQnctY3dxYlVHTW9rZVcAAAAkMDE5NGFhMzUtMTBjMC00MzA1LWFkNjAtNzhiMzhlMzc5NGNiAAA1Mg,event,"criticality:prod, env:dev, integration:azure, integration:azure_app_services, monitor, name:as-trms-ui-prd-sea, service:_trms, source:alert, team:fin",2025-01-28 06:36:14,[Warn] [TRMS FIN UI PROD Azure App Service] Response Time Monitor - FIN,warning
AwAAAZSp6GfA-TLDhwAAABhBWlNwNkdycUFBQmpvOXluYlp3UHhNeU4AAAAkMDE5NGFhMzUtMTBjMC00MzA1LWFkNjAtNzhiMzhlMzc5NGNiAAA1MQ,event,"criticality:prod, env:dev, env:prod, integration:azure, integration:azure_app_services, monitor, name:as-trms-ui-prd-sea, service:_trms, source:alert, team:, team:fin",2025-01-28 06:36:08,[Warn] [TRMS PROD UI Azure App Service] Response Time Monitor - FIN,warning
AwAAAZSp4-tQ06tx7wAAABhBWlNwNC05SUFBQ1NMTUFJTjBtSGxaNXEAAAAkMDE5NGFhMzUtMTBjMC00MzA1LWFkNjAtNzhiMzhlMzc5NGNiAAA1Jw,event,"criticality:prod, env:dev, integration:azure, integration:azure_app_services, monitor, name:as-trms-ui-prd-sea, service:_trms, source:alert, team:fin",2025-01-28 06:31:14,[Triggered] [TRMS FIN UI PROD Azure App Service] Response Time Monitor - FIN,error
AwAAAZSp49fIyz35KgAAABhBWlNwNDlrUUFBQmxTU25sZ1VtdmdRcGoAAAAkMDE5NGFhMzUtMTBjMC00MzA1LWFkNjAtNzhiMzhlMzc5NGNiAAA1JA,event,"criticality:prod, env:dev, env:prod, integration:azure, integration:azure_app_services, monitor, name:as-trms-ui-prd-sea, service:_trms, source:alert, team:, team:fin",2025-01-28 06:31:09,[Triggered] [TRMS PROD UI Azure App Service] Response Time Monitor - FIN,error
AwAAAZSp4TAYe-sPCAAAABhBWlNwNFRGTkFBQUVUVmNEd2FFUVZTdVMAAAAkMDE5NGFhMzUtMTBjMC00MzA1LWFkNjAtNzhiMzhlMzc5NGNiAAA1Gg,event,"criticality:prod, env:dev, integration:azure, integration:azure_app_services, monitor, name:as-trms-ui-prd-sea, service:_trms, source:alert, team:fin",2025-01-28 06:28:15,[Warn] [TRMS FIN UI PROD Azure App Service] Response Time Monitor - FIN,warning
AwAAAZSp4RTAi9UK8AAAABhBWlNwNFJsc0FBQjBxc3E0VWZsRTlPNUoAAAAkMDE5NGFhMzUtMTBjMC00MzA1LWFkNjAtNzhiMzhlMzc5NGNiAAA1GQ,event,"criticality:prod, env:dev, env:prod, integration:azure, integration:azure_app_services, monitor, name:as-trms-ui-prd-sea, service:_trms, source:alert, team:, team:fin",2025-01-28 06:28:08,[Warn] [TRMS PROD UI Azure App Service] Response Time Monitor - FIN,warning
AwAAAZSpzXVQzPH90AAAABhBWlNwelhpMkFBRG5XdkUxbVc1cWNraTQAAAAkMDE5NGFhMzUtMTBjMC00MzA1LWFkNjAtNzhiMzhlMzc5NGNiAAAyDA,event,"criticality:prod, dd_agent_key:adb, dd_agent_pythonv:3.12.6, dd_agent_version:7.59.0, domain_name:adb.local, env:prod, host:wpwvd-trms-1.adb.local, ip_subnet2:10.112, ip_subnet3:10.112.126, ip_subnet:10, monitor, os_version:windows_server_2019_datacenter, os_version_release:windows_server_2019_datacenter, os_version_windows:10.0_build_17763, platform:windows, region:azure, risk:financial, role:avd, service:trms, source:alert, system:trms, team:cyber_agents, team:windows",2025-01-28 06:06:42,[Re-Triggered on {host:wpwvd-trms-1.adb.local}] Nessus Agent in Windows Server wpwvd-trms-1.adb.local Stopped Running - Cyber,error
AwAAAZSplobQn2Le3QAAABhBWlNwbG9lRUFBQVBBc1FzUDF5SlN3YWIAAAAkMDE5NGFhMzUtMTBjMC00MzA1LWFkNjAtNzhiMzhlMzc5NGNiAAAx7w,event,"criticality:prod, dd_agent_key:adb, dd_agent_pythonv:3.12.6, dd_agent_version:7.59.0, domain_name:adb.local, env:prod, host:wpwvd-trms-1.adb.local, ip_subnet2:10.112, ip_subnet3:10.112.126, ip_subnet:10, monitor, os_version:windows_server_2019_datacenter, os_version_release:windows_server_2019_datacenter, os_version_windows:10.0_build_17763, platform:windows, region:azure, risk:financial, role:avd, service:trms, source:alert, system:trms, team:cyber_agents, team:windows",2025-01-28 05:06:42,[Re-Triggered on {host:wpwvd-trms-1.adb.local}] Nessus Agent in Windows Server wpwvd-trms-1.adb.local Stopped Running - Cyber,error
AwAAAZSpX5hQjGbgHAAAABhBWlNwWDV0YkFBRFJqVlBiOVhvY0MwSFIAAAAkMDE5NGFhMzUtMTBjMC00MzA1LWFkNjAtNzhiMzhlMzc5NGNiAAAx0Q,event,"criticality:prod, dd_agent_key:adb, dd_agent_pythonv:3.12.6, dd_agent_version:7.59.0, domain_name:adb.local, env:prod, host:wpwvd-trms-1.adb.local, ip_subnet2:10.112, ip_subnet3:10.112.126, ip_subnet:10, monitor, os_version:windows_server_2019_datacenter, os_version_release:windows_server_2019_datacenter, os_version_windows:10.0_build_17763, platform:windows, region:azure, risk:financial, role:avd, service:trms, source:alert, system:trms, team:cyber_agents, team:windows",2025-01-28 04:06:42,[Re-Triggered on {host:wpwvd-trms-1.adb.local}] Nessus Agent in Windows Server wpwvd-trms-1.adb.local Stopped Running - Cyber,error
AwAAAZSpKKnQH-3BQgAAABhBWlNwS0t5bEFBQzBhckdNc01BWXNGTzkAAAAkMDE5NGE5NTktNmE0OC00N2RkLWE5NzMtNGQ1MzA0Y2RkODdhAAAxkA,event,"criticality:prod, dd_agent_key:adb, dd_agent_pythonv:3.12.6, dd_agent_version:7.59.0, domain_name:adb.local, env:prod, host:wpwvd-trms-1.adb.local, ip_subnet2:10.112, ip_subnet3:10.112.126, ip_subnet:10, monitor, os_version:windows_server_2019_datacenter, os_version_release:windows_server_2019_datacenter, os_version_windows:10.0_build_17763, platform:windows, region:azure, risk:financial, role:avd, service:trms, source:alert, system:trms, team:cyber_agents, team:windows",2025-01-28 03:06:42,[Re-Triggered on {host:wpwvd-trms-1.adb.local}] Nessus Agent in Windows Server wpwvd-trms-1.adb.local Stopped Running - Cyber,error
AwAAAZSo8bdoCQjBJAAAABhBWlNvOGJ0ZEFBQ2FPOGtIcHFWQTZoX2YAAAAkMDE5NGE5NTktNmE0OC00N2RkLWE5NzMtNGQ1MzA0Y2RkODdhAAAxdw,event,"criticality:prod, dd_agent_key:adb, dd_agent_pythonv:3.12.6, dd_agent_version:7.59.0, domain_name:adb.local, env:prod, host:wpwvd-trms-1.adb.local, ip_subnet2:10.112, ip_subnet3:10.112.126, ip_subnet:10, monitor, os_version:windows_server_2019_datacenter, os_version_release:windows_server_2019_datacenter, os_version_windows:10.0_build_17763, platform:windows, region:azure, risk:financial, role:avd, service:trms, source:alert, system:trms, team:cyber_agents, team:windows",2025-01-28 02:06:41,[Re-Triggered on {host:wpwvd-trms-1.adb.local}] Nessus Agent in Windows Server wpwvd-trms-1.adb.local Stopped Running - Cyber,error
AwAAAZSov6ro2r6BnQAAABhBWlNvdjYyUkFBREZ3a09HcURxMlFYc1IAAAAkMDE5NGE5NTktNmE0OC00N2RkLWE5NzMtNGQ1MzA0Y2RkODdhAAA19g,event,"criticality:prod, dd_agent_key:adb, dd_agent_pythonv:3.12.6, dd_agent_version:7.59.0, domain_name:adb.local, env:prod, host:wpwvd-trms-0.adb.local, ip_subnet2:10.112, ip_subnet3:10.112.126, ip_subnet:10, monitor, os_version:windows_server_2019_datacenter, os_version_release:windows_server_2019_datacenter, os_version_windows:10.0_build_17763, platform:windows, region:azure, risk:financial, role:avd, service:trms, source:alert, system:trms, team:risk, team:windows, winserv:mam",2025-01-28 01:12:01,[Recovered on {host:wpwvd-trms-0.adb.local}] TRMS Hosts Data Dog Agent Check - FIN,success
AwAAAZSovwrAUCZnNwAAABhBWlNvdnkzb0FBRDltM3lpMEs2ZE8yaTUAAAAkMDE5NGE5NTktNmE0OC00N2RkLWE5NzMtNGQ1MzA0Y2RkODdhAAAACQ,event,"criticality:prod, dd_agent_key:adb, dd_agent_pythonv:3.12.6, dd_agent_version:7.59.0, domain_name:adb.local, env:prod, ip_subnet2:10.112, ip_subnet3:10.112.126, ip_subnet:10, os_version:windows_server_2019_datacenter, os_version_release:windows_server_2019_datacenter, os_version_windows:10.0_build_17763, platform:windows, region:azure, risk:financial, role:avd, service:trms, source:datadog, system:trms, team:windows, winserv:mam",2025-01-28 01:11:20,Datadog agent (v. 7.59.0) started on wpwvd-trms-0.adb.local,info
AwAAAZSovrygsYszmQAAABhBWlNvdnI4ZEFBQUhRQ2x0SGZsTlUtSkwAAAAkMDE5NGE5NTktNmE0OC00N2RkLWE5NzMtNGQ1MzA0Y2RkODdhAAA19Q,event,"criticality:prod, dd_agent_key:adb, dd_agent_pythonv:3.12.6, dd_agent_version:7.59.0, domain_name:adb.local, env:prod, host:wpwvd-trms-0.adb.local, ip_subnet2:10.112, ip_subnet3:10.112.126, ip_subnet:10, monitor, os_version:windows_server_2019_datacenter, os_version_release:windows_server_2019_datacenter, os_version_windows:10.0_build_17763, platform:windows, region:azure, risk:financial, role:avd, service:trms, source:alert, system:trms, team:risk, team:windows, winserv:mam",2025-01-28 01:11:00,[Triggered on {host:wpwvd-trms-0.adb.local}] TRMS Hosts Data Dog Agent Check - FIN,error
AwAAAZSouszQSe-YNwAAABhBWlNvdXM2X0FBQ0l3OUNoYmctX1VWbjgAAAAkMDE5NGE5NTktNmE0OC00N2RkLWE5NzMtNGQ1MzA0Y2RkODdhAAAxYg,event,"criticality:prod, dd_agent_key:adb, dd_agent_pythonv:3.12.6, dd_agent_version:7.59.0, domain_name:adb.local, env:prod, host:wpwvd-trms-1.adb.local, ip_subnet2:10.112, ip_subnet3:10.112.126, ip_subnet:10, monitor, os_version:windows_server_2019_datacenter, os_version_release:windows_server_2019_datacenter, os_version_windows:10.0_build_17763, platform:windows, region:azure, risk:financial, role:avd, service:trms, source:alert, system:trms, team:cyber_agents, team:windows",2025-01-28 01:06:42,[Triggered on {host:wpwvd-trms-1.adb.local}] Nessus Agent in Windows Server wpwvd-trms-1.adb.local Stopped Running - Cyber,error
AwAAAZSohQ8Akgps3QAAABhBWlNvaFJGeUFBQUE3V3VVRVNoLWlqNG8AAAAkMDE5NGE5NTktNmE0OC00N2RkLWE5NzMtNGQ1MzA0Y2RkODdhAAA17Q,event,"criticality:prod, dd_agent_key:adb, dd_agent_pythonv:3.12.6, dd_agent_version:7.59.0, domain_name:adb.local, env:prod, host:wpwvd-trms-1.adb.local, ip_subnet2:10.112, ip_subnet3:10.112.126, ip_subnet:10, monitor, os_version:windows_server_2019_datacenter, os_version_release:windows_server_2019_datacenter, os_version_windows:10.0_build_17763, platform:windows, region:azure, risk:financial, role:avd, service:trms, source:alert, system:trms, team:risk, team:windows",2025-01-28 00:08:00,[Triggered on {host:wpwvd-trms-1.adb.local}] TRMS Hosts Data Dog Agent Check - FIN,error
AwAAAZSohLkQVGmKwgAAABhBWlNvaEwxUUFBQzJJQ1RzNndINm45SmkAAAAkMDE5NGE5NTktNmE0OC00N2RkLWE5NzMtNGQ1MzA0Y2RkODdhAAA17A,event,"criticality:prod, dd_agent_key:adb, dd_agent_pythonv:3.12.6, dd_agent_version:7.59.0, domain_name:adb.local, env:prod, host:wpwvd-trms-1.adb.local, ip_subnet2:10.112, ip_subnet3:10.112.126, ip_subnet:10, monitor, os_version:windows_server_2019_datacenter, os_version_release:windows_server_2019_datacenter, os_version_windows:10.0_build_17763, platform:windows, region:azure, risk:financial, role:avd, service:trms, source:alert, system:trms, team:risk, team:windows",2025-01-28 00:07:38,[P1] [Triggered] Host Uptime Monitor:TRMS - FIN,error
AwAAAZSn7CpgzVS78gAAABhBWlNuN0MwdEFBQ3pnVDA2aUhrTWdTM18AAAAkMDE5NGE4N2QtYjgxOC00ZTA5LTk1NDAtNjNhYTVjM2JiOTdmAAA6yg,event,"criticality:prod, dd_agent_key:adb, dd_agent_pythonv:3.12.6, dd_agent_version:7.59.0, domain_name:adb.local, env:prod, host:wpwvd-trms-1.adb.local, ip_subnet2:10.112, ip_subnet3:10.112.126, ip_subnet:10, monitor, os_version:windows_server_2019_datacenter, os_version_release:windows_server_2019_datacenter, os_version_windows:10.0_build_17763, platform:windows, region:azure, risk:financial, role:avd, service:trms, source:alert, system:trms, team:risk, team:windows",2025-01-27 21:21:00,[Recovered on {host:wpwvd-trms-1.adb.local}] TRMS Hosts Data Dog Agent Check - FIN,success
AwAAAZSn66WQcOqg8AAAABhBWlNuNjhUUUFBQklWS1h0ODBzV201N0MAAAAkMDE5NGE4N2QtYjgxOC00ZTA5LTk1NDAtNjNhYTVjM2JiOTdmAAAABw,event,"criticality:prod, dd_agent_key:adb, dd_agent_pythonv:3.12.6, dd_agent_version:7.59.0, domain_name:adb.local, env:prod, ip_subnet2:10.112, ip_subnet3:10.112.126, ip_subnet:10, os_version:windows_server_2019_datacenter, os_version_release:windows_server_2019_datacenter, os_version_windows:10.0_build_17763, platform:windows, region:azure, risk:financial, role:avd, service:trms, source:datadog, system:trms, team:windows",2025-01-27 21:20:26,Datadog agent (v. 7.59.0) started on wpwvd-trms-1.adb.local,info
AwAAAZSn60u4902D9AAAABhBWlNuNjAwR0FBQjYtWHJ4cEZCVm9wcWMAAAAkMDE5NGE4N2QtYjgxOC00ZTA5LTk1NDAtNjNhYTVjM2JiOTdmAAA6yQ,event,"criticality:prod, dd_agent_key:adb, dd_agent_pythonv:3.12.6, dd_agent_version:7.59.0, domain_name:adb.local, env:prod, host:wpwvd-trms-1.adb.local, ip_subnet2:10.112, ip_subnet3:10.112.126, ip_subnet:10, monitor, os_version:windows_server_2019_datacenter, os_version_release:windows_server_2019_datacenter, os_version_windows:10.0_build_17763, platform:windows, region:azure, risk:financial, role:avd, service:trms, source:alert, system:trms, team:risk, team:windows",2025-01-27 21:20:03,[Triggered on {host:wpwvd-trms-1.adb.local}] TRMS Hosts Data Dog Agent Check - FIN,error
AwAAAZSnnC3QhfDR8wAAABhBWlNubkRHaUFBQ3ZTdU1zR2lla0dBMk8AAAAkMDE5NGE3YTEtZWU3OC00OTMxLWIxYzktZjNhZGY1YjU0OWFhAAA_lQ,event,"criticality:prod, dd_agent_key:adb, dd_agent_pythonv:3.12.6, dd_agent_version:7.59.0, domain_name:adb.local, env:prod, host:wpwvd-trms-1.adb.local, ip_subnet2:10.112, ip_subnet3:10.112.126, ip_subnet:10, monitor, os_version:windows_server_2019_datacenter, os_version_release:windows_server_2019_datacenter, os_version_windows:10.0_build_17763, platform:windows, region:azure, risk:financial, role:avd, service:trms, source:alert, system:trms, team:risk, team:windows",2025-01-27 19:53:38,[P1] [Recovered] Host Uptime Monitor:TRMS - FIN,success
AwAAAZSnm5lg2zptlwAAABhBWlNubTV3aUFBQzRlU1dsNFVrVnA4MFAAAAAkMDE5NGE3YTEtZWU3OC00OTMxLWIxYzktZjNhZGY1YjU0OWFhAAA_lA,event,"criticality:prod, dd_agent_key:adb, dd_agent_pythonv:3.12.6, dd_agent_version:7.59.0, domain_name:adb.local, env:prod, host:wpwvd-trms-1.adb.local, ip_subnet2:10.112, ip_subnet3:10.112.126, ip_subnet:10, monitor, os_version:windows_server_2019_datacenter, os_version_release:windows_server_2019_datacenter, os_version_windows:10.0_build_17763, platform:windows, region:azure, risk:financial, role:avd, service:trms, source:alert, system:trms, team:risk, team:windows",2025-01-27 19:53:00,[Recovered on {host:wpwvd-trms-1.adb.local}] TRMS Hosts Data Dog Agent Check - FIN,success
AwAAAZSnmygYr6nupQAAABhBWlNubTBkWUFBQU1LcEhHOUpMeE0xWlIAAAAkMDE5NGE3YTEtZWU3OC00OTMxLWIxYzktZjNhZGY1YjU0OWFhAAAAnQ,event,"criticality:prod, dd_agent_key:adb, dd_agent_pythonv:3.12.6, dd_agent_version:7.59.0, domain_name:adb.local, env:prod, ip_subnet2:10.112, ip_subnet3:10.112.126, ip_subnet:10, os_version:windows_server_2019_datacenter, os_version_release:windows_server_2019_datacenter, os_version_windows:10.0_build_17763, platform:windows, region:azure, risk:financial, role:avd, service:trms, source:datadog, system:trms, team:windows",2025-01-27 19:52:31,Datadog agent (v. 7.59.0) started on wpwvd-trms-1.adb.local,info
AwAAAZSnmq8A8k7RGgAAABhBWlNubXJINUFBQkdicjc1QXJ6MVZzc1oAAAAkMDE5NGE3YTEtZWU3OC00OTMxLWIxYzktZjNhZGY1YjU0OWFhAAA_kw,event,"criticality:prod, dd_agent_key:adb, dd_agent_pythonv:3.12.6, dd_agent_version:7.59.0, domain_name:adb.local, env:prod, host:wpwvd-trms-1.adb.local, ip_subnet2:10.112, ip_subnet3:10.112.126, ip_subnet:10, monitor, os_version:windows_server_2019_datacenter, os_version_release:windows_server_2019_datacenter, os_version_windows:10.0_build_17763, platform:windows, region:azure, risk:financial, role:avd, service:trms, source:alert, system:trms, team:risk, team:windows",2025-01-27 19:52:00,[Triggered on {host:wpwvd-trms-1.adb.local}] TRMS Hosts Data Dog Agent Check - FIN,error
AwAAAZSnmlkQqQs60gAAABhBWlNubWx6eEFBQjQ4ei1WaHZMV1dGRlcAAAAkMDE5NGE3YTEtZWU3OC00OTMxLWIxYzktZjNhZGY1YjU0OWFhAAA_kg,event,"criticality:prod, dd_agent_key:adb, dd_agent_pythonv:3.12.6, dd_agent_version:7.59.0, domain_name:adb.local, env:prod, host:wpwvd-trms-1.adb.local, ip_subnet2:10.112, ip_subnet3:10.112.126, ip_subnet:10, monitor, os_version:windows_server_2019_datacenter, os_version_release:windows_server_2019_datacenter, os_version_windows:10.0_build_17763, platform:windows, region:azure, risk:financial, role:avd, service:trms, source:alert, system:trms, team:risk, team:windows",2025-01-27 19:51:38,[P1] [Triggered] Host Uptime Monitor:TRMS - FIN,error
AwAAAZSnjnIwg78PQwAAABhBWlNuam5YYkFBRDltYmc1R18xRHdxVGIAAAAkMDE5NGE3YTEtZWU3OC00OTMxLWIxYzktZjNhZGY1YjU0OWFhAAA_kQ,event,"criticality:prod, dd_agent_key:adb, dd_agent_pythonv:3.12.6, dd_agent_version:7.59.0, domain_name:adb.local, env:prod, host:wpwvd-trms-1.adb.local, ip_subnet2:10.112, ip_subnet3:10.112.126, ip_subnet:10, monitor, os_version:windows_server_2019_datacenter, os_version_release:windows_server_2019_datacenter, os_version_windows:10.0_build_17763, platform:windows, region:azure, risk:financial, role:avd, service:trms, source:alert, system:trms, team:risk, team:windows",2025-01-27 19:38:38,[P1] [Recovered] Host Uptime Monitor:TRMS - FIN,success
AwAAAZSnjaMouzIJogAAABhBWlNuamJxWUFBQU5halJzWllEZWhQMTAAAAAkMDE5NGE3YTEtZWU3OC00OTMxLWIxYzktZjNhZGY1YjU0OWFhAAAAnA,event,"criticality:prod, dd_agent_key:adb, dd_agent_pythonv:3.12.6, dd_agent_version:7.59.0, domain_name:adb.local, env:prod, ip_subnet2:10.112, ip_subnet3:10.112.126, ip_subnet:10, os_version:windows_server_2019_datacenter, os_version_release:windows_server_2019_datacenter, os_version_windows:10.0_build_17763, platform:windows, region:azure, risk:financial, role:avd, service:trms, source:datadog, system:trms, team:windows",2025-01-27 19:37:45,Datadog agent (v. 7.59.0) started on wpwvd-trms-1.adb.local,info
AwAAAZSnjYfQP0mJkQAAABhBWlNuall2UEFBRGxaTGVySHpmamVjR0kAAAAkMDE5NGE3YTEtZWU3OC00OTMxLWIxYzktZjNhZGY1YjU0OWFhAAA_kA,event,"criticality:prod, dd_agent_key:adb, dd_agent_pythonv:3.12.6, dd_agent_version:7.59.0, domain_name:adb.local, env:prod, host:wpwvd-trms-1.adb.local, ip_subnet2:10.112, ip_subnet3:10.112.126, ip_subnet:10, monitor, os_version:windows_server_2019_datacenter, os_version_release:windows_server_2019_datacenter, os_version_windows:10.0_build_17763, platform:windows, region:azure, risk:financial, role:avd, service:trms, source:alert, system:trms, team:risk, team:windows",2025-01-27 19:37:38,[P1] [Triggered] Host Uptime Monitor:TRMS - FIN,error
AwAAAZSnh3Ug2BP6TQAAABhBWlNuaDNmcUFBQkhjZE9nTlFLQmgxdU4AAAAkMDE5NGE3YTEtZWU3OC00OTMxLWIxYzktZjNhZGY1YjU0OWFhAAA_jg,event,"criticality:prod, dd_agent_key:adb, dd_agent_pythonv:3.12.6, dd_agent_version:7.59.0, domain_name:adb.local, env:prod, host:wpwvd-trms-1.adb.local, ip_subnet2:10.112, ip_subnet3:10.112.126, ip_subnet:10, monitor, os_version:windows_server_2019_datacenter, os_version_release:windows_server_2019_datacenter, os_version_windows:10.0_build_17763, platform:windows, region:azure, risk:financial, role:avd, service:trms, source:alert, system:trms, team:risk, team:windows",2025-01-27 19:31:00,[Recovered on {host:wpwvd-trms-1.adb.local}] TRMS Hosts Data Dog Agent Check - FIN,success
AwAAAZSnhuiAP-uKdgAAABhBWlNuaHdQWUFBREF3dF81VU0ybGVDSFIAAAAkMDE5NGE3YTEtZWU3OC00OTMxLWIxYzktZjNhZGY1YjU0OWFhAAAAmw,event,"criticality:prod, dd_agent_key:adb, dd_agent_pythonv:3.12.6, dd_agent_version:7.59.0, domain_name:adb.local, env:prod, ip_subnet2:10.112, ip_subnet3:10.112.126, ip_subnet:10, os_version:windows_server_2019_datacenter, os_version_release:windows_server_2019_datacenter, os_version_windows:10.0_build_17763, platform:windows, region:azure, risk:financial, role:avd, service:trms, source:datadog, system:trms, team:windows",2025-01-27 19:30:24,Datadog agent (v. 7.59.0) started on wpwvd-trms-1.adb.local,info
AwAAAZSnhorAT2DkyAAAABhBWlNuaG8yUEFBRG9DWVhySF9mVWxmRTMAAAAkMDE5NGE3YTEtZWU3OC00OTMxLWIxYzktZjNhZGY1YjU0OWFhAAA_jQ,event,"criticality:prod, dd_agent_key:adb, dd_agent_pythonv:3.12.6, dd_agent_version:7.59.0, domain_name:adb.local, env:prod, host:wpwvd-trms-1.adb.local, ip_subnet2:10.112, ip_subnet3:10.112.126, ip_subnet:10, monitor, os_version:windows_server_2019_datacenter, os_version_release:windows_server_2019_datacenter, os_version_windows:10.0_build_17763, platform:windows, region:azure, risk:financial, role:avd, service:trms, source:alert, system:trms, team:risk, team:windows",2025-01-27 19:30:00,[Triggered on {host:wpwvd-trms-1.adb.local}] TRMS Hosts Data Dog Agent Check - FIN,error
AwAAAZSnamO4i0qJkQAAABhBWlNuYW1UbkFBQ0w3RlpFOVZKYlZtckMAAAAkMDE5NGE3YTEtZWU3OC00OTMxLWIxYzktZjNhZGY1YjU0OWFhAAA-HQ,event,"criticality:prod, env:dev, integration:azure, integration:azure_app_services, monitor, name:as-trms-ui-prd-sea, service:_trms, source:alert, team:fin",2025-01-27 18:59:15,[Recovered] [TRMS FIN UI PROD Azure App Service] Response Time Monitor - FIN,success
AwAAAZSnakhg0ge-GgAAABhBWlNuYWt1S0FBQjhxU1NWLWtMa1lYdnkAAAAkMDE5NGE3YTEtZWU3OC00OTMxLWIxYzktZjNhZGY1YjU0OWFhAAA-HA,event,"criticality:prod, env:dev, env:prod, integration:azure, integration:azure_app_services, monitor, name:as-trms-ui-prd-sea, service:_trms, source:alert, team:, team:fin",2025-01-27 18:59:08,[Recovered] [TRMS PROD UI Azure App Service] Response Time Monitor - FIN,success
AwAAAZSnaIsQN_B5kQAAABhBWlNuYUk3MUFBQ0E2aEdCYl96azd3ODAAAAAkMDE5NGE3YTEtZWU3OC00OTMxLWIxYzktZjNhZGY1YjU0OWFhAAA-Gg,event,"criticality:prod, env:dev, integration:azure, integration:azure_app_services, monitor, name:as-trms-ui-prd-sea, service:_trms, source:alert, team:fin",2025-01-27 18:57:14,[Warn] [TRMS FIN UI PROD Azure App Service] Response Time Monitor - FIN,warning
AwAAAZSnaHOgPdrkyAAAABhBWlNuYUhlNEFBQnByanRtSkdLaW5Jcm4AAAAkMDE5NGE3YTEtZWU3OC00OTMxLWIxYzktZjNhZGY1YjU0OWFhAAA-GQ,event,"criticality:prod, env:dev, env:prod, integration:azure, integration:azure_app_services, monitor, name:as-trms-ui-prd-sea, service:_trms, source:alert, team:, team:fin",2025-01-27 18:57:08,[Warn] [TRMS PROD UI Azure App Service] Response Time Monitor - FIN,warning
AwAAAZSnYiZY_gkPQwAAABhBWlNuWWlmYUFBQXpLX2h6OWtpWHFNdVUAAAAkMDE5NGE3YTEtZWU3OC00OTMxLWIxYzktZjNhZGY1YjU0OWFhAAA-FA,event,"criticality:prod, env:dev, integration:azure, integration:azure_app_services, monitor, name:as-trms-ui-prd-sea, service:_trms, source:alert, team:fin",2025-01-27 18:50:15,[Triggered] [TRMS FIN UI PROD Azure App Service] Response Time Monitor - FIN,error
AwAAAZSnYg7onZrp_AAAABhBWlNuWWhDLUFBQmJMTTF5NnQ0aC1vakoAAAAkMDE5NGE3YTEtZWU3OC00OTMxLWIxYzktZjNhZGY1YjU0OWFhAAA-Ew,event,"criticality:prod, env:dev, env:prod, integration:azure, integration:azure_app_services, monitor, name:as-trms-ui-prd-sea, service:_trms, source:alert, team:, team:fin",2025-01-27 18:50:09,[Triggered] [TRMS PROD UI Azure App Service] Response Time Monitor - FIN,error
AwAAAZSnYTgQ24ICBgAAABhBWlNuWVRsUkFBQnNodVNPUnBmRl9xT1IAAAAkMDE5NGE3YTEtZWU3OC00OTMxLWIxYzktZjNhZGY1YjU0OWFhAAA-Dw,event,"criticality:prod, env:dev, env:prod, integration:azure, integration:azure_app_services, monitor, name:as-trms-ui-prd-sea, service:_trms, source:alert, team:, team:fin",2025-01-27 18:49:14,[Warn] [TRMS PROD UI Azure App Service] Response Time Monitor - FIN,warning
AwAAAZSnYTgQqTKJkQAAABhBWlNuWVRyMUFBQ2t3NmQ0aXBEaTlqa2cAAAAkMDE5NGE3YTEtZWU3OC00OTMxLWIxYzktZjNhZGY1YjU0OWFhAAA-EA,event,"criticality:prod, env:dev, integration:azure, integration:azure_app_services, monitor, name:as-trms-ui-prd-sea, service:_trms, source:alert, team:fin",2025-01-27 18:49:14,[Warn] [TRMS FIN UI PROD Azure App Service] Response Time Monitor - FIN,warning
AwAAAZSnXG2AGfua-wAAABhBWlNuWEhBc0FBQnpZOVZRTGI2X1pkSnkAAAAkMDE5NGE3YTEtZWU3OC00OTMxLWIxYzktZjNhZGY1YjU0OWFhAAA_iA,event,"criticality:prod, dd_agent_key:adb, dd_agent_pythonv:3.12.6, dd_agent_version:7.59.0, domain_name:adb.local, env:prod, host:wpwvd-trms-1.adb.local, ip_subnet2:10.112, ip_subnet3:10.112.126, ip_subnet:10, monitor, os_version:windows_server_2019_datacenter, os_version_release:windows_server_2019_datacenter, os_version_windows:10.0_build_17763, platform:windows, region:azure, risk:financial, role:avd, service:trms, source:alert, system:trms, team:risk, team:windows",2025-01-27 18:44:00,[Recovered on {host:wpwvd-trms-1.adb.local}] TRMS Hosts Data Dog Agent Check - FIN,success
AwAAAZSnXBeQ7X1KHAAAABhBWlNuWEJ1dkFBQTJLSUQxOTFuMXZwdEgAAAAkMDE5NGE3YTEtZWU3OC00OTMxLWIxYzktZjNhZGY1YjU0OWFhAAA_hw,event,"criticality:prod, dd_agent_key:adb, dd_agent_pythonv:3.12.6, dd_agent_version:7.59.0, domain_name:adb.local, env:prod, host:wpwvd-trms-1.adb.local, ip_subnet2:10.112, ip_subnet3:10.112.126, ip_subnet:10, monitor, os_version:windows_server_2019_datacenter, os_version_release:windows_server_2019_datacenter, os_version_windows:10.0_build_17763, platform:windows, region:azure, risk:financial, role:avd, service:trms, source:alert, system:trms, team:risk, team:windows",2025-01-27 18:43:38,[P1] [Recovered] Host Uptime Monitor:TRMS - FIN,success
AwAAAZSnW47Y3QNkpQAAABhBWlNuVzdJQUFBQVhTN01PeDJqV2pBckQAAAAkMDE5NGE3YTEtZWU3OC00OTMxLWIxYzktZjNhZGY1YjU0OWFhAAAAbQ,event,"criticality:prod, dd_agent_key:adb, dd_agent_pythonv:3.12.6, dd_agent_version:7.59.0, domain_name:adb.local, env:prod, ip_subnet2:10.112, ip_subnet3:10.112.126, ip_subnet:10, os_version:windows_server_2019_datacenter, os_version_release:windows_server_2019_datacenter, os_version_windows:10.0_build_17763, platform:windows, region:azure, risk:financial, role:avd, service:trms, source:datadog, system:trms, team:windows",2025-01-27 18:43:03,Datadog agent (v. 7.59.0) started on wpwvd-trms-1.adb.local,info
AwAAAZSnW4rwlm0JogAAABhBWlNuVzQ0ZUFBQnVYbjVYdmt0cV8xSjgAAAAkMDE5NGE3YTEtZWU3OC00OTMxLWIxYzktZjNhZGY1YjU0OWFhAAA_hg,event,"criticality:prod, dd_agent_key:adb, dd_agent_pythonv:3.12.6, dd_agent_version:7.59.0, domain_name:adb.local, env:prod, host:wpwvd-trms-1.adb.local, ip_subnet2:10.112, ip_subnet3:10.112.126, ip_subnet:10, monitor, os_version:windows_server_2019_datacenter, os_version_release:windows_server_2019_datacenter, os_version_windows:10.0_build_17763, platform:windows, region:azure, risk:financial, role:avd, service:trms, source:alert, system:trms, team:risk, team:windows",2025-01-27 18:43:02,[Triggered on {host:wpwvd-trms-1.adb.local}] TRMS Hosts Data Dog Agent Check - FIN,error
AwAAAZSnWy0wLjmHRAAAABhBWlNuV3pGMkFBRGlIZHJjUUdyeFFrdUYAAAAkMDE5NGE3YTEtZWU3OC00OTMxLWIxYzktZjNhZGY1YjU0OWFhAAA_hQ,event,"criticality:prod, dd_agent_key:adb, dd_agent_pythonv:3.12.6, dd_agent_version:7.59.0, domain_name:adb.local, env:prod, host:wpwvd-trms-1.adb.local, ip_subnet2:10.112, ip_subnet3:10.112.126, ip_subnet:10, monitor, os_version:windows_server_2019_datacenter, os_version_release:windows_server_2019_datacenter, os_version_windows:10.0_build_17763, platform:windows, region:azure, risk:financial, role:avd, service:trms, source:alert, system:trms, team:risk, team:windows",2025-01-27 18:42:38,[P1] [Triggered] Host Uptime Monitor:TRMS - FIN,error
AwAAAZSnRcS45t1RYwAAABhBWlNuUmNZdUFBQjNpNmVtRGtqQmpReGoAAAAkMDE5NGE3YTEtZWU3OC00OTMxLWIxYzktZjNhZGY1YjU0OWFhAAA9yg,event,"criticality:prod, env:dev, integration:azure, integration:azure_app_services, monitor, name:as-trms-ui-prd-sea, service:_trms, source:alert, team:fin",2025-01-27 18:19:15,[Recovered] [TRMS FIN UI PROD Azure App Service] Response Time Monitor - FIN,success
AwAAAZSnRa1I0QUK6AAAABhBWlNuUmE3TEFBQm5iNkpaeXVmN0tIb1oAAAAkMDE5NGE3YTEtZWU3OC00OTMxLWIxYzktZjNhZGY1YjU0OWFhAAA9yQ,event,"criticality:prod, env:dev, env:prod, integration:azure, integration:azure_app_services, monitor, name:as-trms-ui-prd-sea, service:_trms, source:alert, team:, team:fin",2025-01-27 18:19:09,[Recovered] [TRMS PROD UI Azure App Service] Response Time Monitor - FIN,success
AwAAAZSnRNpYzhFRYwAAABhBWlNuUk53SEFBREtCeXRLOEtZWDJ6bkgAAAAkMDE5NGE3YTEtZWU3OC00OTMxLWIxYzktZjNhZGY1YjU0OWFhAAA9xg,event,"criticality:prod, env:dev, integration:azure, integration:azure_app_services, monitor, name:as-trms-ui-prd-sea, service:_trms, source:alert, team:fin",2025-01-27 18:18:15,[Warn] [TRMS FIN UI PROD Azure App Service] Response Time Monitor - FIN,warning
AwAAAZSnRL8AdaiqmgAAABhBWlNuUk1JOUFBREJuemxPeUZja25rbzYAAAAkMDE5NGE3YTEtZWU3OC00OTMxLWIxYzktZjNhZGY1YjU0OWFhAAA9xA,event,"criticality:prod, env:dev, env:prod, integration:azure, integration:azure_app_services, monitor, name:as-trms-ui-prd-sea, service:_trms, source:alert, team:, team:fin",2025-01-27 18:18:08,[Warn] [TRMS PROD UI Azure App Service] Response Time Monitor - FIN,warning
AwAAAZSnPYNwuw644gAAABhBWlNuUFllSUFBQ000ZnhjNEI0X1hDemkAAAAkMDE5NGE3YTEtZWU3OC00OTMxLWIxYzktZjNhZGY1YjU0OWFhAAA9lA,event,"criticality:prod, env:dev, integration:azure, integration:azure_app_services, monitor, name:as-trms-ui-prd-sea, service:_trms, source:alert, team:fin",2025-01-27 18:10:14,[Triggered] [TRMS FIN UI PROD Azure App Service] Response Time Monitor - FIN,error
AwAAAZSnPXPQWwCg8AAAABhBWlNuUFhqSUFBQklva3dIX2x3X1Jud1YAAAAkMDE5NGE3YTEtZWU3OC00OTMxLWIxYzktZjNhZGY1YjU0OWFhAAA9kw,event,"criticality:prod, env:dev, env:prod, integration:azure, integration:azure_app_services, monitor, name:as-trms-ui-prd-sea, service:_trms, source:alert, team:, team:fin",2025-01-27 18:10:10,[Triggered] [TRMS PROD UI Azure App Service] Response Time Monitor - FIN,error
AwAAAZSnPJkQvS9KHAAAABhBWlNuUEp4VkFBQThUM1RCeFhTaWNIUUMAAAAkMDE5NGE3YTEtZWU3OC00OTMxLWIxYzktZjNhZGY1YjU0OWFhAAA9jw,event,"criticality:prod, env:dev, integration:azure, integration:azure_app_services, monitor, name:as-trms-ui-prd-sea, service:_trms, source:alert, team:fin",2025-01-27 18:09:14,[Warn] [TRMS FIN UI PROD Azure App Service] Response Time Monitor - FIN,warning
AwAAAZSnPIGgNw36TQAAABhBWlNuUElSY0FBREdHTlI4YTZ1Y1pLdlkAAAAkMDE5NGE3YTEtZWU3OC00OTMxLWIxYzktZjNhZGY1YjU0OWFhAAA9jQ,event,"criticality:prod, env:dev, env:prod, integration:azure, integration:azure_app_services, monitor, name:as-trms-ui-prd-sea, service:_trms, source:alert, team:, team:fin",2025-01-27 18:09:08,[Warn] [TRMS PROD UI Azure App Service] Response Time Monitor - FIN,warning
AwAAAZSnDtJQkfczmQAAABhBWlNuRHRjYkFBQVVoZ01WQ0ExYXVnaUYAAAAkMDE5NGE3YTEtZWU3OC00OTMxLWIxYzktZjNhZGY1YjU0OWFhAAA84w,event,"criticality:prod, env:dev, integration:azure, integration:azure_app_services, monitor, name:as-trms-ui-prd-sea, service:_trms, source:alert, team:fin",2025-01-27 17:19:14,[Recovered] [TRMS FIN UI PROD Azure App Service] Response Time Monitor - FIN,success
AwAAAZSnDr7ISazkyAAAABhBWlNuRHNHbEFBQU9RSjIwcWFiQ0FSQVQAAAAkMDE5NGE3YTEtZWU3OC00OTMxLWIxYzktZjNhZGY1YjU0OWFhAAA84Q,event,"criticality:prod, env:dev, env:prod, integration:azure, integration:azure_app_services, monitor, name:as-trms-ui-prd-sea, service:_trms, source:alert, team:, team:fin",2025-01-27 17:19:09,[Recovered] [TRMS PROD UI Azure App Service] Response Time Monitor - FIN,success
AwAAAZSnCVf4DbpZDwAAABhBWlNuQ1ZwbkFBQnpHOG5qSnh6MjVrYnoAAAAkMDE5NGE3YTEtZWU3OC00OTMxLWIxYzktZjNhZGY1YjU0OWFhAAA8sA,event,"criticality:prod, env:dev, integration:azure, integration:azure_app_services, monitor, name:as-trms-ui-prd-sea, service:_trms, source:alert, team:fin",2025-01-27 17:13:15,[Warn] [TRMS FIN UI PROD Azure App Service] Response Time Monitor - FIN,warning
AwAAAZSnCTygnQ2yzgAAABhBWlNuQ1RfekFBQVUwUWEzMFBzSW52VmQAAAAkMDE5NGE3YTEtZWU3OC00OTMxLWIxYzktZjNhZGY1YjU0OWFhAAA8rQ,event,"criticality:prod, env:dev, env:prod, integration:azure, integration:azure_app_services, monitor, name:as-trms-ui-prd-sea, service:_trms, source:alert, team:, team:fin",2025-01-27 17:13:08,[Warn] [TRMS PROD UI Azure App Service] Response Time Monitor - FIN,warning
AwAAAZSnBa54VzJ8uAAAABhBWlNuQmEtb0FBQjlWMWpZal9DNk5Cd3QAAAAkMDE5NGE3YTEtZWU3OC00OTMxLWIxYzktZjNhZGY1YjU0OWFhAAA8lg,event,"criticality:prod, env:dev, integration:azure, integration:azure_app_services, monitor, name:as-trms-ui-prd-sea, service:_trms, source:alert, team:fin",2025-01-27 17:09:15,[Triggered] [TRMS FIN UI PROD Azure App Service] Response Time Monitor - FIN,error
AwAAAZSnBZMgrjOg8AAAABhBWlNuQlpibkFBQ0Z5S3l4UGpxWnlmMloAAAAkMDE5NGE3YTEtZWU3OC00OTMxLWIxYzktZjNhZGY1YjU0OWFhAAA8kw,event,"criticality:prod, env:dev, env:prod, integration:azure, integration:azure_app_services, monitor, name:as-trms-ui-prd-sea, service:_trms, source:alert, team:, team:fin",2025-01-27 17:09:08,[Triggered] [TRMS PROD UI Azure App Service] Response Time Monitor - FIN,error
AwAAAZSm2NIYKIgTBwAAABhBWlNtMk5SdUFBQ0RhRUk5TnpfOVdVSWEAAAAkMDE5NGE3YTEtZWU3OC00OTMxLWIxYzktZjNhZGY1YjU0OWFhAAA8Gw,event,"criticality:prod, env:dev, integration:azure, integration:azure_app_services, monitor, name:as-trms-ui-prd-sea, service:_trms, source:alert, team:fin",2025-01-27 16:20:15,[Recovered] [TRMS FIN UI PROD Azure App Service] Response Time Monitor - FIN,success
AwAAAZSm2LbAoNZ5kQAAABhBWlNtMkxySUFBQzRxMmFESUNSTTJaeFAAAAAkMDE5NGE3YTEtZWU3OC00OTMxLWIxYzktZjNhZGY1YjU0OWFhAAA8Gg,event,"criticality:prod, env:dev, env:prod, integration:azure, integration:azure_app_services, monitor, name:as-trms-ui-prd-sea, service:_trms, source:alert, team:, team:fin",2025-01-27 16:20:08,[Recovered] [TRMS PROD UI Azure App Service] Response Time Monitor - FIN,success
AwAAAZSm1vlwnXteQgAAABhBWlNtMXYyckFBQXk2V1RvdFlzVE10VEQAAAAkMDE5NGE3YTEtZWU3OC00OTMxLWIxYzktZjNhZGY1YjU0OWFhAAA8FQ,event,"criticality:prod, env:dev, integration:azure, integration:azure_app_services, monitor, name:as-trms-ui-prd-sea, service:_trms, source:alert, team:fin",2025-01-27 16:18:14,[Warn] [TRMS FIN UI PROD Azure App Service] Response Time Monitor - FIN,warning
AwAAAZSm1uXobYjR8wAAABhBWlNtMXVlQkFBQUIwbzY5YzQ5VnJ3QzQAAAAkMDE5NGE3YTEtZWU3OC00OTMxLWIxYzktZjNhZGY1YjU0OWFhAAA8FA,event,"criticality:prod, env:dev, env:prod, integration:azure, integration:azure_app_services, monitor, name:as-trms-ui-prd-sea, service:_trms, source:alert, team:, team:fin",2025-01-27 16:18:09,[Warn] [TRMS PROD UI Azure App Service] Response Time Monitor - FIN,warning
AwAAAZSm0JDQXim75wAAABhBWlNtMEpVTkFBQXdMeDBfbDNFakxwTlUAAAAkMDE5NGE3YTEtZWU3OC00OTMxLWIxYzktZjNhZGY1YjU0OWFhAAA77g,event,"criticality:prod, env:dev, integration:azure, integration:azure_app_services, monitor, name:as-trms-ui-prd-sea, service:_trms, source:alert, team:fin",2025-01-27 16:11:14,[Triggered] [TRMS FIN UI PROD Azure App Service] Response Time Monitor - FIN,error
AwAAAZSm0HlgrE-L6gAAABhBWlNtMEh1ekFBQjNzdnRDeUlZZkNfQjMAAAAkMDE5NGE3YTEtZWU3OC00OTMxLWIxYzktZjNhZGY1YjU0OWFhAAA76w,event,"criticality:prod, env:dev, env:prod, integration:azure, integration:azure_app_services, monitor, name:as-trms-ui-prd-sea, service:_trms, source:alert, team:, team:fin",2025-01-27 16:11:08,[Triggered] [TRMS PROD UI Azure App Service] Response Time Monitor - FIN,error
AwAAAZSmz6pYWl5ZDwAAABhBWlNtejZzLUFBQmtMdm9ndGFpNDZ6ZjYAAAAkMDE5NGE3YTEtZWU3OC00OTMxLWIxYzktZjNhZGY1YjU0OWFhAAA73w,event,"criticality:prod, env:dev, integration:azure, integration:azure_app_services, monitor, name:as-trms-ui-prd-sea, service:_trms, source:alert, team:fin",2025-01-27 16:10:15,[Warn] [TRMS FIN UI PROD Azure App Service] Response Time Monitor - FIN,warning
AwAAAZSmz48AqAGKdgAAABhBWlNtejVJOEFBQkNERF9yS3RqRDBtbVIAAAAkMDE5NGE3YTEtZWU3OC00OTMxLWIxYzktZjNhZGY1YjU0OWFhAAA73g,event,"criticality:prod, env:dev, env:prod, integration:azure, integration:azure_app_services, monitor, name:as-trms-ui-prd-sea, service:_trms, source:alert, team:, team:fin",2025-01-27 16:10:08,[Warn] [TRMS PROD UI Azure App Service] Response Time Monitor - FIN,warning
AwAAAZSmx2kQjP8uMgAAABhBWlNteDJ5YUFBREdUakxHQTdsVjZ2bnAAAAAkMDE5NGE3YTEtZWU3OC00OTMxLWIxYzktZjNhZGY1YjU0OWFhAAA7mA,event,"criticality:prod, env:dev, integration:azure, integration:azure_app_services, monitor, name:as-trms-ui-prd-sea, service:_trms, source:alert, team:fin",2025-01-27 16:01:14,[Recovered] [TRMS FIN UI PROD Azure App Service] Response Time Monitor - FIN,success
AwAAAZSmx1Ggfv5ZDwAAABhBWlNteDFTdUFBQXVzR0sxMG5ncEZZbGgAAAAkMDE5NGE3YTEtZWU3OC00OTMxLWIxYzktZjNhZGY1YjU0OWFhAAA7lw,event,"criticality:prod, env:dev, env:prod, integration:azure, integration:azure_app_services, monitor, name:as-trms-ui-prd-sea, service:_trms, source:alert, team:, team:fin",2025-01-27 16:01:08,[Recovered] [TRMS PROD UI Azure App Service] Response Time Monitor - FIN,success
AwAAAZSmxn6wBrtWFQAAABhBWlNteG9MM0FBRGhSQzJvX3NWQkZNS1YAAAAkMDE5NGE3YTEtZWU3OC00OTMxLWIxYzktZjNhZGY1YjU0OWFhAAA7kw,event,"criticality:prod, env:dev, integration:azure, integration:azure_app_services, monitor, name:as-trms-ui-prd-sea, service:_trms, source:alert, team:fin",2025-01-27 16:00:14,[Warn] [TRMS FIN UI PROD Azure App Service] Response Time Monitor - FIN,warning
AwAAAZSmxmsoLOqHRAAAABhBWlNteG14bEFBQ25YS2g3WnB1UnY0OXIAAAAkMDE5NGE3YTEtZWU3OC00OTMxLWIxYzktZjNhZGY1YjU0OWFhAAA7kg,event,"criticality:prod, env:dev, env:prod, integration:azure, integration:azure_app_services, monitor, name:as-trms-ui-prd-sea, service:_trms, source:alert, team:, team:fin",2025-01-27 16:00:09,[Warn] [TRMS PROD UI Azure App Service] Response Time Monitor - FIN,warning
AwAAAZSmwQRYdowNFAAAABhBWlNtd1FhX0FBQ0doRmZIdU5CVXBhd3MAAAAkMDE5NGE2YzYtMzQ3OC00MWRjLWE2YzgtMGUwMjc0MTAyYzhmAABFCQ,event,"criticality:prod, env:dev, integration:azure, integration:azure_app_services, monitor, name:as-trms-ui-prd-sea, service:_trms, source:alert, team:fin",2025-01-27 15:54:15,[Triggered] [TRMS FIN UI PROD Azure App Service] Response Time Monitor - FIN,error
AwAAAZSmwOkAvxeZqgAAABhBWlNtd08wVUFBQTNVWkJDMmNMN1NzdHMAAAAkMDE5NGE2YzYtMzQ3OC00MWRjLWE2YzgtMGUwMjc0MTAyYzhmAABFBw,event,"criticality:prod, env:dev, env:prod, integration:azure, integration:azure_app_services, monitor, name:as-trms-ui-prd-sea, service:_trms, source:alert, team:, team:fin",2025-01-27 15:54:08,[Triggered] [TRMS PROD UI Azure App Service] Response Time Monitor - FIN,error
AwAAAZSmwBn4YR_upQAAABhBWlNtd0JwYkFBRGJNeU1pb2xKRURlRk4AAAAkMDE5NGE2YzYtMzQ3OC00MWRjLWE2YzgtMGUwMjc0MTAyYzhmAABFBg,event,"criticality:prod, env:dev, integration:azure, integration:azure_app_services, monitor, name:as-trms-ui-prd-sea, service:_trms, source:alert, team:fin",2025-01-27 15:53:15,[Warn] [TRMS FIN UI PROD Azure App Service] Response Time Monitor - FIN,warning
AwAAAZSmv_6gqmKZqgAAABhBWlNtd0FGMEFBREtsYVVjUExmODd5Tk4AAAAkMDE5NGE2YzYtMzQ3OC00MWRjLWE2YzgtMGUwMjc0MTAyYzhmAABFBQ,event,"criticality:prod, env:dev, env:prod, integration:azure, integration:azure_app_services, monitor, name:as-trms-ui-prd-sea, service:_trms, source:alert, team:, team:fin",2025-01-27 15:53:08,[Warn] [TRMS PROD UI Azure App Service] Response Time Monitor - FIN,warning
